application_number,application_year,coapplication,has_registration,primary_ipc_subclass,ipc_subclass_count
1019960006975,1996,False,False,H01F,1
1019960006976,1996,False,False,H01F,1
1019970068204,1997,False,True,G08G,2
1019970068205,1997,False,False,G08G,2
1019980016465,1998,False,True,B21D,1
1019980016466,1998,False,True,B21D,1
1019980030462,1998,False,False,G06F,1
1019980036785,1998,False,True,G10K,1
1019980037273,1998,False,True,H04N,1
1019980037274,1998,False,True,H04N,2
1019990010816,1999,True,False,H04L,1
1019990010817,1999,True,False,G10L,1
1019990010821,1999,False,False,G10L,1
1019990018479,1999,False,True,H10P,2
1019990030503,1999,False,True,H10P,1
1019990041111,1999,True,True,G08G,2
1019990054300,1999,True,True,G06T,1
1019990058131,1999,False,True,H04N,1
1020000001096,2000,False,False,G06T,1
1020000015406,2000,False,True,G11B,1
1020000016362,2000,False,False,H10P,1
1020000025952,2000,False,True,G09C,1
1020000027460,2000,True,True,G06K,2
1020000034760,2000,True,True,H04N,1
1020000053755,2000,True,True,H04N,1
1020000053982,2000,False,True,H10H,1
1020000056321,2000,True,True,G11B,1
1020000063650,2000,False,False,H01P,1
1020000065038,2000,True,True,G06F,1
1020000066637,2000,False,True,H10H,1
1020000068925,2000,False,True,H01S,1
1020000069268,2000,False,True,B01J,2
1020000069310,2000,False,True,H03H,3
1020000069311,2000,False,True,C30B,1
1020000071563,2000,False,True,H01S,1
1020000074446,2000,False,True,H04N,1
1020000085537,2000,False,False,H10P,1
1020010001940,2001,True,True,G07D,1
1020010002117,2001,False,False,H01P,1
1020010004826,2001,False,True,H01P,1
1020010005787,2001,False,True,H01P,1
1020010008255,2001,False,False,G11B,1
1020010014407,2001,False,True,G06T,1
1020010015240,2001,True,True,H04N,1
1020010015628,2001,False,True,G06T,1
1020010015672,2001,False,False,G06V,1
1020010019922,2001,False,True,H04N,1
1020010020014,2001,False,False,G11B,2
1020010020245,2001,False,True,B21F,1
1020010021531,2001,True,True,G11B,1
1020010021586,2001,False,True,G11B,1
1020010022245,2001,False,True,H01M,1
1020010022468,2001,False,True,F41G,1
1020010023533,2001,False,False,G11B,1
1020010023562,2001,False,False,G06F,1
1020010023984,2001,False,True,H04N,1
1020010023985,2001,True,True,G06F,3
1020010027210,2001,True,False,G06Q,1
1020010030344,2001,True,True,A47K,4
1020010032162,2001,True,True,G11B,1
1020010032616,2001,True,False,G11B,2
1020010032628,2001,True,False,G06T,1
1020010033130,2001,False,True,A63G,1
1020010033568,2001,True,False,B41M,4
1020010033752,2001,False,True,H04N,2
1020010034597,2001,False,True,H01P,1
1020010035501,2001,False,True,G06F,2
1020010039579,2001,False,True,H01P,1
1020010039842,2001,False,True,G10K,1
1020010040248,2001,False,False,G09B,2
1020010041228,2001,True,True,C07D,1
1020010041541,2001,False,True,G06T,2
1020010041578,2001,True,True,G01J,2
1020010042566,2001,True,False,G06F,2
1020010045083,2001,False,True,G06T,1
1020010045856,2001,False,False,H04L,1
1020010046523,2001,True,False,H04N,3
1020010046625,2001,True,True,G06F,2
1020010047300,2001,False,True,C08F,2
1020010049512,2001,False,True,G01B,2
1020010050226,2001,True,True,G10L,2
1020010052026,2001,True,True,G06Q,1
1020010057611,2001,False,True,H04L,1
1020010061647,2001,True,True,G06T,2
1020010062934,2001,True,True,H04N,2
1020010064245,2001,False,False,G06T,1
1020010068307,2001,True,True,G06T,1
1020010069974,2001,False,False,G06F,3
1020010070930,2001,True,True,G01N,1
1020010072908,2001,True,False,H01B,1
1020010076055,2001,False,False,G06T,1
1020010084207,2001,False,True,H04N,2
1020010084791,2001,False,True,H04L,1
1020010087155,2001,False,True,H04L,2
1020020002647,2002,False,True,G06T,1
1020020004655,2002,False,False,H04R,1
1020020004656,2002,False,False,H04R,1
1020020004658,2002,False,False,H04R,1
1020020004659,2002,False,True,H04R,1
1020020005943,2002,False,True,G06K,1
1020020006845,2002,False,True,H01S,1
1020020009994,2002,False,True,G06F,1
1020020011077,2002,False,True,H04N,1
1020020012127,2002,False,False,H04R,1
1020020013587,2002,False,True,H01P,1
1020020017626,2002,True,False,G06Q,3
1020020018465,2002,False,True,H01S,1
1020020020379,2002,False,True,H04R,1
1020020023903,2002,False,True,B42D,3
1020020024640,2002,False,True,G06V,2
1020020028258,2002,False,False,H01P,1
1020020030687,2002,False,False,G06K,2
1020020031112,2002,False,True,H04L,1
1020020031688,2002,False,True,G06T,1
1020020032381,2002,False,True,G06T,1
1020020039292,2002,True,True,C07D,1
1020020045775,2002,True,True,H04N,2
1020020052797,2002,False,False,H01Q,1
1020020057596,2002,True,True,H04L,2
1020020058676,2002,False,True,H04R,1
1020020062397,2002,True,True,H01Q,1
1020020062663,2002,False,True,H04R,1
1020020062768,2002,True,True,G11B,1
1020020066060,2002,False,False,H04W,2
1020020067728,2002,False,True,H04M,2
1020020068501,2002,False,True,G01C,3
1020020072535,2002,False,True,B60R,3
1020020073316,2002,False,True,H05B,1
1020020073719,2002,False,True,H04M,1
1020020083337,2002,True,False,H04H,3
1020020087879,2002,False,True,H04W,2
1020030005621,2003,False,True,H01P,1
1020030005850,2003,True,True,G06T,1
1020030008842,2003,False,True,H01P,2
1020030012846,2003,False,True,H10P,1
1020030014062,2003,False,True,H02J,2
1020030017891,2003,False,False,H04M,3
1020030017892,2003,False,True,H04M,1
1020030018250,2003,False,True,G06F,2
1020030019124,2003,True,True,G02B,1
1020030019125,2003,True,False,G02B,1
1020030020376,2003,True,True,G06T,1
1020030021021,2003,False,False,H04W,3
1020030021827,2003,True,True,H04N,1
1020030026248,2003,True,True,G11B,1
1020030029246,2003,False,False,G06F,2
1020030029358,2003,False,True,H03M,2
1020030031252,2003,False,True,H04N,2
1020030033093,2003,False,True,H01S,1
1020030033427,2003,False,True,G06F,1
1020030034744,2003,False,True,G06F,2
1020030036268,2003,False,True,H04M,4
1020030036598,2003,False,False,H04N,2
1020030046882,2003,True,True,G01C,1
1020030047233,2003,False,True,H10N,1
1020030047458,2003,False,True,C01G,1
1020030048345,2003,False,True,H10H,1
1020030049032,2003,False,False,G01N,1
1020030051431,2003,False,True,H10N,1
1020030054841,2003,True,True,G06F,1
1020030056570,2003,False,True,G06F,1
1020030059252,2003,False,False,H10H,1
1020030059673,2003,False,False,H10H,1
1020030060492,2003,False,True,G06F,1
1020030063376,2003,False,False,H02N,2
1020030072436,2003,False,True,H01Q,1
1020030075850,2003,False,True,H01Q,1
1020030076916,2003,True,True,C08F,1
1020030085632,2003,False,False,H04W,2
1020030085952,2003,False,True,C03B,1
1020030087205,2003,True,False,G06Q,2
1020030087344,2003,False,True,H01P,1
1020030089073,2003,False,True,H04M,2
1020030089088,2003,False,True,H04R,1
1020030094255,2003,False,True,H04N,1
1020030098113,2003,True,True,H04R,1
1020030098667,2003,True,True,H10W,1
1020030098668,2003,True,True,H04R,1
1020040000319,2004,False,True,H04N,1
1020040005076,2004,False,True,H01P,1
1020040005718,2004,True,True,B23K,1
1020040008274,2004,False,True,H04W,2
1020040016890,2004,False,True,H04M,1
1020040024134,2004,False,True,H04W,2
1020040026716,2004,False,True,A61B,1
1020040028814,2004,False,True,H04N,1
1020040031838,2004,False,True,H10N,2
1020040032234,2004,False,True,H04R,1
1020040032451,2004,False,True,H04N,2
1020040033130,2004,False,False,H04R,1
1020040033985,2004,False,True,G01S,1
1020040033996,2004,False,True,G01S,1
1020040036469,2004,False,False,H04R,1
1020040036500,2004,False,False,A61B,5
1020040037891,2004,False,True,H01S,1
1020040037959,2004,False,True,H04R,1
1020040038862,2004,False,True,H01Q,1
1020040038864,2004,False,True,H01Q,1
1020040038867,2004,False,True,C23C,2
1020040038868,2004,False,True,H01P,2
1020040038869,2004,False,True,H01Q,1
1020040038870,2004,False,True,H01P,2
1020040038871,2004,False,True,H01Q,1
1020040038872,2004,False,True,H01P,2
1020040038873,2004,False,True,H01Q,1
1020040038874,2004,False,True,H01Q,1
1020040038875,2004,False,True,H01Q,1
1020040038876,2004,False,True,H01Q,1
1020040038877,2004,False,True,H01P,2
1020040039388,2004,False,True,H04R,1
1020040043719,2004,False,True,C03B,2
1020040045816,2004,False,False,H04Q,1
1020040046476,2004,False,True,H04W,2
1020040050974,2004,False,True,H04W,3
1020040052045,2004,False,True,H04Q,1
1020040055866,2004,False,True,H01Q,1
1020040056930,2004,True,True,H04W,2
1020040061391,2004,False,False,H04B,2
1020040062042,2004,False,False,H04W,1
1020040062297,2004,False,True,H01P,2
1020040062298,2004,False,True,H01Q,2
1020040068870,2004,False,True,G06F,1
1020040069009,2004,True,False,F16C,1
1020040070101,2004,False,True,H04R,1
1020040072297,2004,True,True,H04M,2
1020040074518,2004,False,True,G06Q,2
1020040078978,2004,False,True,G05D,1
1020040081723,2004,True,False,G01S,1
1020040081727,2004,True,True,B63C,2
1020040084735,2004,True,False,H04W,2
1020040086252,2004,True,True,H04M,2
1020040086744,2004,True,True,B22D,2
1020040087291,2004,True,False,G01C,2
1020040089214,2004,False,True,H01P,2
1020040090132,2004,True,True,G06F,2
1020040090787,2004,False,False,H04N,2
1020040093594,2004,False,True,G06F,2
1020040094164,2004,False,True,F02F,1
1020040095309,2004,False,True,H04N,1
1020040097117,2004,False,True,H04R,1
1020040100886,2004,False,True,B06B,2
1020040102019,2004,False,True,H04R,1
1020040107540,2004,False,False,A61B,1
1020040115448,2004,False,True,H02K,2
1020040117568,2004,False,True,H04N,2
1020040118282,2004,False,False,F02F,1
1020050001648,2005,False,True,H04N,1
1020050001854,2005,False,True,G01C,3
1020050004134,2005,False,True,H04M,1
1020050009076,2005,False,True,C03B,1
1020050009932,2005,False,True,G01R,3
1020050011389,2005,False,True,H04R,1
1020050016242,2005,False,True,B23K,1
1020050020592,2005,False,True,H02N,2
1020050020725,2005,False,True,C03B,1
1020050021182,2005,False,False,H01F,1
1020050022113,2005,False,True,G06Q,3
1020050022349,2005,False,False,G06F,2
1020050022613,2005,False,True,H04L,2
1020050024460,2005,False,False,G06K,3
1020050024461,2005,False,False,G06Q,2
1020050024462,2005,False,False,G06Q,2
1020050024463,2005,False,False,G07F,3
1020050030552,2005,False,True,H04N,2
1020050031800,2005,False,True,H04N,1
1020050036713,2005,False,False,H04N,2
1020050041317,2005,False,True,H04W,2
1020050041318,2005,False,True,H04W,2
1020050042040,2005,False,True,H04M,1
1020050047284,2005,False,False,H04R,1
1020050069601,2005,False,True,H01F,1
1020050070523,2005,False,True,H04N,1
1020050082691,2005,True,True,H04B,1
1020050084716,2005,False,True,H10D,2
1020050084717,2005,False,True,B81B,2
1020050084857,2005,False,True,H01L,2
1020050086862,2005,False,True,H04L,1
1020050086863,2005,False,True,H04W,1
1020050086864,2005,False,True,H04B,1
1020050093760,2005,False,True,H04L,1
1020050093762,2005,False,True,H04L,1
1020050099533,2005,False,True,H04W,1
1020050101470,2005,False,True,H04W,2
1020050102513,2005,False,True,C03B,1
1020050106049,2005,False,True,H02K,1
1020050107714,2005,False,True,G06F,1
1020050109671,2005,False,True,G06F,1
1020050117614,2005,False,True,H01F,1
1020050117625,2005,False,True,C03B,1
1020060005694,2006,False,False,G06F,1
1020060005695,2006,False,False,G06F,1
1020060005696,2006,False,True,G06F,1
1020060007422,2006,False,True,A61B,1
1020060009018,2006,False,True,H01F,1
1020060012651,2006,False,True,H10N,3
1020060013142,2006,True,True,H04M,2
1020060023583,2006,False,True,G06F,2
1020060023584,2006,False,True,H04H,3
1020060024045,2006,False,True,C03B,1
1020060024048,2006,False,True,C03B,1
1020060024839,2006,False,True,H01F,1
1020060027813,2006,False,True,G06F,1
1020060032400,2006,False,True,A61B,1
1020060038952,2006,True,True,A61B,1
1020060038953,2006,True,True,A61B,1
1020060041606,2006,False,True,H02M,2
1020060051643,2006,False,False,A61B,3
1020060053082,2006,False,True,F16C,1
1020060055016,2006,False,True,H04R,4
1020060055760,2006,True,True,G06F,1
1020060057016,2006,False,True,C21D,1
1020060067792,2006,False,True,H02P,2
1020060067793,2006,False,True,H02P,1
1020060076054,2006,False,True,H04M,2
1020060081781,2006,False,False,H04N,2
1020060085439,2006,False,False,H04N,2
1020060090534,2006,False,True,B29C,3
1020060090544,2006,False,True,H04R,1
1020060094154,2006,False,True,H04W,1
1020060109518,2006,False,True,G02B,2
1020060113524,2006,False,True,H04B,1
1020060116871,2006,True,True,G11C,2
1020060118167,2006,False,False,G06F,1
1020060123762,2006,False,False,A61N,1
1020060124426,2006,False,True,B06B,3
1020070003946,2007,False,True,G06Q,1
1020070004932,2007,False,False,F16C,1
1020070008948,2007,False,True,G02B,3
1020070009350,2007,False,True,G06Q,1
1020070011379,2007,False,True,B62K,2
1020070012193,2007,False,True,H02P,2
1020070015273,2007,False,False,A01K,1
1020070015280,2007,False,False,G08B,2
1020070029788,2007,False,True,A61N,1
1020070045638,2007,False,True,G08G,3
1020070047197,2007,False,True,H04N,2
1020070048252,2007,False,True,G06Q,4
1020070055095,2007,False,True,G06F,1
1020070055237,2007,False,True,H04W,3
1020070062355,2007,True,False,G06K,2
1020070065812,2007,False,True,G06F,1
1020070066210,2007,False,True,H04N,1
1020070067116,2007,False,True,G06Q,3
1020070070865,2007,False,True,A61B,2
1020070073075,2007,False,False,G06Q,2
1020070074371,2007,False,True,G08G,2
1020070075271,2007,False,True,G01J,2
1020070075709,2007,False,True,H10F,1
1020070078944,2007,False,True,G06Q,2
1020070079455,2007,False,True,G06F,1
1020070082168,2007,False,True,H04R,1
1020070082485,2007,False,True,G06F,1
1020070083493,2007,False,True,H04B,2
1020070084365,2007,False,True,G06F,1
1020070090610,2007,False,True,A61B,2
1020070094762,2007,False,False,H04R,2
1020070094894,2007,False,True,A61B,3
1020070094904,2007,False,False,G04B,3
1020070105621,2007,False,True,G06F,2
1020070106317,2007,False,True,H01F,3
1020070107117,2007,False,True,H04B,2
1020070107155,2007,False,True,G06F,1
1020070107325,2007,False,True,C08G,2
1020070109745,2007,False,False,F41G,2
1020070120860,2007,False,True,H01F,1
1020070121057,2007,False,True,G06Q,3
1020070121360,2007,True,True,H04L,1
1020070121540,2007,False,True,G06Q,3
1020070126560,2007,False,True,G02B,1
1020070126689,2007,False,True,G06F,1
1020070126690,2007,False,True,G06F,1
1020070127841,2007,False,True,H04N,1
1020070129995,2007,False,True,G01S,2
1020070132402,2007,False,True,C30B,1
1020070140088,2007,False,True,H04B,1
1020080003044,2008,False,False,H10H,1
1020080003848,2008,False,True,H04N,3
1020080004973,2008,False,True,H04N,1
1020080013661,2008,True,True,C08K,3
1020080014455,2008,False,True,G01P,2
1020080014809,2008,False,False,G01T,2
1020080016919,2008,False,True,H04N,2
1020080016922,2008,False,True,G06T,1
1020080021572,2008,False,False,G06F,1
1020080022462,2008,False,True,G06F,1
1020080024464,2008,False,True,G06F,1
1020080025406,2008,False,True,G06Q,2
1020080025821,2008,False,True,G06Q,1
1020080029295,2008,False,True,H04N,1
1020080029697,2008,False,True,G01B,2
1020080035286,2008,False,True,G06T,1
1020080036377,2008,False,True,H04N,2
1020080036778,2008,False,True,G01D,2
1020080038934,2008,False,True,H04N,1
1020080042937,2008,True,True,F16C,1
1020080044038,2008,False,True,H04N,1
1020080045414,2008,True,True,H02S,2
1020080046775,2008,False,True,G01J,1
1020080046777,2008,False,True,H10F,3
1020080048009,2008,True,False,H01Q,1
1020080051721,2008,False,True,G06F,2
1020080053341,2008,False,True,H04L,2
1020080054321,2008,False,True,G06Q,1
1020080056987,2008,False,False,G02B,2
1020080063541,2008,False,True,B25J,3
1020080063883,2008,False,True,G06Q,2
1020080064512,2008,False,True,G06T,1
1020080065180,2008,False,True,H04N,3
1020080065307,2008,False,True,H04M,3
1020080065416,2008,True,True,G01S,2
1020080069263,2008,False,True,G06F,3
1020080069693,2008,False,False,G06F,1
1020080070073,2008,False,True,H10D,2
1020080070238,2008,False,True,H04N,1
1020080071798,2008,False,True,H01Q,2
1020080074461,2008,False,True,H04N,1
1020080075103,2008,False,True,G06F,1
1020080077656,2008,False,True,G06T,2
1020080078793,2008,True,False,G06F,2
1020080079618,2008,False,True,H04N,1
1020080079917,2008,True,True,G06F,2
1020080081825,2008,True,False,G06F,3
1020080084148,2008,True,True,H04L,1
1020080084949,2008,True,True,G02B,4
1020080085651,2008,False,True,H04N,2
1020080092561,2008,False,True,H04N,2
1020080095475,2008,False,False,H04M,1
1020080099488,2008,False,False,H04W,3
1020080101423,2008,False,False,G06F,1
1020080102129,2008,False,True,G02B,2
1020080108979,2008,False,True,H01Q,1
1020080109360,2008,False,True,G02B,1
1020080112928,2008,True,True,H04N,1
1020080113939,2008,False,True,G06F,4
1020080115011,2008,False,True,H04N,2
1020080119333,2008,False,True,G06F,3
1020080125332,2008,False,True,H01S,1
1020080127894,2008,False,True,G06K,2
1020080137428,2008,False,True,H02K,1
1020090003846,2009,False,True,A61B,1
1020090008964,2009,False,True,G06F,1
1020090009700,2009,False,False,H02N,3
1020090010782,2009,False,True,H04M,2
1020090016848,2009,False,True,H04R,3
1020090021467,2009,False,True,H04N,1
1020090023403,2009,False,True,H10H,1
1020090027100,2009,False,True,G06F,1
1020090027707,2009,True,True,G01B,3
1020090029743,2009,False,False,F16H,1
1020090031356,2009,False,True,H04N,2
1020090031370,2009,False,True,H04L,1
1020090034623,2009,True,True,G02B,2
1020090035235,2009,True,True,G01C,4
1020090038636,2009,False,True,B62B,2
1020090038956,2009,False,False,A42B,3
1020090039760,2009,False,False,B06B,3
1020090041339,2009,False,True,G06F,1
1020090044115,2009,True,False,H04Q,2
1020090045893,2009,True,False,F02F,2
1020090045894,2009,True,False,F02F,2
1020090046371,2009,False,True,H04L,1
1020090049710,2009,False,True,H02K,1
1020090050282,2009,False,True,B62M,2
1020090050283,2009,False,True,B62M,2
1020090050284,2009,False,True,B62M,2
1020090050286,2009,False,True,B62M,2
1020090050289,2009,False,True,B62M,3
1020090059939,2009,False,False,H04R,1
1020090064519,2009,False,False,G06Q,1
1020090076374,2009,False,True,C03B,2
1020090076396,2009,False,True,A61B,2
1020090083465,2009,False,True,H02H,1
1020090091006,2009,False,False,H02H,2
1020090097392,2009,False,True,A61G,2
1020090100564,2009,True,True,H04L,1
1020090105333,2009,False,True,H02K,1
1020090105335,2009,False,True,H02K,1
1020090105336,2009,False,True,H02P,1
1020090105812,2009,False,False,A61B,2
1020090108742,2009,False,True,H04W,1
1020090119853,2009,False,True,H04R,1
1020090121753,2009,False,True,B62H,3
1020090123582,2009,False,False,H01F,1
1020090128779,2009,False,True,G01C,4
1020090133821,2009,False,False,A61B,2
1020090133822,2009,False,False,A61B,2
1020090134042,2009,False,False,G07C,4
1020097006029,2006,True,True,A61B,1
1020100001706,2010,False,True,B62H,4
1020100007994,2010,True,False,H04L,1
1020100012545,2010,False,True,H04N,1
1020100014095,2010,False,False,G06Q,2
1020100015377,2010,False,True,H04L,3
1020100017713,2010,False,True,H04R,1
1020100023811,2010,False,True,G06F,2
1020100028015,2010,False,True,H04M,4
1020100029524,2010,False,True,G06F,1
1020100030001,2010,False,True,G06F,1
1020100033356,2010,False,True,H01H,1
1020100035197,2010,False,True,G06Q,5
1020100035370,2010,False,False,G01S,1
1020100035645,2010,False,False,G06F,1
1020100040015,2010,True,False,G06F,3
1020100040270,2010,False,True,A61B,1
1020100043430,2010,True,True,C09D,3
1020100044044,2010,True,True,A61N,1
1020100045027,2010,False,True,G06F,1
1020100045210,2010,False,True,A61N,1
1020100046512,2010,False,True,G06F,2
1020100049865,2010,True,False,B64F,2
1020100050238,2010,False,True,H01F,2
1020100053212,2010,False,False,G06Q,3
1020100054910,2010,False,True,G06F,1
1020100057044,2010,False,True,G06F,2
1020100057849,2010,False,True,B64U,3
1020100060272,2010,False,True,G01B,3
1020100061987,2010,False,True,H04N,3
1020100066404,2010,False,True,G06F,1
1020100069336,2010,False,True,G07C,2
1020100070932,2010,False,True,G05D,2
1020100074750,2010,False,True,G01B,4
1020100074765,2010,False,True,G06Q,2
1020100075518,2010,False,True,G01J,2
1020100077428,2010,False,True,G09B,2
1020100078256,2010,False,True,H01F,1
1020100079417,2010,False,True,G06Q,2
1020100085699,2010,False,False,H04R,1
1020100087373,2010,False,True,G02B,1
1020100088722,2010,True,True,H04N,2
1020100090091,2010,False,False,G01C,3
1020100092460,2010,True,False,H04N,1
1020100100342,2010,False,False,G06Q,2
1020100104257,2010,False,False,A61B,2
1020100105476,2010,False,True,A61B,2
1020100115859,2010,False,True,G02B,3
1020100120828,2010,False,True,C23C,1
1020100123154,2010,True,False,G06F,1
1020100124814,2010,False,True,H04W,1
1020100124815,2010,False,True,G09B,1
1020100124817,2010,False,False,G06F,2
1020100128286,2010,False,True,H04W,2
1020100129237,2010,False,True,A01D,1
1020100129757,2010,False,True,H04W,2
1020100133501,2010,False,False,H04Q,2
1020100133511,2010,False,False,G06F,1
1020100134152,2010,False,True,G06K,1
1020100137054,2010,False,False,G01C,2
1020110008282,2011,False,False,G06Q,1
1020110009735,2011,False,False,G06T,1
1020110009736,2011,False,False,G06F,1
1020110009737,2011,False,False,G06F,2
1020110015410,2011,False,False,G06Q,1
1020110016933,2011,False,True,A61N,2
1020110020513,2011,True,False,G16C,3
1020110023800,2011,False,True,H02K,1
1020110023801,2011,False,True,H02K,1
1020110024862,2011,False,True,G06F,1
1020110027698,2011,False,False,G06Q,3
1020110030350,2011,False,False,H10N,3
1020110034268,2011,False,True,H04R,1
1020110039922,2011,False,True,H04W,2
1020110040355,2011,False,True,G06F,1
1020110040885,2011,False,True,H04R,1
1020110043696,2011,False,True,H04B,2
1020110043697,2011,False,True,H04B,1
1020110044977,2011,True,False,G06F,1
1020110044993,2011,False,True,H02K,3
1020110045276,2011,True,True,H03H,3
1020110046213,2011,False,True,G01S,1
1020110046225,2011,False,True,G01S,2
1020110046230,2011,False,True,G01S,1
1020110048283,2011,True,True,G01N,1
1020110051809,2011,False,True,G01B,3
1020110052035,2011,True,True,F41G,3
1020110060101,2011,False,True,H04W,3
1020110063085,2011,False,False,G01S,1
1020110063472,2011,False,True,H04N,2
1020110063473,2011,False,False,B64U,2
1020110063474,2011,False,True,G05D,2
1020110065778,2011,False,True,G01B,2
1020110067730,2011,False,True,G08B,3
1020110067737,2011,False,True,H04R,1
1020110071944,2011,False,True,H01F,2
1020110073623,2011,False,True,G02B,2
1020110076399,2011,False,False,G06F,3
1020110080926,2011,False,False,B64D,2
1020110087319,2011,False,True,G02B,2
1020110090754,2011,False,True,H04R,1
1020110091596,2011,False,True,H10P,2
1020110091597,2011,False,False,G01J,1
1020110092953,2011,False,True,G06F,1
1020110095412,2011,False,True,H04R,1
1020110098851,2011,False,True,H04N,1
1020110099723,2011,False,True,G01P,2
1020110099976,2011,False,True,H10W,2
1020110104132,2011,False,True,H04R,1
1020110105245,2011,False,False,G06Q,3
1020110108138,2011,False,True,H04R,1
1020110108141,2011,False,True,H04R,1
1020110109028,2011,False,True,G06T,1
1020110111128,2011,False,True,G06T,1
1020110116411,2011,False,False,G06Q,3
1020110118359,2011,False,True,G01R,2
1020110126400,2011,False,False,B22F,2
1020110126470,2011,False,False,H01M,2
1020110126471,2011,False,False,H01M,1
1020110126472,2011,False,True,H01M,1
1020110126473,2011,False,True,H01M,1
1020110126474,2011,False,True,H01M,1
1020110127016,2011,False,True,G06T,1
1020110131294,2011,False,False,G02B,3
1020110131295,2011,False,False,F41H,3
1020110132095,2011,False,True,H04N,2
1020110134256,2011,False,False,H01M,1
1020110134257,2011,False,False,H01M,1
1020110134794,2011,False,True,H04R,1
1020110136161,2011,False,True,G01S,1
1020110140448,2011,False,True,H01S,1
1020110145060,2011,False,True,G01S,1
1020110145979,2011,False,True,H04N,1
1020120004977,2012,False,True,G03B,3
1020120004978,2012,False,True,G03B,3
1020120005907,2012,False,True,G01C,3
1020120010901,2012,False,True,C03B,2
1020120011399,2012,False,True,G01B,4
1020120014159,2012,False,True,G21C,1
1020120014168,2012,True,True,G08B,4
1020120016975,2012,False,True,G01S,1
1020120021227,2012,False,True,H02N,3
1020120025438,2012,False,False,G06Q,1
1020120025917,2012,False,True,H04N,2
1020120026285,2012,False,True,A45C,3
1020120030611,2012,False,False,G06Q,2
1020120031618,2012,False,True,G06Q,1
1020120033591,2012,False,False,G06Q,1
1020120033930,2012,True,True,H02K,2
1020120042622,2012,False,True,G01M,4
1020120044085,2012,False,True,G06Q,2
1020120044576,2012,False,False,G06Q,1
1020120047681,2012,False,True,F41G,2
1020120051426,2012,False,False,G01S,1
1020120051800,2012,True,True,G01H,2
1020120055623,2012,False,True,G01S,1
1020120060855,2012,False,True,G02B,1
1020120060856,2012,False,True,G02B,1
1020120061026,2012,False,True,G06F,2
1020120063212,2012,False,True,H04R,1
1020120064887,2012,False,True,G06F,1
1020120065742,2012,True,True,G08B,2
1020120065996,2012,False,True,H04Q,1
1020120067378,2012,False,False,G06F,1
1020120070507,2012,False,True,H02J,3
1020120070509,2012,False,True,H05K,2
1020120072974,2012,False,False,G01B,3
1020120081463,2012,False,True,H04B,1
1020120083629,2012,False,True,G06F,1
1020120086491,2012,False,False,F41G,1
1020120086808,2012,False,True,G02B,1
1020120086809,2012,False,True,G02B,2
1020120088537,2012,False,True,H04R,1
1020120090468,2012,False,True,G06F,1
1020120092857,2012,False,True,G06F,1
1020120095951,2012,False,True,G01S,1
1020120099128,2012,False,True,H04B,3
1020120099865,2012,False,False,G08B,2
1020120102189,2012,False,True,H04M,1
1020120102199,2012,False,True,H04M,1
1020120103918,2012,False,True,H10F,1
1020120103919,2012,False,True,G02B,1
1020120104626,2012,True,True,G02B,1
1020120104628,2012,True,True,H04B,1
1020120105653,2012,False,True,H10W,1
1020120109010,2012,False,True,G01S,1
1020120109015,2012,False,True,G05D,3
1020120110449,2012,True,True,G02B,3
1020120114778,2012,False,True,H04W,2
1020120117095,2012,False,True,F16H,1
1020120121400,2012,False,True,H04W,1
1020120135290,2012,False,True,G01R,2
1020120142571,2012,False,True,H04R,1
1020120148708,2012,False,True,H04N,1
1020120154101,2012,True,False,H01B,4
1020120154359,2012,True,True,B21B,1
1020130002200,2013,False,True,G02B,2
1020130004047,2013,True,False,B64D,3
1020130006824,2013,False,True,H10W,1
1020130007570,2013,False,False,H10W,1
1020130007620,2013,False,True,H04R,1
1020130008101,2013,False,True,G06Q,1
1020130010758,2013,False,False,G01S,1
1020130017579,2013,False,True,H02K,1
1020130020070,2013,False,True,B64C,1
1020130022196,2013,False,False,A61B,3
1020130022203,2013,False,True,G06T,1
1020130023627,2013,False,True,G06F,2
1020130024098,2013,True,True,G06Q,2
1020130029035,2013,False,True,G06T,2
1020130029270,2013,False,True,H04R,1
1020130034729,2013,False,True,G01J,1
1020130036432,2013,False,True,H01B,1
1020130041198,2013,False,True,H04N,1
1020130042049,2013,False,False,H04B,1
1020130043169,2013,False,True,H02K,1
1020130045524,2013,True,False,H01S,1
1020130050892,2013,False,True,H04N,1
1020130051307,2013,False,True,H04N,1
1020130053246,2013,False,True,G06F,1
1020130055310,2013,False,True,G01S,1
1020130055439,2013,False,False,G01S,1
1020130056603,2013,False,True,F41G,3
1020130057197,2013,False,True,H04N,3
1020130059288,2013,False,True,H04R,1
1020130059680,2013,False,True,G01C,1
1020130061972,2013,False,True,H04N,2
1020130062767,2013,True,True,H01Q,1
1020130065868,2013,False,True,H04N,1
1020130068457,2013,False,True,H02K,2
1020130069599,2013,False,True,A61F,3
1020130069751,2013,False,True,H04L,1
1020130070836,2013,False,True,H04Q,3
1020130074260,2013,False,True,H04L,1
1020130079509,2013,True,True,H01Q,2
1020130083335,2013,False,True,H02K,1
1020130093501,2013,False,False,G06Q,2
1020130094007,2013,False,True,G01R,2
1020130094021,2013,False,True,G02B,1
1020130094961,2013,False,True,G01J,1
1020130095627,2013,False,True,H04N,1
1020130097753,2013,False,True,G06F,1
1020130100265,2013,False,True,G06F,1
1020130106169,2013,False,True,G06F,1
1020130106170,2013,False,False,G06Q,2
1020130110553,2013,False,True,G08B,3
1020130111319,2013,True,True,G04C,1
1020130114262,2013,False,True,H04W,2
1020130117917,2013,False,False,G06F,1
1020130118163,2013,False,True,H02K,3
1020130119797,2013,False,True,G06F,2
1020130120519,2013,False,False,G08B,1
1020130124688,2013,False,True,G06T,1
1020130131398,2013,False,True,H04R,1
1020130137640,2013,False,True,G01R,3
1020130140979,2013,False,True,G02B,2
1020130145708,2013,True,True,H04N,2
1020130150851,2013,False,True,H04R,1
1020130150852,2013,False,True,H04R,1
1020130150853,2013,False,False,H04R,1
1020130150953,2013,False,True,F41G,2
1020130150954,2013,False,False,F41G,2
1020130150956,2013,False,True,G02B,2
1020130155311,2013,False,True,G01N,2
1020130164153,2013,False,True,G06F,1
1020130165233,2013,False,True,G21C,2
1020130168367,2013,True,True,G21C,3
1020140003510,2014,False,False,G06Q,1
1020140005320,2014,False,True,G06F,1
1020140009133,2014,False,True,G06T,2
1020140011008,2014,False,True,B64U,2
1020140011333,2014,True,True,G06T,3
1020140011453,2014,False,True,G06T,2
1020140013105,2014,False,True,G04C,2
1020140013730,2014,False,True,H01Q,2
1020140014381,2014,False,True,B64F,4
1020140014382,2014,False,True,H02G,4
1020140014653,2014,False,True,G06T,2
1020140015897,2014,False,True,B64D,1
1020140017502,2014,False,True,G02B,1
1020140018220,2014,False,True,H04N,1
1020140026596,2014,True,False,F02D,1
1020140026788,2014,False,True,H04R,1
1020140028717,2014,True,True,H04N,1
1020140036945,2014,False,True,G06Q,1
1020140038056,2014,False,True,G21C,1
1020140038847,2014,True,True,G02B,1
1020140041459,2014,False,True,G06F,1
1020140044057,2014,False,True,H04W,1
1020140044058,2014,False,True,H04W,1
1020140044617,2014,True,False,F02C,4
1020140047730,2014,False,True,H02K,1
1020140047732,2014,False,True,H02K,1
1020140047733,2014,False,True,H02K,1
1020140048372,2014,False,False,G06F,1
1020140048737,2014,False,True,H04R,1
1020140051735,2014,False,True,H04N,1
1020140051736,2014,False,True,H04N,1
1020140053941,2014,False,True,G06F,2
1020140056515,2014,False,True,B60W,1
1020140057223,2014,False,True,H04R,1
1020140057653,2014,False,True,B62D,4
1020140060078,2014,False,True,G01N,4
1020140060079,2014,False,True,B63J,2
1020140061522,2014,False,True,H04L,2
1020140062509,2014,False,True,H04R,1
1020140078979,2014,False,True,G06T,1
1020140080679,2014,True,True,G06F,1
1020140086165,2014,True,True,H10N,1
1020140092042,2014,False,True,G06Q,1
1020140093414,2014,True,True,H04N,2
1020140096617,2014,False,True,H04N,1
1020140102645,2014,False,True,B60W,2
1020140104250,2014,False,True,G01S,1
1020140111782,2014,False,True,G08B,2
1020140116756,2014,False,False,H02K,2
1020140116757,2014,False,True,H04R,1
1020140120968,2014,False,True,H04R,1
1020140121955,2014,True,False,G06F,1
1020140124427,2014,False,True,H02K,1
1020140124441,2014,False,True,F16H,1
1020140124482,2014,False,True,F16M,1
1020140127533,2014,False,True,F04B,3
1020140128916,2014,False,True,G01M,6
1020140131413,2014,True,True,G01S,1
1020140131835,2014,True,False,H03M,1
1020140136215,2014,False,True,G06K,1
1020140141601,2014,True,True,F41J,3
1020140145058,2014,False,True,G01S,1
1020140145252,2014,False,False,H04R,1
1020140148435,2014,False,False,G02B,1
1020140172177,2014,False,True,H04N,1
1020140172827,2014,False,False,G06Q,3
1020140173383,2014,False,False,G01J,1
1020140173384,2014,False,True,G01J,1
1020140173385,2014,False,True,F41G,1
1020140173392,2014,False,True,G02B,2
1020140175332,2014,False,False,G02B,2
1020140175333,2014,False,True,G02B,2
1020140179548,2014,False,True,G06F,1
1020140180000,2014,False,True,G08G,4
1020140180745,2014,False,True,G02B,1
1020140181859,2014,False,True,G02B,1
1020140184884,2014,False,True,G01S,3
1020140190746,2014,False,True,G02B,1
1020140192002,2014,False,True,H04W,1
1020140193005,2014,False,True,H04N,3
1020140193006,2014,False,True,H04N,2
1020140194268,2014,False,True,G06F,2
1020140194269,2014,False,True,H04N,2
1020140194890,2014,False,True,H04W,1
1020150001152,2015,True,True,G06F,1
1020150003159,2015,False,True,H02N,1
1020150004441,2015,False,True,H02K,1
1020150009213,2015,False,True,G06F,1
1020150013338,2015,True,True,H04N,2
1020150015384,2015,False,False,H04N,1
1020150015893,2015,False,True,G08G,2
1020150015895,2015,False,False,H04N,2
1020150020147,2015,False,True,G06F,1
1020150020149,2015,False,False,G06F,1
1020150021539,2015,False,True,H04R,1
1020150022548,2015,False,True,G06Q,2
1020150023544,2015,False,True,H04R,1
1020150024368,2015,False,True,G01J,1
1020150024997,2015,False,False,H02K,1
1020150029002,2015,True,True,H04N,1
1020150033809,2015,False,True,G06F,1
1020150036986,2015,False,True,G02B,3
1020150037511,2015,False,False,H03F,1
1020150051592,2015,True,True,G01S,2
1020150053349,2015,False,False,G06F,1
1020150053416,2015,False,False,G02B,2
1020150063179,2015,False,True,G06F,1
1020150063808,2015,False,True,G01S,1
1020150064831,2015,False,False,B63J,2
1020150064843,2015,False,True,F02M,2
1020150068973,2015,False,False,F02M,2
1020150069451,2015,False,True,G01S,2
1020150069808,2015,False,True,F02C,2
1020150080899,2015,True,True,H01B,2
1020150082648,2015,False,True,B64U,3
1020150082652,2015,False,False,G01S,3
1020150082663,2015,False,True,G06F,3
1020150092479,2015,False,True,G02B,1
1020150101020,2015,False,False,G02B,1
1020150101215,2015,False,True,H02N,1
1020150104859,2015,False,True,H02K,1
1020150109532,2015,False,False,H04N,2
1020150111428,2015,False,True,H04R,1
1020150119457,2015,False,False,G08G,3
1020150119977,2015,False,True,C03B,2
1020150124575,2015,False,True,H04L,1
1020150131003,2015,False,False,G08B,3
1020150133810,2015,False,True,B64D,1
1020150137411,2015,False,False,G01N,2
1020150137417,2015,False,False,B32B,2
1020150144863,2015,False,True,H04R,3
1020150145667,2015,True,True,G01S,1
1020150151616,2015,True,True,B63B,2
1020150152611,2015,False,True,G02B,2
1020150154959,2015,False,True,C01B,1
1020150156992,2015,True,True,G01S,2
1020150157018,2015,False,True,G05B,1
1020150157764,2015,False,False,H03F,3
1020150158327,2015,False,True,G05D,3
1020150158328,2015,False,True,B64U,3
1020150159201,2015,False,True,H04N,1
1020150160240,2015,False,True,H04L,1
1020150160810,2015,False,True,H04L,2
1020150166023,2015,False,True,B64U,1
1020150173183,2015,False,False,G06F,3
1020150173805,2015,False,False,H04N,1
1020150177975,2015,True,True,G01S,3
1020150180373,2015,False,False,H02M,1
1020150180379,2015,False,True,H02M,1
1020150180396,2015,False,True,H03K,1
1020150183430,2015,False,False,H04L,1
1020150183518,2015,False,True,B64C,3
1020150187698,2015,False,True,G03H,2
1020150188173,2015,False,False,G03H,3
1020150188218,2015,False,False,H10D,1
1020150188688,2015,False,True,H04L,2
1020150188697,2015,False,True,H04L,1
1020150188842,2015,False,False,G01P,2
1020150188873,2015,False,True,G01H,4
1020157014026,2015,False,True,G06T,2
1020160002149,2016,True,True,H04N,2
1020160002257,2016,False,True,H04N,1
1020160004447,2016,False,False,G02B,1
1020160009413,2016,False,True,B60Q,2
1020160010108,2016,False,True,H04N,1
1020160011797,2016,False,False,H04N,1
1020160016148,2016,False,False,G02B,2
1020160016943,2016,False,False,H10D,1
1020160020874,2016,False,True,H04R,2
1020160025392,2016,False,True,B64C,3
1020160031363,2016,False,False,G06T,2
1020160040244,2016,False,True,H04R,2
1020160041394,2016,False,False,H10H,2
1020160042227,2016,False,True,H04R,2
1020160045139,2016,False,True,G09B,2
1020160045978,2016,False,True,H01Q,1
1020160047549,2016,False,True,H10D,1
1020160047550,2016,False,True,H10D,1
1020160047552,2016,False,True,H10D,1
1020160047555,2016,False,True,H10D,1
1020160048978,2016,False,True,H04L,2
1020160051707,2016,False,False,B64D,1
1020160054235,2016,False,True,G02B,3
1020160054239,2016,False,True,G01J,3
1020160057556,2016,False,True,G01S,1
1020160059682,2016,True,True,H04W,1
1020160060148,2016,False,False,H03H,3
1020160060166,2016,False,True,H03F,1
1020160061075,2016,False,False,F02C,2
1020160061125,2016,True,True,G08B,3
1020160062743,2016,False,False,G01N,2
1020160064027,2016,False,False,F02C,1
1020160070943,2016,False,True,H04W,1
1020160071686,2016,False,True,H04R,2
1020160072123,2016,False,True,H01S,2
1020160072881,2016,False,True,B32B,2
1020160073781,2016,False,True,G06F,2
1020160077839,2016,False,True,H10W,1
1020160080632,2016,True,True,B64C,1
1020160081834,2016,False,True,G08B,1
1020160083472,2016,False,True,H01M,1
1020160086661,2016,False,False,H05K,2
1020160086956,2016,False,True,G06F,2
1020160090173,2016,False,True,H04N,2
1020160093600,2016,False,True,H04N,1
1020160093601,2016,False,True,H04N,1
1020160094280,2016,False,True,G06F,1
1020160096695,2016,False,True,G06Q,2
1020160100204,2016,False,True,G06F,1
1020160104319,2016,False,True,G06Q,2
1020160110856,2016,False,True,G21C,2
1020160113066,2016,False,True,G04G,2
1020160113071,2016,False,True,G01R,1
1020160114459,2016,False,True,H03K,2
1020160115528,2016,False,True,H01Q,2
1020160115653,2016,False,False,H04N,1
1020160115656,2016,False,False,H04N,1
1020160129977,2016,False,True,B60H,2
1020160130806,2016,False,True,A61N,4
1020160132703,2016,False,False,G09F,2
1020160132927,2016,False,True,G06F,3
1020160133842,2016,False,True,H04R,1
1020160133844,2016,False,True,H04R,1
1020160133848,2016,False,True,H04R,1
1020160135617,2016,False,True,G06T,2
1020160138275,2016,False,True,F16K,2
1020160139247,2016,False,False,H01M,1
1020160140893,2016,False,True,G01S,1
1020160141149,2016,False,True,H04N,2
1020160142080,2016,False,False,B22F,1
1020160146346,2016,False,True,H03H,2
1020160151879,2016,False,False,G01S,1
1020160151880,2016,False,False,G06T,1
1020160154743,2016,False,True,G01M,3
1020160155817,2016,False,True,G01N,3
1020160157707,2016,False,True,H04R,1
1020160157969,2016,False,True,G02B,2
1020160157970,2016,False,True,G02B,2
1020160160614,2016,True,True,H04B,1
1020160160750,2016,True,False,G06K,1
1020160161508,2016,False,True,H04N,1
1020160162522,2016,False,True,G01S,1
1020160164818,2016,False,False,G05D,2
1020160165350,2016,False,False,G06Q,2
1020160165995,2016,False,False,H10D,2
1020160166178,2016,False,False,B22F,2
1020160167161,2016,False,False,H04R,1
1020160169806,2016,False,True,H10D,3
1020160169819,2016,False,False,H10P,2
1020160169835,2016,False,False,H10D,3
1020160171755,2016,False,False,G06F,2
1020160171765,2016,False,False,G06T,2
1020160174358,2016,True,False,G01L,1
1020160174359,2016,True,False,G01L,1
1020160174360,2016,True,False,G01L,1
1020160179630,2016,False,True,H04N,1
1020160180134,2016,False,True,H04L,2
1020160182121,2016,False,True,H04L,1
1020160182718,2016,False,True,G06F,2
1020160182804,2016,False,True,G06Q,2
1020160182952,2016,False,False,G02B,1
1020160183543,2016,False,True,G06F,2
1020160183544,2016,False,True,G06F,1
1020160184256,2016,False,False,H02J,1
1020170000677,2017,False,True,H04L,1
1020170001755,2017,False,False,G16H,6
1020170004336,2017,False,False,G01S,1
1020170008942,2017,False,True,G02B,2
1020170012401,2017,False,True,G06T,2
1020170013978,2017,False,True,G01C,2
1020170014209,2017,False,True,G01S,2
1020170014477,2017,True,True,B64C,4
1020170018217,2017,False,True,F01B,2
1020170018528,2017,False,True,H01Q,1
1020170019530,2017,False,True,H04N,1
1020170019777,2017,False,True,G01S,3
1020170020698,2017,False,True,H04R,1
1020170026955,2017,False,True,A62C,3
1020170026957,2017,False,True,G21C,3
1020170028132,2017,False,True,G01M,2
1020170028143,2017,False,True,G01M,2
1020170028273,2017,False,False,C03C,2
1020170028745,2017,False,True,H04N,1
1020170028756,2017,False,True,H04N,1
1020170029009,2017,False,True,G21C,1
1020170029892,2017,False,True,G01M,2
1020170031066,2017,False,True,H04R,1
1020170032405,2017,False,False,G09B,2
1020170032501,2017,False,False,G06T,2
1020170032516,2017,False,False,G06T,1
1020170039871,2017,False,True,G01C,3
1020170041545,2017,True,True,A61B,3
1020170044816,2017,False,False,H02P,2
1020170045614,2017,False,True,G06Q,2
1020170045776,2017,False,True,H04R,1
1020170047141,2017,False,True,H05K,1
1020170047475,2017,False,True,H02P,2
1020170049299,2017,False,False,H01Q,1
1020170054918,2017,False,True,G01S,3
1020170055529,2017,False,False,F16D,2
1020170055840,2017,False,True,H04R,1
1020170057445,2017,False,True,G08B,4
1020170058992,2017,False,True,G05D,3
1020170059538,2017,True,False,H02J,2
1020170059965,2017,False,False,G02B,1
1020170061463,2017,False,True,B64C,2
1020170063288,2017,False,True,H04N,1
1020170064384,2017,False,True,B64U,3
1020170064795,2017,False,True,G05B,1
1020170067097,2017,False,True,G01S,1
1020170067310,2017,False,False,G01N,1
1020170067318,2017,False,False,G06F,1
1020170067472,2017,False,True,H04R,1
1020170069644,2017,False,False,G06F,3
1020170070514,2017,False,True,B64D,3
1020170081610,2017,False,True,H04R,1
1020170082040,2017,False,True,G01S,6
1020170082041,2017,False,True,G01S,5
1020170082441,2017,False,True,G06T,2
1020170082448,2017,False,True,G06F,2
1020170082454,2017,False,True,H04N,2
1020170085069,2017,False,True,H04N,1
1020170086169,2017,False,True,H01Q,2
1020170087021,2017,False,True,H04B,3
1020170087545,2017,False,True,G08G,1
1020170089422,2017,False,True,H04R,1
1020170089699,2017,True,True,G06Q,2
1020170090329,2017,False,False,H04L,1
1020170090330,2017,False,True,G06F,1
1020170093080,2017,False,True,H04R,1
1020170093081,2017,False,True,H04R,1
1020170093082,2017,False,True,H04R,1
1020170094119,2017,False,True,G01S,2
1020170094273,2017,False,False,B29C,1
1020170094298,2017,False,False,B29C,1
1020170095106,2017,False,True,F04B,1
1020170097945,2017,False,False,B23K,2
1020170097950,2017,False,True,G01S,2
1020170097951,2017,False,True,G01S,2
1020170097956,2017,False,False,B23K,1
1020170098753,2017,False,False,H05B,2
1020170100610,2017,False,True,H04R,1
1020170100917,2017,False,True,G06T,2
1020170100918,2017,False,True,G06T,2
1020170101143,2017,False,True,F17C,2
1020170106398,2017,False,True,H04N,2
1020170107045,2017,False,True,G01N,1
1020170107801,2017,False,False,G02B,1
1020170108474,2017,False,True,H01Q,1
1020170113425,2017,False,True,G01N,3
1020170117124,2017,False,True,G09B,2
1020170117727,2017,True,True,H03B,2
1020170121849,2017,False,True,H04R,1
1020170122126,2017,False,True,G21D,1
1020170125482,2017,False,False,G06T,3
1020170126403,2017,False,True,G01S,1
1020170127184,2017,False,True,A47L,2
1020170127768,2017,True,True,G21C,1
1020170135095,2017,False,False,H04N,2
1020170136503,2017,False,True,H10H,1
1020170136730,2017,False,False,F24H,2
1020170137324,2017,False,True,G06Q,2
1020170142232,2017,False,True,G01S,1
1020170143706,2017,True,True,G01S,1
1020170144184,2017,False,True,B64U,3
1020170144556,2017,False,True,G06T,3
1020170145471,2017,False,True,H04N,1
1020170146885,2017,False,True,G01S,1
1020170153275,2017,False,True,H02K,1
1020170153882,2017,True,True,H01M,3
1020170154080,2017,False,True,G02B,1
1020170155855,2017,True,False,B29B,4
1020170159492,2017,False,True,H02K,1
1020170159571,2017,False,True,B22F,1
1020170161476,2017,False,True,H04W,1
1020170162086,2017,True,True,A61N,3
1020170164246,2017,False,True,H04N,1
1020170164249,2017,False,True,H04N,1
1020170164258,2017,False,True,H04N,1
1020170168546,2017,False,True,G02B,1
1020170169690,2017,False,True,G03B,2
1020170170631,2017,False,False,G06Q,2
1020170171615,2017,False,False,G06V,2
1020170175736,2017,False,True,H04R,1
1020170176240,2017,False,False,B29C,2
1020170176361,2017,False,True,G01S,2
1020170178772,2017,False,True,G01S,1
1020170178907,2017,False,True,H02K,2
1020170179829,2017,False,True,B64U,5
1020170180859,2017,False,True,H04N,2
1020170180892,2017,False,True,G06F,5
1020170180906,2017,False,True,H04N,2
1020170180939,2017,False,True,H04N,1
1020170180948,2017,False,True,G06F,2
1020170183289,2017,False,True,G06T,1
1020170183293,2017,False,True,G06T,3
1020170183308,2017,False,True,H04N,2
1020170184638,2017,False,False,G02B,2
1020177016848,2015,False,True,H10P,1
1020177016849,2015,False,True,H10P,1
1020177032831,2016,False,True,H10P,1
1020177033516,2016,False,True,H04N,1
1020180002494,2018,False,True,G01S,2
1020180002766,2018,False,False,G06Q,2
1020180003157,2018,False,True,G06N,2
1020180003218,2018,False,False,F41B,5
1020180003232,2018,False,False,B63B,2
1020180003239,2018,False,False,B64D,4
1020180006316,2018,False,True,H04R,1
1020180008611,2018,False,False,H04B,2
1020180008845,2018,False,False,H10D,2
1020180009013,2018,False,True,H04R,1
1020180011032,2018,False,True,H04R,1
1020180012469,2018,False,False,F16B,1
1020180012473,2018,False,False,B25B,1
1020180019630,2018,False,True,H04R,1
1020180019643,2018,False,True,H04R,2
1020180020706,2018,False,True,G06F,1
1020180022318,2018,False,True,G06F,1
1020180022837,2018,False,True,H01Q,2
1020180022841,2018,False,True,H01Q,2
1020180023386,2018,False,False,G03H,4
1020180023398,2018,False,False,H04N,2
1020180026560,2018,False,True,G01S,1
1020180027385,2018,False,True,G01S,2
1020180028044,2018,False,True,G06F,4
1020180028625,2018,False,True,H04R,1
1020180029027,2018,False,True,G01N,2
1020180029288,2018,False,False,H10W,3
1020180029521,2018,False,False,H01R,2
1020180030003,2018,False,True,H10H,1
1020180030004,2018,False,True,B64C,4
1020180030334,2018,False,True,H04R,1
1020180030397,2018,False,True,G05D,3
1020180030398,2018,False,False,G01N,4
1020180030546,2018,False,True,H04R,1
1020180031286,2018,False,True,G06Q,2
1020180031287,2018,False,False,H04N,1
1020180033512,2018,False,False,H01R,1
1020180033701,2018,False,True,H01L,1
1020180036891,2018,False,True,G01S,1
1020180039311,2018,True,True,H04B,1
1020180039416,2018,False,True,G01B,2
1020180040649,2018,False,False,G06T,2
1020180040650,2018,False,False,G06F,2
1020180041523,2018,False,True,H01R,1
1020180041525,2018,False,True,G01S,2
1020180043511,2018,False,True,H04R,1
1020180043652,2018,False,True,G01M,2
1020180044368,2018,False,True,H04R,1
1020180044888,2018,False,True,H04R,1
1020180045635,2018,False,True,A61N,2
1020180045636,2018,False,True,A61N,2
1020180046768,2018,False,True,G02B,2
1020180048350,2018,False,True,H04R,1
1020180049328,2018,False,True,H04N,2
1020180053608,2018,True,True,H05B,1
1020180055693,2018,False,True,A62C,5
1020180057089,2018,False,False,H03B,2
1020180058039,2018,False,True,G01S,1
1020180058668,2018,False,True,H04R,1
1020180059775,2018,False,True,G06N,1
1020180060901,2018,True,False,G06T,1
1020180062279,2018,False,True,H10H,1
1020180062764,2018,False,True,H01Q,1
1020180063236,2018,True,True,B64G,2
1020180063520,2018,True,True,B64D,3
1020180065298,2018,True,True,G08G,3
1020180065301,2018,True,True,G08G,3
1020180070451,2018,False,True,H04R,1
1020180071833,2018,False,True,H01Q,1
1020180072476,2018,False,True,G06Q,3
1020180073438,2018,False,True,H10W,1
1020180074415,2018,False,True,E06B,1
1020180074834,2018,False,True,B63J,2
1020180075397,2018,False,True,H04R,1
1020180078500,2018,False,True,H02K,2
1020180079035,2018,False,True,F41G,2
1020180080482,2018,False,True,G06N,1
1020180081896,2018,False,True,G01S,2
1020180081897,2018,False,True,G01S,2
1020180081898,2018,False,True,G01S,2
1020180089279,2018,False,True,H01Q,1
1020180090434,2018,False,True,G09B,2
1020180090591,2018,False,True,G06F,3
1020180091041,2018,False,True,B64U,1
1020180091420,2018,False,False,G10L,3
1020180091565,2018,False,False,G06T,1
1020180091915,2018,False,True,H01M,1
1020180092070,2018,False,True,F41G,1
1020180092071,2018,False,True,F41G,1
1020180092072,2018,False,True,F41G,1
1020180092493,2018,False,False,H10N,1
1020180092764,2018,False,True,G06F,1
1020180092893,2018,False,True,G06T,3
1020180094044,2018,False,True,G01N,1
1020180094893,2018,False,True,H01Q,1
1020180095385,2018,False,True,G01S,2
1020180095444,2018,False,True,G06N,1
1020180098752,2018,False,True,H04N,1
1020180099212,2018,False,True,G01S,2
1020180099262,2018,False,True,G06Q,3
1020180099340,2018,False,True,G01S,2
1020180100081,2018,False,True,H04N,1
1020180100239,2018,False,True,H04R,1
1020180100701,2018,False,True,G01S,2
1020180101098,2018,False,True,H01R,1
1020180103826,2018,False,True,H01P,1
1020180103892,2018,False,False,H01B,1
1020180103923,2018,False,False,H01B,1
1020180103930,2018,False,False,H01B,1
1020180104041,2018,False,True,G06Q,1
1020180104042,2018,False,False,G06Q,2
1020180105454,2018,True,False,G06K,1
1020180105626,2018,False,True,G06Q,4
1020180106132,2018,True,True,G01R,1
1020180106133,2018,True,True,G01R,1
1020180106444,2018,False,False,H10W,2
1020180107230,2018,True,True,H01M,2
1020180108126,2018,False,True,H04M,2
1020180109022,2018,False,True,H04N,1
1020180110584,2018,False,True,G21C,2
1020180110585,2018,False,True,G21C,4
1020180110586,2018,False,True,G21C,3
1020180110702,2018,False,False,H01Q,1
1020180116940,2018,False,True,H04L,2
1020180117186,2018,False,True,G05D,4
1020180118286,2018,False,True,G21C,1
1020180120184,2018,False,True,G01S,2
1020180123184,2018,True,True,G01L,2
1020180124191,2018,False,True,G03B,2
1020180124672,2018,False,True,H01Q,1
1020180125351,2018,False,True,H04R,1
1020180125428,2018,True,True,H04L,1
1020180125702,2018,False,True,G06T,2
1020180125707,2018,False,True,G08B,4
1020180126278,2018,False,True,G01S,1
1020180126724,2018,False,True,G01T,1
1020180128476,2018,False,False,G01S,2
1020180131156,2018,False,True,G06N,1
1020180131990,2018,False,True,G05D,4
1020180132312,2018,False,True,H04L,1
1020180133077,2018,False,True,G06Q,5
1020180133589,2018,False,True,H04L,1
1020180137334,2018,False,False,H04N,1
1020180138114,2018,False,True,G06F,2
1020180139043,2018,True,True,G06V,4
1020180141799,2018,False,True,H02K,3
1020180143756,2018,False,False,H04L,1
1020180143757,2018,False,True,H04W,1
1020180143972,2018,False,True,G02B,3
1020180143973,2018,False,True,G02B,3
1020180143974,2018,False,True,G02B,2
1020180143975,2018,False,True,G02B,3
1020180144823,2018,False,False,F16B,2
1020180144862,2018,False,False,F16B,2
1020180146111,2018,False,True,H01Q,1
1020180147238,2018,False,True,G06Q,1
1020180147643,2018,False,True,H01Q,1
1020180148540,2018,False,True,G06F,2
1020180149093,2018,False,False,G01S,1
1020180149421,2018,False,True,B22F,2
1020180149840,2018,False,False,G06T,2
1020180150331,2018,True,True,H10W,1
1020180152292,2018,False,True,H01Q,2
1020180157350,2018,False,True,H04N,2
1020180157351,2018,False,True,H04N,3
1020180157438,2018,False,False,G01M,5
1020180157439,2018,False,True,G06V,4
1020180158796,2018,False,True,G02B,1
1020180159267,2018,False,True,G08B,2
1020180159993,2018,True,True,G01F,2
1020180160783,2018,True,False,G01N,1
1020180160980,2018,False,True,G08C,1
1020180161194,2018,False,True,B63B,2
1020180161358,2018,False,True,G06Q,4
1020180163359,2018,False,True,G06V,2
1020180164187,2018,False,True,H02K,1
1020180164188,2018,False,True,H02K,1
1020180164969,2018,False,True,H04L,1
1020180165340,2018,False,True,B22F,4
1020180166529,2018,False,True,G06Q,1
1020180169106,2018,False,True,G08G,4
1020180169108,2018,False,True,G06Q,4
1020180170681,2018,False,False,G02B,1
1020180170710,2018,False,True,H04R,1
1020180171308,2018,False,True,G06Q,4
1020180171314,2018,False,True,B64D,4
1020180171424,2018,False,False,G01S,1
1020180171774,2018,False,True,B64D,2
1020180172293,2018,False,True,B22F,1
1020180172937,2018,False,True,G06Q,3
1020180173086,2018,False,True,B29C,2
1020180173338,2018,False,False,G06N,1
1020187013864,2016,False,True,H10P,1
1020187034394,2017,False,True,H10D,2
1020190000991,2019,False,True,H04R,1
1020190001020,2019,False,True,B60R,2
1020190001116,2019,False,True,H04N,1
1020190001458,2019,False,False,B64U,1
1020190005869,2019,False,True,H01P,1
1020190006752,2019,False,True,H04R,2
1020190006781,2019,True,True,G06V,3
1020190006987,2019,False,True,H01P,1
1020190007377,2019,False,True,G06F,1
1020190007899,2019,False,True,H10B,3
1020190008133,2019,False,True,H04R,1
1020190008207,2019,False,False,G09B,2
1020190014011,2019,False,True,H01Q,1
1020190014432,2019,False,False,G06N,1
1020190017343,2019,False,True,H04B,2
1020190017433,2019,False,True,G01S,1
1020190017703,2019,False,True,G01S,3
1020190017941,2019,True,True,H01M,2
1020190018076,2019,True,True,H01M,2
1020190018087,2019,True,True,H01M,2
1020190020709,2019,True,False,H01M,2
1020190021459,2019,False,True,G03B,2
1020190023148,2019,False,True,G06Q,1
1020190026814,2019,False,True,H01Q,1
1020190026815,2019,False,True,H01Q,2
1020190026885,2019,False,True,H04R,1
1020190029847,2019,False,True,H01F,3
1020190033436,2019,False,True,H01Q,3
1020190033697,2019,True,True,H04R,1
1020190033795,2019,False,True,A62C,2
1020190033961,2019,False,True,B64U,2
1020190034114,2019,False,False,G01V,3
1020190035494,2019,False,True,B64C,4
1020190036305,2019,False,True,H04W,1
1020190037006,2019,True,True,H04R,3
1020190038278,2019,True,True,G09B,2
1020190041021,2019,False,True,G06Q,1
1020190041955,2019,False,False,F16H,1
1020190041956,2019,False,True,H02K,3
1020190043839,2019,False,True,H04N,1
1020190044092,2019,False,False,H10H,1
1020190044410,2019,False,True,H04N,2
1020190044943,2019,True,True,B64G,1
1020190045210,2019,False,True,H01Q,1
1020190046011,2019,False,False,H10H,2
1020190047218,2019,False,True,H04L,1
1020190047958,2019,False,True,H01Q,2
1020190048448,2019,False,True,G03B,1
1020190048464,2019,True,True,G01L,2
1020190049580,2019,False,True,G02B,1
1020190050477,2019,False,True,G06N,2
1020190051422,2019,False,True,H03B,1
1020190052045,2019,False,False,G02B,1
1020190054624,2019,False,True,G01S,2
1020190055751,2019,False,False,G06T,1
1020190056875,2019,False,True,H01S,1
1020190059755,2019,False,True,G01S,1
1020190059820,2019,False,True,A61B,1
1020190059821,2019,False,True,A61B,1
1020190060669,2019,False,True,F42C,2
1020190060846,2019,False,True,G06T,1
1020190064158,2019,False,True,H10W,1
1020190064497,2019,False,True,H01Q,1
1020190065041,2019,False,True,H01M,1
1020190065709,2019,False,True,G06N,2
1020190066240,2019,False,True,G06T,2
1020190067175,2019,False,True,G06F,2
1020190067579,2019,False,True,H04N,1
1020190067585,2019,False,True,G06N,1
1020190070060,2019,False,True,G08B,2
1020190070919,2019,False,True,H04R,1
1020190070940,2019,False,True,H04R,1
1020190071571,2019,True,True,H04N,1
1020190071845,2019,False,True,H02K,1
1020190072062,2019,False,True,G06N,2
1020190073727,2019,False,True,H02J,2
1020190074235,2019,False,True,H01P,1
1020190074236,2019,False,True,H01P,1
1020190074237,2019,False,True,H01P,1
1020190075728,2019,False,True,H01Q,1
1020190076039,2019,False,True,F16K,1
1020190077218,2019,False,True,G06T,1
1020190078639,2019,False,True,F41G,1
1020190080430,2019,False,True,G01S,2
1020190080458,2019,False,True,H01G,2
1020190080459,2019,False,True,H01G,1
1020190080829,2019,False,True,H01Q,1
1020190082514,2019,False,True,H01G,1
1020190083078,2019,False,True,C30B,3
1020190083459,2019,False,True,H04N,2
1020190083732,2019,False,True,G21C,2
1020190093552,2019,True,True,H02K,2
1020190093758,2019,False,True,G06T,3
1020190093991,2019,False,True,G01S,2
1020190093992,2019,False,True,G01S,3
1020190095579,2019,True,True,G16H,2
1020190095652,2019,True,True,H01P,1
1020190096290,2019,False,True,H04R,1
1020190096622,2019,False,True,B64D,2
1020190097291,2019,False,True,H10H,1
1020190101406,2019,False,True,H05B,1
1020190101741,2019,False,True,G06Q,3
1020190102344,2019,False,True,H03M,2
1020190103259,2019,False,True,G08B,2
1020190104233,2019,False,True,B29C,3
1020190104837,2019,False,True,H05K,1
1020190105920,2019,False,True,H01Q,2
1020190106396,2019,False,True,G06Q,2
1020190107247,2019,False,True,H02K,1
1020190109824,2019,False,True,G01V,3
1020190113418,2019,False,True,H04L,1
1020190113546,2019,False,False,H10H,1
1020190116204,2019,True,True,F16H,2
1020190116513,2019,False,True,F42B,4
1020190118797,2019,False,True,G01S,1
1020190119296,2019,False,True,G01S,1
1020190121457,2019,False,True,A61N,1
1020190122440,2019,True,True,H01M,1
1020190125300,2019,False,True,G09B,2
1020190125662,2019,False,True,F02K,2
1020190128402,2019,False,True,A62C,2
1020190130828,2019,False,False,H10F,1
1020190131181,2019,False,True,H04R,1
1020190131965,2019,True,True,H04R,1
1020190131983,2019,True,True,H04R,1
1020190132195,2019,False,True,G05D,4
1020190132200,2019,False,True,H04N,3
1020190134227,2019,False,True,G01S,2
1020190138676,2019,False,True,F24H,1
1020190139584,2019,False,True,H01Q,1
1020190139585,2019,False,True,H01Q,1
1020190143653,2019,False,True,H04N,2
1020190144026,2019,False,True,G06F,3
1020190144252,2019,False,True,G01S,3
1020190144573,2019,False,True,H01Q,1
1020190144574,2019,False,True,H01Q,1
1020190144879,2019,False,True,B22F,2
1020190145207,2019,False,True,H01R,1
1020190145208,2019,False,True,H01R,1
1020190145209,2019,False,True,H01R,1
1020190145987,2019,False,True,G01R,1
1020190146226,2019,False,True,H02K,3
1020190146228,2019,False,True,H02K,4
1020190147881,2019,False,True,G10H,2
1020190148338,2019,False,True,H04L,1
1020190148656,2019,True,True,H01P,1
1020190148942,2019,False,True,G05D,5
1020190149540,2019,False,False,G01S,3
1020190150061,2019,False,False,H01Q,1
1020190150307,2019,False,True,H04N,2
1020190151235,2019,False,True,G06V,3
1020190151430,2019,False,True,H04N,2
1020190151727,2019,False,True,G02B,3
1020190152026,2019,False,True,H04N,2
1020190152259,2019,True,True,G06F,2
1020190153407,2019,False,True,G06F,2
1020190153878,2019,False,True,H04N,1
1020190153905,2019,False,False,G06Q,1
1020190154974,2019,False,True,H02M,2
1020190154976,2019,False,True,H02M,2
1020190156700,2019,False,False,G09B,3
1020190156751,2019,False,False,G16C,2
1020190156812,2019,False,False,B29C,2
1020190156823,2019,False,True,G03H,2
1020190156904,2019,False,False,B64D,5
1020190158210,2019,False,True,G10L,2
1020190158783,2019,False,False,H02J,2
1020190159070,2019,False,True,H02H,2
1020190160358,2019,False,True,G06V,5
1020190161050,2019,False,True,H10H,1
1020190161052,2019,False,True,H10H,1
1020190161053,2019,False,True,H10H,1
1020190161757,2019,False,True,B29C,2
1020190163631,2019,False,True,G01S,1
1020190164489,2019,False,True,H04R,1
1020190166606,2019,True,True,H01P,1
1020190166956,2019,False,True,H04N,2
1020190168173,2019,False,True,G07C,5
1020190169269,2019,False,False,H01R,1
1020190169329,2019,False,True,A01M,4
1020190169501,2019,False,True,G01S,3
1020190169758,2019,False,True,A62C,3
1020190170324,2019,False,True,H04R,1
1020190171660,2019,False,True,G01S,2
1020190172597,2019,False,True,B22F,2
1020190174269,2019,True,True,H05B,1
1020190174988,2019,False,True,G06N,2
1020190175158,2019,False,True,H10W,1
1020190176528,2019,False,True,B64C,3
1020190177108,2019,False,True,H10D,2
1020190177111,2019,False,True,H10H,1
1020190177113,2019,False,False,H10H,1
1020190177116,2019,False,True,H10H,2
1020190177119,2019,False,False,G06F,1
1020190177367,2019,False,True,G06F,2
1020190177596,2019,False,True,G06T,1
1020190177604,2019,False,True,H04N,2
1020190178014,2019,False,True,G06N,4
1020190178664,2019,False,True,G06T,2
1020190178679,2019,False,True,G06T,1
1020190178757,2019,False,True,G06N,1
1020190178758,2019,False,True,B60W,4
1020190179215,2019,False,True,H10P,2
1020190179224,2019,False,True,G06T,1
1020190179232,2019,False,True,H04N,4
1020190179249,2019,False,True,G06Q,3
1020190179514,2019,False,True,G06Q,2
1020190179754,2019,False,True,G06Q,3
1020190179989,2019,False,False,G02B,1
1020190179990,2019,False,True,G06Q,4
1020190179995,2019,False,True,G02B,1
1020190180003,2019,False,False,C03B,1
1020190180007,2019,False,True,G02B,1
1020197022609,2018,False,True,H10P,3
1020197033159,2018,False,True,H03H,1
1020200000256,2020,False,False,G06N,1
1020200001206,2020,False,True,G06F,1
1020200001274,2020,False,True,H03L,3
1020200001278,2020,False,True,G01S,3
1020200002367,2020,True,True,G09B,7
1020200002752,2020,True,True,H02S,4
1020200002810,2020,False,True,H10W,3
1020200002811,2020,False,True,H10H,1
1020200002812,2020,False,True,H10H,1
1020200002813,2020,False,True,H10H,2
1020200003931,2020,False,False,H04N,2
1020200004468,2020,False,True,G01C,2
1020200004563,2020,False,True,G05D,3
1020200007132,2020,False,True,H10N,2
1020200010251,2020,False,True,G01S,2
1020200013428,2020,False,True,H02J,2
1020200013505,2020,False,False,H01M,1
1020200013522,2020,False,False,H01M,1
1020200014442,2020,False,False,H01P,1
1020200014718,2020,True,True,H01M,2
1020200015002,2020,False,True,H01S,2
1020200017465,2020,False,False,G02B,1
1020200017666,2020,False,True,G08B,3
1020200020448,2020,True,True,H04R,1
1020200021343,2020,False,True,H01Q,1
1020200022206,2020,False,True,G06V,3
1020200022207,2020,False,True,G06V,3
1020200022451,2020,False,True,G06F,2
1020200022452,2020,False,True,G06F,2
1020200022453,2020,False,False,G06N,2
1020200022501,2020,False,True,G06N,2
1020200022587,2020,False,True,G06N,2
1020200023708,2020,False,False,F42C,2
1020200024374,2020,False,True,H01R,1
1020200024795,2020,False,True,G05D,4
1020200025184,2020,False,True,H10W,2
1020200025185,2020,False,True,H10W,1
1020200025274,2020,False,True,G06Q,3
1020200025275,2020,False,True,G06Q,3
1020200025574,2020,False,True,H01S,2
1020200025961,2020,False,True,G06N,2
1020200028465,2020,False,True,H10H,1
1020200028468,2020,False,True,H10H,1
1020200028473,2020,False,True,H10H,1
1020200031064,2020,False,True,G06F,3
1020200031261,2020,False,True,H01R,1
1020200031838,2020,False,True,H03L,2
1020200033718,2020,False,True,G01N,4
1020200034136,2020,False,True,H04S,3
1020200035836,2020,False,True,G06N,1
1020200036893,2020,False,True,G06T,1
1020200036909,2020,False,True,H01P,1
1020200036910,2020,False,True,H01Q,1
1020200037283,2020,False,True,H04K,3
1020200037299,2020,False,True,G10L,2
1020200038801,2020,False,True,F16L,2
1020200038808,2020,False,True,F17C,3
1020200038825,2020,False,False,F25J,3
1020200038854,2020,False,False,F25J,1
1020200040306,2020,False,False,H10D,2
1020200040466,2020,False,True,H04B,1
1020200040646,2020,False,True,F25J,1
1020200040922,2020,False,True,G05D,2
1020200041371,2020,False,True,B64D,5
1020200041480,2020,False,True,G06T,2
1020200042083,2020,False,True,G01V,4
1020200043639,2020,False,True,H01S,2
1020200045508,2020,False,True,H10H,1
1020200045510,2020,False,True,H10H,1
1020200046034,2020,False,True,B29C,3
1020200046930,2020,False,True,B64U,3
1020200047671,2020,False,True,G09B,1
1020200048056,2020,False,True,C09D,3
1020200048870,2020,False,True,G01S,2
1020200048908,2020,False,True,H01M,2
1020200049299,2020,True,True,B29C,2
1020200049321,2020,False,True,A62C,3
1020200049475,2020,False,True,G01R,1
1020200049546,2020,False,True,H10P,3
1020200049902,2020,False,True,G06N,1
1020200050462,2020,False,True,H04R,1
1020200050489,2020,False,False,G06F,3
1020200050624,2020,False,True,H10W,1
1020200051522,2020,False,False,H03F,1
1020200052518,2020,False,True,H10W,1
1020200052978,2020,False,True,H04R,1
1020200052979,2020,False,True,H04R,1
1020200053708,2020,False,False,H01Q,1
1020200054588,2020,False,True,H04R,1
1020200055234,2020,False,True,H10N,2
1020200058522,2020,False,True,H04R,1
1020200061856,2020,True,False,G02B,2
1020200062337,2020,False,True,H01R,1
1020200062338,2020,False,True,H01R,1
1020200064238,2020,False,True,H04R,1
1020200064245,2020,False,True,H04R,1
1020200064258,2020,False,True,H04R,1
1020200064265,2020,False,True,H04R,1
1020200064900,2020,False,True,G01J,2
1020200065111,2020,False,True,G01S,2
1020200067150,2020,False,True,H04R,3
1020200067247,2020,False,True,H04L,2
1020200068504,2020,False,True,H10H,1
1020200068889,2020,False,True,G06V,2
1020200070786,2020,False,True,G06T,3
1020200071083,2020,False,True,F17C,1
1020200071304,2020,False,False,H01B,2
1020200071432,2020,False,True,H04L,3
1020200072537,2020,True,True,H01Q,1
1020200073440,2020,False,False,F41A,1
1020200073442,2020,False,False,F41G,1
1020200075196,2020,False,True,G06F,2
1020200075628,2020,False,True,G06N,1
1020200075629,2020,False,True,G06N,1
1020200076155,2020,False,True,G01S,1
1020200077480,2020,False,True,G06Q,5
1020200078029,2020,False,True,G01W,3
1020200078374,2020,True,True,G05D,5
1020200078433,2020,False,True,A62C,3
1020200079089,2020,False,True,H01M,1
1020200081561,2020,False,True,H10N,1
1020200081579,2020,False,True,G06N,1
1020200085242,2020,False,True,H04R,1
1020200085428,2020,False,True,H10H,1
1020200089146,2020,False,False,G06Q,2
1020200089680,2020,False,False,G02B,1
1020200092249,2020,False,True,A62C,1
1020200093600,2020,False,True,H01M,1
1020200095825,2020,False,True,H01Q,3
1020200095895,2020,False,True,B64C,2
1020200096351,2020,False,True,H01S,2
1020200096822,2020,False,True,G01S,1
1020200097308,2020,False,True,G01K,4
1020200100285,2020,False,True,G21D,2
1020200100972,2020,False,False,G06N,1
1020200101502,2020,False,True,G04F,2
1020200102847,2020,False,True,H10W,2
1020200103156,2020,False,False,H10F,1
1020200103638,2020,False,True,H04R,1
1020200103784,2020,False,True,G01R,1
1020200104306,2020,False,True,H02G,3
1020200105015,2020,False,True,H01Q,1
1020200105174,2020,False,True,B01D,3
1020200105445,2020,False,True,G01S,1
1020200106018,2020,False,True,H04R,1
1020200108814,2020,False,False,G01S,2
1020200109817,2020,False,True,G21C,3
1020200109820,2020,False,True,G06N,1
1020200110330,2020,False,True,G06N,1
1020200112084,2020,False,False,B60W,2
1020200112085,2020,False,False,B60W,1
1020200112086,2020,False,True,B60W,2
1020200112473,2020,False,True,G01S,2
1020200112585,2020,False,True,H02J,5
1020200113288,2020,False,True,H10H,1
1020200113291,2020,False,True,H10N,1
1020200113349,2020,False,True,G21C,2
1020200113961,2020,True,False,G06N,2
1020200116963,2020,False,False,H03F,1
1020200120875,2020,False,True,F17C,2
1020200122037,2020,False,False,G01M,5
1020200122133,2020,False,True,H04L,2
1020200122894,2020,False,False,H04W,1
1020200126707,2020,False,True,G08B,4
1020200129967,2020,False,True,H10H,1
1020200130114,2020,False,True,H04W,1
1020200131496,2020,False,True,H04R,1
1020200132264,2020,False,True,H04R,1
1020200133990,2020,False,True,H04R,1
1020200135555,2020,False,True,H01M,2
1020200136359,2020,False,True,H04R,3
1020200136515,2020,False,True,G01S,1
1020200136581,2020,False,False,G01S,2
1020200136582,2020,False,True,G01S,1
1020200136583,2020,False,False,G01S,1
1020200139380,2020,False,False,H01B,1
1020200141372,2020,False,False,H01Q,1
1020200141699,2020,False,True,C23C,1
1020200141901,2020,False,True,G01N,1
1020200142041,2020,False,False,H10H,1
1020200142043,2020,False,True,H10H,1
1020200142112,2020,True,True,G05B,4
1020200143184,2020,False,True,B64D,3
1020200143316,2020,False,True,H04K,2
1020200144453,2020,False,True,G05D,4
1020200144458,2020,False,True,G05D,4
1020200144766,2020,False,True,H02K,1
1020200144784,2020,False,False,H02K,1
1020200144796,2020,False,True,H02K,1
1020200144801,2020,False,True,H02K,3
1020200146383,2020,False,True,G01S,2
1020200146414,2020,False,True,H05B,3
1020200148563,2020,False,False,H10H,1
1020200148785,2020,False,True,G06T,1
1020200148786,2020,False,True,G06Q,4
1020200149376,2020,False,True,H01Q,1
1020200149562,2020,False,True,H02K,1
1020200149567,2020,False,True,H02K,3
1020200149980,2020,False,True,G21D,2
1020200149981,2020,False,True,G21D,4
1020200151368,2020,True,True,G01S,2
1020200151369,2020,False,True,G01S,2
1020200151370,2020,False,True,G01S,1
1020200151371,2020,False,True,G01S,3
1020200152171,2020,False,True,G06F,3
1020200152601,2020,False,True,H04N,1
1020200153976,2020,False,True,F02K,2
1020200154212,2020,False,False,B06B,3
1020200154461,2020,False,True,H04L,3
1020200154880,2020,False,True,G01S,1
1020200155167,2020,False,True,H04N,2
1020200155224,2020,True,True,G06F,2
1020200157123,2020,False,True,G06Q,2
1020200159327,2020,False,True,G01S,2
1020200159987,2020,False,True,G06Q,1
1020200160093,2020,False,True,G06Q,2
1020200160110,2020,False,True,H04N,5
1020200160330,2020,False,False,B32B,2
1020200160331,2020,False,False,B32B,2
1020200161035,2020,False,False,G06Q,2
1020200161823,2020,False,True,H05K,1
1020200163750,2020,False,True,B64C,3
1020200164084,2020,False,True,B25J,1
1020200164445,2020,False,True,G08G,2
1020200164842,2020,False,True,G01N,1
1020200167428,2020,False,True,G06T,4
1020200167555,2020,False,True,G06Q,3
1020200168655,2020,False,True,G02B,1
1020200169192,2020,False,True,G06K,1
1020200169194,2020,False,True,G06K,2
1020200171146,2020,False,True,B07C,1
1020200175187,2020,False,True,H02M,4
1020200175226,2020,False,False,H01Q,1
1020200175868,2020,False,True,G06N,1
1020200176144,2020,False,True,G06F,2
1020200176835,2020,False,True,G01S,2
1020200177094,2020,False,True,G01N,3
1020200177942,2020,False,False,H05K,1
1020200178186,2020,False,True,G01S,5
1020200179403,2020,False,True,G02B,1
1020200180191,2020,False,True,G21D,4
1020200180406,2020,False,True,G01S,1
1020200182052,2020,False,True,G06T,2
1020200182734,2020,False,True,B64D,3
1020200182792,2020,False,False,G01V,1
1020200183148,2020,False,True,C03B,1
1020200183158,2020,False,True,H05B,2
1020200183374,2020,False,True,G01N,3
1020200183554,2020,False,True,B29C,3
1020200184855,2020,False,True,C30B,1
1020200185062,2020,False,True,G01L,2
1020200185353,2020,False,True,G06T,2
1020200185355,2020,False,True,G06N,3
1020200185743,2020,False,True,G01S,2
1020200185896,2020,False,True,B63B,4
1020200186099,2020,False,True,H04N,3
1020200186292,2020,False,True,G06T,3
1020200186375,2020,False,False,G06N,1
1020200186403,2020,False,True,G06F,2
1020200186435,2020,False,True,G06Q,2
1020200187143,2020,False,True,G06N,2
1020200187144,2020,False,True,G06N,2
1020200187186,2020,False,True,H01M,3
1020200187215,2020,False,True,G02B,1
1020200187518,2020,False,True,G04R,4
1020200187519,2020,False,True,G01S,1
1020200187660,2020,False,True,H04L,4
1020200187727,2020,False,True,G06T,2
1020200188011,2020,False,False,G01S,3
1020200188504,2020,False,True,G06F,3
1020207015401,2017,False,True,H10D,1
1020207021874,2020,False,True,G06N,2
1020210001383,2021,False,True,G01R,2
1020210002107,2021,True,True,B23K,1
1020210002117,2021,True,True,B23K,2
1020210002451,2021,False,True,G06N,2
1020210003853,2021,False,True,H04N,1
1020210005380,2021,False,True,H10P,1
1020210006556,2021,True,True,H01R,1
1020210006557,2021,True,True,H01R,1
1020210007532,2021,False,True,G01S,1
1020210007565,2021,False,True,G01S,2
1020210007889,2021,False,True,H01R,1
1020210008413,2021,False,True,H01Q,1
1020210009546,2021,False,True,G01T,3
1020210009562,2021,True,True,B64G,4
1020210010558,2021,False,True,G06F,2
1020210011524,2021,False,True,G01W,2
1020210011574,2021,False,True,G01N,2
1020210011930,2021,False,False,F41A,1
1020210012045,2021,False,True,G01R,1
1020210013464,2021,False,True,H04R,2
1020210014150,2021,False,True,H01R,1
1020210014167,2021,False,False,H01M,1
1020210015242,2021,False,True,H10D,1
1020210015275,2021,False,True,G06V,3
1020210015821,2021,False,True,H10H,1
1020210017981,2021,False,True,H01R,1
1020210019296,2021,False,True,G06T,2
1020210019298,2021,False,True,G06T,2
1020210019300,2021,False,True,G06T,2
1020210019303,2021,False,True,G06T,2
1020210019306,2021,False,True,G06T,3
1020210019310,2021,False,True,G06N,1
1020210019469,2021,False,False,G06N,1
1020210021592,2021,False,True,G06F,1
1020210022759,2021,False,True,G01M,2
1020210022765,2021,False,True,G01W,3
1020210023316,2021,False,True,G06T,3
1020210024551,2021,False,True,H04R,1
1020210024709,2021,False,True,H04L,2
1020210025138,2021,False,True,B29C,1
1020210025552,2021,True,True,G01S,2
1020210025553,2021,True,True,G01S,3
1020210025864,2021,False,True,H04R,1
1020210027995,2021,False,True,H10H,1
1020210027998,2021,False,True,H10P,2
1020210028671,2021,False,True,G06Q,4
1020210028672,2021,False,True,G05D,7
1020210029519,2021,False,False,G06N,2
1020210029986,2021,False,True,G06V,3
1020210030450,2021,False,True,H10W,1
1020210030493,2021,False,True,G06T,4
1020210030746,2021,False,True,B64D,4
1020210032217,2021,False,True,G06T,1
1020210032218,2021,False,True,G06F,2
1020210032219,2021,False,True,G06F,3
1020210032505,2021,False,True,G01B,2
1020210034331,2021,False,True,H05B,2
1020210034415,2021,False,True,G06T,2
1020210035686,2021,False,True,G06N,2
1020210035690,2021,False,True,G06F,2
1020210035692,2021,False,True,G06N,2
1020210035694,2021,False,True,G06Q,2
1020210035696,2021,False,True,G06Q,1
1020210035751,2021,False,True,H01Q,1
1020210036061,2021,False,True,G06Q,5
1020210036116,2021,False,False,H04N,5
1020210036930,2021,False,True,G06Q,3
1020210037371,2021,False,True,G06T,3
1020210037926,2021,True,True,G01J,1
1020210038511,2021,False,False,C23C,1
1020210038642,2021,False,False,G01S,4
1020210038648,2021,True,False,G05B,4
1020210038871,2021,True,True,H01R,1
1020210041942,2021,False,True,H04N,3
1020210041943,2021,False,False,H04N,3
1020210042950,2021,False,False,G06N,1
1020210044592,2021,False,True,H04R,1
1020210045316,2021,False,False,G06Q,1
1020210046357,2021,False,True,G06T,1
1020210047193,2021,False,True,H04R,1
1020210048444,2021,False,True,G01S,2
1020210048447,2021,False,True,G01S,3
1020210049082,2021,True,True,F16K,4
1020210050452,2021,False,True,H10H,2
1020210050623,2021,True,True,H01R,2
1020210050652,2021,True,True,H01R,2
1020210050772,2021,False,True,H10W,2
1020210051433,2021,False,True,G21D,2
1020210051850,2021,False,True,G01N,3
1020210052046,2021,False,True,G01S,2
1020210052421,2021,False,True,H01M,1
1020210053988,2021,False,True,H04N,2
1020210054030,2021,False,False,G06V,3
1020210054031,2021,False,False,G06V,3
1020210054417,2021,False,True,H01R,1
1020210054960,2021,False,True,C03B,1
1020210054967,2021,False,True,C03B,1
1020210055012,2021,False,False,B63B,2
1020210055400,2021,False,True,B64U,4
1020210056957,2021,False,True,F41C,2
1020210057256,2021,False,True,G06F,2
1020210058570,2021,False,True,G06T,2
1020210059748,2021,False,False,B63B,4
1020210060102,2021,False,True,B64U,2
1020210060259,2021,False,True,H01R,1
1020210061111,2021,True,True,G06N,3
1020210061825,2021,False,True,G06T,1
1020210061826,2021,False,True,G06T,2
1020210061830,2021,False,True,G06Q,1
1020210061832,2021,False,True,G06Q,2
1020210061834,2021,False,True,G06Q,1
1020210062219,2021,True,True,G01N,1
1020210062600,2021,False,True,G06T,3
1020210062605,2021,False,True,G06T,2
1020210062606,2021,False,True,G06N,1
1020210062610,2021,False,True,H04N,2
1020210062613,2021,False,True,G06T,3
1020210062614,2021,False,True,G06T,2
1020210062618,2021,False,True,G06T,4
1020210062628,2021,False,True,G06T,4
1020210062632,2021,False,True,G06T,3
1020210062635,2021,False,True,G06T,3
1020210062639,2021,False,True,G06T,3
1020210064180,2021,False,False,G08B,5
1020210065048,2021,True,True,B64G,1
1020210065051,2021,True,True,H01Q,1
1020210065337,2021,False,True,G06F,3
1020210067033,2021,False,True,G06N,2
1020210067624,2021,False,False,G06K,2
1020210068032,2021,False,True,G06T,1
1020210069189,2021,False,True,H10P,2
1020210069243,2021,False,True,C23C,1
1020210069292,2021,False,True,H04N,1
1020210069294,2021,False,True,H04N,1
1020210070006,2021,False,True,C23C,2
1020210072706,2021,False,False,G06T,1
1020210072762,2021,False,True,G06N,1
1020210073686,2021,False,False,G01N,3
1020210073706,2021,True,False,H04N,1
1020210073939,2021,False,True,C03C,1
1020210074607,2021,False,True,B25J,2
1020210074614,2021,False,False,G06Q,2
1020210074921,2021,False,True,H04N,2
1020210075447,2021,False,True,H01M,2
1020210075575,2021,True,True,B64U,4
1020210076507,2021,False,True,H04R,1
1020210076784,2021,False,True,G05B,3
1020210077155,2021,False,False,G01N,2
1020210077157,2021,False,False,H10H,1
1020210077159,2021,False,False,H10H,1
1020210077160,2021,False,False,H10D,1
1020210077163,2021,False,False,H10H,1
1020210077358,2021,False,False,G06F,2
1020210078422,2021,True,True,G05B,1
1020210078646,2021,False,True,G06T,2
1020210078648,2021,False,True,G06T,4
1020210078651,2021,False,True,G06V,2
1020210078653,2021,False,True,G06N,4
1020210078655,2021,False,True,G06N,4
1020210078656,2021,False,True,G06N,4
1020210078660,2021,False,True,G06T,3
1020210078665,2021,False,True,G06T,2
1020210078667,2021,False,True,G06T,2
1020210078671,2021,False,True,G06N,2
1020210078676,2021,False,True,G06T,2
1020210078680,2021,False,True,G06T,2
1020210078687,2021,False,True,G06T,3
1020210078688,2021,False,True,G06T,4
1020210078689,2021,False,True,G06T,3
1020210078690,2021,False,True,G06T,3
1020210078692,2021,False,True,G06T,2
1020210078697,2021,False,True,G06T,2
1020210079016,2021,False,True,H04R,1
1020210079324,2021,False,True,H01M,2
1020210079899,2021,False,True,H10N,1
1020210080411,2021,False,True,G03B,2
1020210080412,2021,False,False,G03B,2
1020210080972,2021,False,False,G06V,2
1020210081297,2021,False,True,G10L,1
1020210081385,2021,True,True,G08B,1
1020210081504,2021,False,False,G06Q,2
1020210082605,2021,False,True,G01J,1
1020210082606,2021,False,True,G01J,1
1020210082876,2021,True,True,H01R,1
1020210082976,2021,False,False,H04R,1
1020210083129,2021,False,False,G01S,1
1020210083637,2021,False,True,C01B,4
1020210084031,2021,False,True,G06V,3
1020210084422,2021,False,False,G01S,1
1020210084423,2021,False,False,G01S,1
1020210084975,2021,False,True,H10P,1
1020210085129,2021,False,True,A62C,2
1020210086955,2021,False,True,H10H,1
1020210087641,2021,False,True,H10H,1
1020210089362,2021,False,True,H04R,1
1020210089396,2021,False,True,H10D,2
1020210089483,2021,False,True,G06N,1
1020210089484,2021,False,True,G06T,3
1020210089485,2021,False,True,G06V,2
1020210089486,2021,False,True,G06N,3
1020210089487,2021,False,True,G06N,2
1020210089489,2021,False,True,G06N,1
1020210089490,2021,False,True,G06T,2
1020210090709,2021,False,True,G06T,2
1020210091677,2021,False,True,A01G,1
1020210092370,2021,False,True,H10P,2
1020210093648,2021,False,True,G01R,1
1020210093874,2021,False,True,G06N,1
1020210094327,2021,False,True,H04R,1
1020210094966,2021,False,True,G01S,2
1020210096410,2021,False,True,H04W,1
1020210096447,2021,False,True,H10H,1
1020210097040,2021,False,True,G01N,3
1020210097686,2021,False,False,G06T,1
1020210098487,2021,False,True,B64C,2
1020210098938,2021,False,True,H04N,6
1020210099111,2021,False,False,G06N,1
1020210099548,2021,False,False,G06T,4
1020210100346,2021,False,False,G06N,3
1020210100347,2021,False,True,G06T,1
1020210101832,2021,False,False,G06F,2
1020210101968,2021,False,False,H04N,2
1020210102988,2021,False,True,H04L,5
1020210102991,2021,False,True,G06T,4
1020210102994,2021,False,True,G06T,3
1020210102995,2021,False,True,H04N,3
1020210103361,2021,False,True,H01Q,1
1020210103968,2021,False,True,G06N,1
1020210104297,2021,False,False,H10D,1
1020210105747,2021,False,True,G06N,3
1020210107417,2021,False,False,G01N,1
1020210108125,2021,False,False,G06N,1
1020210108483,2021,False,True,B64C,2
1020210108892,2021,False,True,G21G,3
1020210109173,2021,False,False,G06V,3
1020210109671,2021,False,True,H10D,1
1020210109690,2021,False,True,G08B,2
1020210110971,2021,False,False,A61B,2
1020210110975,2021,False,False,B64G,1
1020210110978,2021,False,False,G05D,4
1020210112012,2021,False,False,G06F,2
1020210112795,2021,False,True,H10H,2
1020210113567,2021,False,True,H04N,6
1020210114992,2021,False,False,H01Q,2
1020210115397,2021,False,True,H01P,2
1020210115435,2021,False,True,H04L,3
1020210115620,2021,False,True,H01M,2
1020210115864,2021,False,True,H04R,1
1020210121638,2021,False,True,H01R,1
1020210122613,2021,False,False,C03C,2
1020210123185,2021,False,True,G01S,3
1020210123703,2021,False,False,H01R,1
1020210124490,2021,False,True,G01C,3
1020210124676,2021,False,True,H04W,2
1020210127727,2021,False,False,G06V,3
1020210127728,2021,False,False,G01W,3
1020210127729,2021,False,False,G06T,3
1020210128477,2021,False,True,G06T,2
1020210128481,2021,False,True,G06N,2
1020210128487,2021,False,True,G10L,1
1020210128491,2021,False,True,G10L,2
1020210128495,2021,False,True,G11B,4
1020210128500,2021,False,True,G10L,1
1020210128504,2021,False,True,G10L,1
1020210128512,2021,False,True,G10L,2
1020210128527,2021,False,True,G06T,1
1020210128897,2021,False,False,G01S,2
1020210128898,2021,False,False,G01S,2
1020210128899,2021,False,False,G01S,2
1020210129625,2021,False,True,G08B,2
1020210129696,2021,False,True,H01Q,1
1020210130849,2021,False,True,H10D,2
1020210131554,2021,False,False,G06Q,2
1020210131960,2021,False,False,H10H,1
1020210132101,2021,False,True,G06T,4
1020210133192,2021,False,True,G01W,3
1020210134824,2021,False,True,F42C,3
1020210135029,2021,False,True,G01S,2
1020210135451,2021,False,True,G06V,3
1020210135870,2021,False,True,G08B,6
1020210136361,2021,True,True,G01S,3
1020210136607,2021,False,False,G06V,2
1020210136608,2021,False,False,G06F,3
1020210136609,2021,False,False,G06F,2
1020210136610,2021,False,False,G06Q,2
1020210136611,2021,False,False,G06Q,2
1020210136612,2021,False,False,G06Q,2
1020210136613,2021,False,False,G06Q,2
1020210136614,2021,False,False,G06Q,2
1020210136615,2021,False,False,G06Q,2
1020210136616,2021,False,False,G06Q,4
1020210136617,2021,False,False,G06V,4
1020210136618,2021,False,False,G06T,4
1020210136619,2021,False,False,G06T,2
1020210136620,2021,False,False,G06T,1
1020210136621,2021,False,False,G06T,1
1020210136622,2021,False,False,G06F,2
1020210136623,2021,False,False,G06T,3
1020210136624,2021,False,False,G06N,1
1020210136625,2021,False,False,G06T,3
1020210136626,2021,False,False,G06N,1
1020210136627,2021,False,False,G06T,2
1020210137660,2021,False,True,H10D,1
1020210138911,2021,False,True,G06Q,5
1020210138912,2021,False,True,G06Q,6
1020210139042,2021,False,True,G05D,7
1020210139043,2021,False,True,G05D,7
1020210139044,2021,False,True,G05D,7
1020210139085,2021,False,False,H10H,1
1020210139983,2021,False,False,G06F,4
1020210139984,2021,False,False,G06F,2
1020210139985,2021,False,False,G01S,2
1020210141690,2021,False,True,G06N,2
1020210141695,2021,False,True,H01Q,1
1020210142328,2021,False,True,B64U,1
1020210142480,2021,False,False,H10H,1
1020210142768,2021,False,True,G06N,2
1020210142773,2021,False,True,G06N,3
1020210142774,2021,False,True,G06N,3
1020210145705,2021,False,False,G01N,1
1020210148366,2021,True,True,G01N,2
1020210150202,2021,False,False,G01S,1
1020210150628,2021,False,True,H10W,2
1020210151151,2021,False,True,F41G,2
1020210155095,2021,False,True,G01S,1
1020210155396,2021,False,True,G01S,1
1020210155397,2021,False,True,G01S,1
1020210155398,2021,False,True,G01S,1
1020210156397,2021,False,True,B64U,5
1020210156692,2021,False,True,G01S,2
1020210159380,2021,False,True,G06F,2
1020210159381,2021,False,True,G06F,2
1020210160678,2021,False,True,G01B,3
1020210160729,2021,False,True,G01B,3
1020210160767,2021,False,True,G01B,3
1020210160900,2021,False,True,G05D,5
1020210161065,2021,False,True,H04R,1
1020210161205,2021,False,True,G10L,1
1020210161247,2021,False,True,G06T,1
1020210162216,2021,False,True,G06T,1
1020210162444,2021,False,True,G06F,3
1020210162520,2021,False,True,G01S,2
1020210162546,2021,False,True,F41G,2
1020210163587,2021,False,True,G06N,1
1020210164651,2021,False,False,G08B,1
1020210164995,2021,False,True,H10P,2
1020210165280,2021,False,True,B64U,2
1020210165616,2021,False,True,G06V,2
1020210166274,2021,False,True,F41G,1
1020210166383,2021,False,True,A62C,2
1020210167790,2021,False,True,G05B,3
1020210168211,2021,False,False,G01S,3
1020210168212,2021,False,False,G01S,3
1020210168213,2021,False,False,G01S,4
1020210168545,2021,False,True,G06N,2
1020210169051,2021,False,True,G21C,2
1020210169877,2021,False,True,B64D,4
1020210170011,2021,False,True,G01N,7
1020210170018,2021,False,True,A61N,1
1020210170351,2021,False,True,F41G,1
1020210170441,2021,False,True,G01R,2
1020210170521,2021,False,True,H04R,1
1020210170689,2021,False,True,G01W,4
1020210170728,2021,False,True,F03D,5
1020210170863,2021,False,True,H01M,1
1020210171255,2021,False,True,G06V,2
1020210172292,2021,False,True,H10D,1
1020210172526,2021,False,False,G06T,2
1020210173067,2021,False,False,G06F,2
1020210173068,2021,False,False,G06V,2
1020210176087,2021,False,True,F41H,5
1020210176701,2021,False,True,G06T,2
1020210176731,2021,False,False,G06Q,3
1020210176733,2021,False,False,G06Q,3
1020210176966,2021,False,False,H01M,2
1020210177207,2021,True,True,G03H,5
1020210178703,2021,False,True,G06T,1
1020210179070,2021,False,True,G02B,3
1020210179581,2021,True,True,H04N,2
1020210180582,2021,False,True,G06Q,2
1020210180585,2021,False,True,G06F,3
1020210180664,2021,False,False,H04R,1
1020210180685,2021,False,False,H04R,1
1020210181081,2021,False,True,G06F,2
1020210181082,2021,False,True,G06F,2
1020210181272,2021,False,True,G01N,1
1020210182847,2021,False,False,G02B,1
1020210182864,2021,False,True,H04N,3
1020210182971,2021,False,True,H10D,1
1020210183361,2021,False,True,G06Q,5
1020210183362,2021,False,True,G06Q,4
1020210183363,2021,False,True,G06Q,2
1020210183364,2021,False,True,G06Q,2
1020210183365,2021,False,True,G06Q,3
1020210183366,2021,False,True,G06Q,3
1020210183368,2021,False,True,G06Q,5
1020210183369,2021,False,True,G06V,2
1020210183370,2021,False,True,G06V,2
1020210183371,2021,False,True,G06T,2
1020210183372,2021,False,True,G06T,2
1020210183373,2021,False,True,G06F,2
1020210183374,2021,False,True,G06T,3
1020210183375,2021,False,True,G06N,1
1020210183376,2021,False,True,G06F,3
1020210183377,2021,False,True,G06T,2
1020210183378,2021,False,True,G06N,3
1020210183557,2021,False,True,G06V,3
1020210184690,2021,False,False,G10L,2
1020210184691,2021,False,False,G10L,3
1020210184692,2021,False,False,G06T,3
1020210186392,2021,False,True,B64U,3
1020210186886,2021,False,True,G06F,2
1020210187936,2021,False,True,G06T,2
1020210188011,2021,False,True,G01N,1
1020210188019,2021,True,True,H01Q,1
1020210188272,2021,False,True,G06T,2
1020210188368,2021,False,True,G06V,3
1020210188552,2021,True,True,G08G,1
1020210188711,2021,False,False,G06Q,3
1020210189000,2021,False,True,G06Q,3
1020210189152,2021,False,True,G06T,1
1020210189289,2021,False,True,G01N,2
1020210189341,2021,False,True,G06T,2
1020210189563,2021,False,True,G01S,2
1020210189768,2021,False,True,G10L,1
1020210190526,2021,True,False,G01S,2
1020210190527,2021,False,False,G01S,2
1020210190528,2021,False,False,G01S,1
1020210190879,2021,False,True,G21C,1
1020210191051,2021,False,False,B64D,1
1020210191585,2021,False,False,G08B,3
1020210191588,2021,False,True,G06T,2
1020210191596,2021,False,True,G06T,3
1020210192571,2021,False,True,G06F,3
1020210192917,2021,True,True,G06Q,4
1020210193217,2021,False,True,H10D,1
1020210193373,2021,False,True,G06T,3
1020210193464,2021,False,True,G06T,2
1020210193468,2021,False,False,F41H,2
1020210193719,2021,False,True,B64D,4
1020210193812,2021,False,True,G06T,1
1020210194396,2021,False,True,G06T,1
1020210194399,2021,False,False,G06T,2
1020217016726,2020,False,False,G06N,2
1020217024935,2020,False,True,G06N,3
1020220000169,2022,False,True,G06N,3
1020220001447,2022,False,True,G02B,1
1020220003510,2022,False,False,G06N,2
1020220004142,2022,False,True,G06N,2
1020220005349,2022,False,True,G06Q,4
1020220005351,2022,False,True,G06Q,4
1020220006635,2022,False,True,H05K,2
1020220006994,2022,False,True,H01Q,1
1020220008731,2022,False,True,H01R,1
1020220008989,2022,False,True,H10D,1
1020220009475,2022,False,True,B60W,1
1020220010062,2022,False,True,H10W,1
1020220010919,2022,False,True,H02P,2
1020220011316,2022,False,False,H04N,2
1020220011320,2022,False,True,H10N,1
1020220011337,2022,False,False,H10H,1
1020220012395,2022,False,True,H01Q,1
1020220014530,2022,False,True,G06F,3
1020220014690,2022,False,True,G06N,1
1020220017656,2022,False,True,G01S,2
1020220018340,2022,False,True,G06N,2
1020220018573,2022,False,True,G06F,2
1020220019294,2022,False,True,G06N,2
1020220019297,2022,False,True,G06V,4
1020220019298,2022,False,True,G06V,3
1020220020774,2022,False,True,A61B,1
1020220020804,2022,False,True,G06F,3
1020220020922,2022,False,True,G06Q,4
1020220021022,2022,False,True,F16B,3
1020220021047,2022,False,True,E05C,4
1020220021276,2022,False,False,G06T,2
1020220021293,2022,False,True,G06F,2
1020220022768,2022,False,True,G06N,1
1020220023394,2022,False,True,H04N,3
1020220024188,2022,False,True,H01Q,1
1020220025283,2022,False,True,H10D,1
1020220026324,2022,False,True,G06N,1
1020220026325,2022,False,True,G06N,1
1020220027436,2022,False,True,G01S,1
1020220027949,2022,False,True,G06N,1
1020220028793,2022,False,True,H03K,1
1020220029209,2022,False,True,G08B,5
1020220029558,2022,False,True,G01S,2
1020220029643,2022,False,True,G06F,1
1020220029986,2022,True,False,H01S,1
1020220030016,2022,False,False,H10D,1
1020220032377,2022,False,True,H04R,1
1020220032512,2022,False,True,G06V,2
1020220033202,2022,False,True,H05K,1
1020220035798,2022,False,True,G03B,2
1020220036366,2022,False,True,H04R,1
1020220037489,2022,False,True,G06N,2
1020220038472,2022,False,True,H10H,1
1020220040074,2022,False,True,H04R,1
1020220044923,2022,False,True,H10P,2
1020220044944,2022,False,True,H01P,1
1020220045043,2022,False,True,G06K,4
1020220045052,2022,False,True,G06V,4
1020220045056,2022,False,True,G06K,4
1020220045061,2022,False,True,G06V,6
1020220047385,2022,False,True,G01N,2
1020220049342,2022,False,True,H10D,2
1020220049454,2022,False,True,H04R,1
1020220049678,2022,False,True,G06V,3
1020220050914,2022,False,False,G06N,1
1020220050915,2022,False,False,G06N,2
1020220050916,2022,False,False,G06F,2
1020220051274,2022,True,True,G05B,2
1020220051587,2022,False,True,H04R,2
1020220052540,2022,False,True,G01N,4
1020220053521,2022,False,True,B64U,5
1020220053593,2022,True,False,G05B,2
1020220053769,2022,False,True,G01K,2
1020220054179,2022,False,True,H10D,1
1020220054591,2022,False,True,G01B,2
1020220054878,2022,False,True,G06F,2
1020220054917,2022,False,True,G01S,2
1020220054918,2022,False,True,G01S,4
1020220054919,2022,False,True,G01S,4
1020220056337,2022,False,True,B64F,5
1020220056559,2022,False,True,B64D,6
1020220056560,2022,False,True,G01S,1
1020220056933,2022,False,False,H10H,1
1020220058272,2022,False,True,H10W,2
1020220058818,2022,False,True,H10W,1
1020220060209,2022,False,True,H02K,2
1020220060268,2022,False,True,B64C,2
1020220060389,2022,False,False,A61N,1
1020220061983,2022,False,False,G06T,1
1020220062268,2022,False,True,H10N,1
1020220063893,2022,False,False,H10N,1
1020220064967,2022,False,False,H04N,2
1020220066292,2022,False,True,H01Q,1
1020220066978,2022,False,True,H10N,1
1020220069332,2022,False,True,G05D,4
1020220069334,2022,False,True,G05D,4
1020220069335,2022,False,True,G05D,4
1020220069453,2022,False,True,G01S,1
1020220069541,2022,False,True,H04L,2
1020220069542,2022,False,True,G06F,2
1020220072788,2022,False,True,H01R,1
1020220074708,2022,False,True,H01R,1
1020220075502,2022,True,True,G01S,1
1020220076280,2022,False,True,G01S,2
1020220076281,2022,False,True,G01S,4
1020220079426,2022,True,True,H04N,2
1020220079525,2022,False,False,G06Q,2
1020220079526,2022,False,False,G06Q,3
1020220079596,2022,False,True,G06N,2
1020220079620,2022,False,False,H04N,2
1020220079864,2022,False,True,H10P,1
1020220079913,2022,False,True,G06V,2
1020220081657,2022,False,True,H04R,1
1020220082096,2022,False,True,G06V,2
1020220082104,2022,False,True,G06V,2
1020220082110,2022,False,True,G06V,2
1020220082121,2022,False,True,G06V,3
1020220082871,2022,False,False,C22C,2
1020220083785,2022,False,False,G06F,2
1020220083935,2022,False,True,H10W,4
1020220084409,2022,False,True,H04N,2
1020220088841,2022,False,True,B29C,1
1020220088896,2022,False,True,H10P,1
1020220091858,2022,False,True,G08G,3
1020220093883,2022,False,True,A01G,3
1020220094887,2022,False,True,G08G,1
1020220095735,2022,False,True,G06T,1
1020220096709,2022,False,False,G06F,2
1020220096853,2022,False,False,G06F,3
1020220096854,2022,False,False,G06F,2
1020220097507,2022,False,True,H01Q,1
1020220097852,2022,False,True,G06V,5
1020220098165,2022,False,False,G06Q,2
1020220098629,2022,False,True,G01S,1
1020220099135,2022,False,True,H10D,1
1020220100098,2022,False,True,G01P,2
1020220101499,2022,False,True,F25J,1
1020220102295,2022,False,True,G05D,7
1020220102798,2022,False,True,H01S,1
1020220102799,2022,False,True,H01S,1
1020220102800,2022,False,True,H01S,1
1020220103772,2022,False,True,H10D,1
1020220104244,2022,False,True,F25J,1
1020220104785,2022,False,True,H04N,2
1020220105518,2022,False,False,H05K,2
1020220105798,2022,False,True,G06T,3
1020220105877,2022,False,False,G06V,2
1020220106532,2022,False,True,F25J,2
1020220106946,2022,False,False,G05B,3
1020220107388,2022,False,True,F17C,1
1020220107390,2022,False,True,F17C,2
1020220107392,2022,False,True,F25J,1
1020220108925,2022,False,True,H10D,1
1020220109247,2022,False,True,H04W,2
1020220109902,2022,False,True,G06T,2
1020220110343,2022,False,True,H10H,1
1020220110466,2022,False,False,G06F,2
1020220111240,2022,False,False,H04L,1
1020220112777,2022,False,False,G06F,1
1020220114024,2022,False,True,H01M,2
1020220114025,2022,False,True,H01M,2
1020220114026,2022,False,True,H01M,2
1020220115558,2022,False,True,H10P,1
1020220116798,2022,True,True,G08G,1
1020220118598,2022,False,True,B01D,2
1020220118601,2022,False,True,B01D,2
1020220119876,2022,False,False,H04L,2
1020220120020,2022,False,True,F25J,2
1020220120118,2022,False,False,G01C,1
1020220120119,2022,False,True,G06T,2
1020220123029,2022,False,False,G06T,2
1020220123494,2022,False,True,B64D,5
1020220123623,2022,False,True,G06V,1
1020220123941,2022,True,True,G01S,1
1020220124188,2022,False,True,H04B,2
1020220124189,2022,False,True,H03G,2
1020220124194,2022,False,True,H03F,2
1020220124414,2022,False,True,H10P,2
1020220125022,2022,False,False,H04L,1
1020220125726,2022,False,False,A61B,1
1020220126622,2022,False,True,C03B,1
1020220126771,2022,False,True,H04R,1
1020220127098,2022,False,True,B64D,2
1020220127730,2022,False,True,G01S,2
1020220127893,2022,False,True,B05B,1
1020220127910,2022,False,True,B05B,1
1020220130437,2022,False,False,G06N,1
1020220131212,2022,False,True,G06K,3
1020220132180,2022,False,False,G06N,2
1020220132254,2022,False,True,G06N,2
1020220133006,2022,False,True,G01N,5
1020220133022,2022,False,True,G01N,5
1020220133205,2022,False,True,G01S,1
1020220133734,2022,False,True,G06K,2
1020220133807,2022,False,True,G06N,2
1020220133993,2022,False,True,H04N,3
1020220133999,2022,False,True,G06T,3
1020220134832,2022,False,True,G06T,3
1020220135009,2022,False,False,G06T,2
1020220135472,2022,True,True,H01Q,3
1020220135907,2022,False,True,G06F,3
1020220135914,2022,False,True,G06T,4
1020220137680,2022,False,False,A63B,2
1020220137747,2022,False,True,H01Q,4
1020220138570,2022,False,True,G05D,7
1020220138604,2022,False,True,G01S,2
1020220139323,2022,False,True,G06V,4
1020220139767,2022,False,True,G06Q,2
1020220139920,2022,True,True,G06N,2
1020220139921,2022,True,False,G06N,2
1020220140289,2022,False,True,B64F,7
1020220142481,2022,False,True,G16H,3
1020220142815,2022,False,True,F16F,1
1020220143010,2022,False,True,G01C,4
1020220146260,2022,False,True,A61N,1
1020220147087,2022,False,False,A61B,2
1020220148682,2022,False,False,G05D,4
1020220149389,2022,False,True,F25J,3
1020220149573,2022,False,True,G06Q,3
1020220149624,2022,False,True,G06Q,2
1020220149653,2022,False,True,G06Q,2
1020220150443,2022,False,True,G08B,5
1020220151350,2022,True,True,G06N,1
1020220151351,2022,True,True,B60H,1
1020220151352,2022,True,True,G06N,1
1020220152187,2022,False,True,H10D,2
1020220152782,2022,False,False,G06V,3
1020220153100,2022,False,True,G05D,2
1020220153135,2022,False,False,G01S,2
1020220153843,2022,False,True,G06V,2
1020220155348,2022,False,False,G01N,3
1020220155446,2022,False,True,H04N,2
1020220157194,2022,True,False,H01Q,3
1020220158160,2022,False,True,H10H,2
1020220158372,2022,True,True,B64G,2
1020220158679,2022,False,False,A61B,1
1020220159736,2022,False,True,G06T,2
1020220159740,2022,False,True,G06T,2
1020220161257,2022,False,False,G06N,2
1020220161615,2022,False,False,G06F,1
1020220161635,2022,False,True,H10P,3
1020220161644,2022,False,True,H10P,2
1020220162919,2022,False,True,G06N,3
1020220163230,2022,False,True,H04L,4
1020220163649,2022,False,True,B63B,2
1020220164007,2022,False,False,G01S,3
1020220164043,2022,False,False,G06F,1
1020220164383,2022,False,True,B64D,5
1020220164419,2022,False,True,G01S,1
1020220164778,2022,False,True,G06V,3
1020220164779,2022,False,True,G06V,3
1020220164780,2022,False,True,G06V,2
1020220164781,2022,False,True,G06Q,4
1020220164782,2022,False,True,G06T,3
1020220164814,2022,False,True,G05D,2
1020220165012,2022,False,True,G06N,2
1020220165071,2022,False,True,H10D,1
1020220165145,2022,False,True,G01M,3
1020220165146,2022,False,True,G06T,1
1020220165147,2022,False,False,G06T,1
1020220165148,2022,False,False,G06F,1
1020220165149,2022,False,True,G06Q,3
1020220165413,2022,False,True,B64U,5
1020220165452,2022,False,True,B64F,6
1020220165845,2022,False,False,G06F,2
1020220166737,2022,False,True,G06T,2
1020220166817,2022,False,True,G06F,2
1020220167728,2022,False,True,G06Q,2
1020220167774,2022,False,True,G06F,2
1020220167977,2022,False,True,H10H,1
1020220169551,2022,False,True,H10H,2
1020220170384,2022,False,True,G01S,1
1020220171395,2022,False,True,G01N,1
1020220172539,2022,False,True,B64G,3
1020220173410,2022,False,True,H10H,3
1020220173416,2022,False,True,G06Q,5
1020220173638,2022,False,True,B64U,5
1020220174721,2022,False,True,G06T,4
1020220175322,2022,False,False,G06N,3
1020220175436,2022,False,False,G06N,1
1020220175692,2022,False,True,G06T,3
1020220175921,2022,False,False,G06Q,4
1020220176903,2022,False,False,G06T,1
1020220177078,2022,False,True,G06N,2
1020220177280,2022,False,True,G06T,1
1020220177282,2022,False,False,G06T,2
1020220177285,2022,False,False,G06T,2
1020220178058,2022,False,True,G06N,3
1020220178092,2022,False,True,H04N,5
1020220178185,2022,False,True,G06N,2
1020220178391,2022,False,False,G06T,3
1020220178627,2022,False,True,G06Q,3
1020220180317,2022,False,True,H10H,1
1020220181236,2022,True,True,G06Q,6
1020220181494,2022,False,True,H04R,1
1020220182103,2022,False,True,H10F,1
1020220182397,2022,False,True,F41G,3
1020220182605,2022,False,True,B64C,2
1020220183182,2022,False,True,C23C,1
1020220183183,2022,False,True,C23C,1
1020220183184,2022,False,True,C23C,1
1020220184183,2022,False,True,H10H,2
1020220184437,2022,False,True,G06T,2
1020220184444,2022,False,True,G06V,2
1020220184450,2022,False,True,G06V,2
1020220184457,2022,False,True,G06V,2
1020220185243,2022,False,False,B64U,3
1020220185336,2022,False,False,H04B,2
1020220186170,2022,False,True,G06N,1
1020220187083,2022,False,False,G01S,2
1020220187541,2022,True,True,G06F,1
1020220187542,2022,True,False,G06F,1
1020220188748,2022,True,True,H04L,2
1020220189025,2022,False,False,G01C,2
1020220189339,2022,False,False,G05D,4
1020220189345,2022,False,True,G06V,3
1020220189346,2022,False,True,G06Q,4
1020220189676,2022,True,True,H01Q,2
1020220189951,2022,False,True,B64D,3
1020220189997,2022,False,True,G02F,2
1020227004135,2020,False,True,G06N,2
1020227027355,2020,False,True,H10W,3
1020227027356,2020,False,True,H10W,3
1020227027357,2020,False,True,H10W,3
1020227027358,2020,False,True,H10W,3
1020227027419,2022,False,True,G06V,4
1020227042156,2021,False,True,G06N,1
1020227042157,2021,False,True,G06N,1
1020230000244,2023,False,True,H04R,1
1020230000590,2023,False,True,H10H,2
1020230001567,2023,False,False,H04R,1
1020230002567,2023,False,True,B64G,2
1020230002921,2023,False,True,G01M,2
1020230003202,2023,False,True,B64F,3
1020230003479,2023,False,True,H10P,2
1020230004781,2023,True,False,G06N,1
1020230006171,2023,False,True,H10D,2
1020230006697,2023,False,True,H04N,3
1020230007913,2023,False,True,H10D,2
1020230009530,2023,False,True,G06F,2
1020230009531,2023,False,True,G06F,2
1020230009532,2023,False,True,G06F,2
1020230009533,2023,False,True,G06F,1
1020230009847,2023,False,True,G06T,2
1020230010012,2023,False,True,G06F,2
1020230010103,2023,False,False,H10H,1
1020230011131,2023,True,True,B05D,1
1020230011389,2023,False,True,B25J,1
1020230011504,2023,False,True,B25J,1
1020230011505,2023,False,True,B25J,2
1020230011506,2023,False,True,G05D,3
1020230011507,2023,False,True,G05D,3
1020230011508,2023,False,True,G05B,1
1020230011731,2023,False,True,G05D,7
1020230012233,2023,False,False,A62C,4
1020230012234,2023,False,False,G01R,1
1020230014321,2023,False,True,G06N,1
1020230015604,2023,False,True,H04R,1
1020230015635,2023,False,True,G01B,2
1020230016614,2023,False,True,H10D,2
1020230016620,2023,False,True,H10H,1
1020230017340,2023,False,True,G01B,3
1020230017942,2023,False,True,H10H,1
1020230019772,2023,False,True,G06F,2
1020230019914,2023,False,True,H10D,1
1020230021234,2023,False,True,H10H,1
1020230025604,2023,False,True,G01S,2
1020230025607,2023,False,True,G01S,1
1020230026971,2023,True,True,G06Q,4
1020230026976,2023,True,True,G06Q,3
1020230027106,2023,False,True,G06N,2
1020230027225,2023,False,True,H01P,2
1020230027262,2023,False,True,H01P,1
1020230027279,2023,False,True,B64U,3
1020230027487,2023,False,True,G01N,2
1020230028264,2023,False,True,G06V,1
1020230028265,2023,False,True,G06V,1
1020230029017,2023,False,True,B01D,2
1020230029219,2023,False,True,G06T,3
1020230029494,2023,False,True,H01Q,1
1020230029931,2023,False,False,H01R,1
1020230030193,2023,False,True,G06T,4
1020230030194,2023,False,True,G06T,3
1020230030471,2023,False,True,G01S,1
1020230030950,2023,False,False,G01C,3
1020230030962,2023,False,True,G06T,4
1020230030985,2023,False,True,G06F,3
1020230031472,2023,True,False,G01S,1
1020230032503,2023,False,True,H04R,1
1020230032582,2023,False,False,H04L,2
1020230033044,2023,False,True,G06N,2
1020230034777,2023,False,True,H01Q,2
1020230035008,2023,False,True,H04N,3
1020230035772,2023,False,False,G01C,2
1020230035887,2023,False,True,G01S,3
1020230036420,2023,False,True,G01C,2
1020230037734,2023,False,True,H10W,2
1020230037778,2023,False,True,H10H,1
1020230037807,2023,False,True,G01S,1
1020230037819,2023,False,True,G01S,3
1020230037820,2023,False,True,G01S,2
1020230039809,2023,False,True,H10H,3
1020230040418,2023,False,True,H04R,1
1020230041260,2023,False,True,G01S,2
1020230041268,2023,False,True,G01S,1
1020230041273,2023,False,True,G01S,1
1020230042185,2023,False,True,H10P,1
1020230042186,2023,False,True,H10P,1
1020230042301,2023,False,False,H04N,4
1020230042534,2023,False,True,H01R,1
1020230043553,2023,False,True,H01R,2
1020230045100,2023,True,True,G01N,1
1020230046740,2023,False,True,G06N,3
1020230048173,2023,False,True,G06F,4
1020230048386,2023,False,True,H01R,1
1020230048520,2023,False,True,H04R,1
1020230048707,2023,False,True,H04R,1
1020230048843,2023,False,True,G06T,3
1020230048879,2023,False,True,G06T,2
1020230049602,2023,False,True,G02B,1
1020230049896,2023,False,True,G06T,3
1020230050396,2023,False,True,H02M,2
1020230050681,2023,False,False,H01Q,1
1020230050696,2023,False,True,G06V,3
1020230050800,2023,False,True,H10H,1
1020230051496,2023,False,True,G16H,4
1020230052263,2023,False,True,F25J,1
1020230053734,2023,False,True,G06V,4
1020230055128,2023,False,True,G02F,2
1020230055162,2023,False,True,H01S,1
1020230056383,2023,False,True,G06F,2
1020230056494,2023,False,True,H04R,1
1020230058286,2023,False,False,H04L,1
1020230058302,2023,False,True,G06N,2
1020230058312,2023,False,True,B64D,2
1020230058433,2023,False,False,G01R,3
1020230059065,2023,False,True,B64F,7
1020230059154,2023,False,False,G06N,2
1020230059155,2023,True,False,B60H,4
1020230060836,2023,False,True,H01Q,1
1020230061416,2023,False,False,G06N,2
1020230061597,2023,True,True,G05D,4
1020230064630,2023,False,True,H04R,1
1020230065190,2023,False,True,H04N,3
1020230065195,2023,False,True,G06T,2
1020230066082,2023,False,False,G06Q,5
1020230066654,2023,False,True,H01Q,1
1020230067228,2023,False,True,A01G,2
1020230067284,2023,False,True,A61B,3
1020230067400,2023,False,True,G06Q,6
1020230069040,2023,False,True,G06V,2
1020230070645,2023,False,True,H01Q,1
1020230070840,2023,True,False,H04W,1
1020230070946,2023,False,True,E05D,2
1020230070950,2023,False,True,B08B,2
1020230071141,2023,False,True,G06N,2
1020230071951,2023,False,False,B64D,4
1020230071953,2023,False,True,H02K,2
1020230072659,2023,False,True,B64F,4
1020230072660,2023,False,True,B25J,4
1020230072661,2023,False,True,B64F,3
1020230072698,2023,False,True,F03B,2
1020230072850,2023,False,False,G02B,2
1020230073611,2023,False,True,H04K,2
1020230073747,2023,False,True,H04R,1
1020230075347,2023,False,True,G06T,2
1020230075934,2023,False,True,B64D,5
1020230076814,2023,False,True,B64U,3
1020230077534,2023,False,True,G06V,1
1020230077576,2023,False,True,G06F,4
1020230078800,2023,False,True,G05B,1
1020230078801,2023,False,True,G05B,1
1020230079257,2023,False,True,H02K,1
1020230079408,2023,False,True,G01C,1
1020230079474,2023,False,True,G06Q,5
1020230080437,2023,False,True,G05D,3
1020230081762,2023,False,False,G01F,2
1020230082017,2023,False,True,A61B,1
1020230082018,2023,False,True,A61N,1
1020230082838,2023,False,True,H04N,1
1020230083294,2023,False,False,G06F,3
1020230083533,2023,True,True,G06F,2
1020230083887,2023,False,True,B64U,4
1020230083888,2023,False,True,B64U,4
1020230084379,2023,False,True,G05D,5
1020230084610,2023,False,True,B64U,4
1020230084706,2023,True,True,G08G,4
1020230084707,2023,True,True,B66C,2
1020230084708,2023,True,True,B66C,2
1020230084709,2023,True,True,B66C,2
1020230084710,2023,True,True,B66C,2
1020230084868,2023,False,True,G01N,3
1020230085060,2023,False,True,G06T,1
1020230085938,2023,False,False,G06N,2
1020230086542,2023,False,True,G06T,4
1020230087200,2023,False,False,G06V,4
1020230087283,2023,False,True,H01Q,1
1020230087670,2023,False,True,G06T,1
1020230088340,2023,False,True,H02K,2
1020230089391,2023,False,True,G01S,1
1020230089958,2023,False,True,H04K,2
1020230090001,2023,False,True,H10H,2
1020230090410,2023,False,True,G01C,3
1020230091151,2023,False,True,G06Q,2
1020230091280,2023,False,True,G05B,2
1020230091281,2023,False,True,G06N,2
1020230093421,2023,False,True,G06T,4
1020230093872,2023,False,True,H10N,1
1020230094175,2023,False,False,G06T,2
1020230094319,2023,False,False,H01R,1
1020230095235,2023,False,True,G06Q,4
1020230095352,2023,False,True,G01M,2
1020230095989,2023,False,True,H02K,1
1020230096244,2023,False,True,G06F,2
1020230096560,2023,False,True,H10N,1
1020230096850,2023,False,False,G06V,2
1020230096853,2023,False,False,G06F,2
1020230098375,2023,False,False,G01J,2
1020230098377,2023,False,True,B64U,3
1020230098919,2023,False,False,H02S,3
1020230099776,2023,False,True,G05D,8
1020230100299,2023,False,True,H01R,1
1020230100300,2023,False,True,H01R,1
1020230100899,2023,False,True,H04B,2
1020230101165,2023,False,True,G07F,4
1020230102351,2023,False,False,G06N,2
1020230102859,2023,False,True,G06T,4
1020230103333,2023,False,False,G05B,1
1020230104561,2023,False,True,G01C,1
1020230104834,2023,False,False,G01W,2
1020230109039,2023,False,True,G06F,2
1020230109718,2023,False,False,G01W,3
1020230110617,2023,False,True,H10H,2
1020230110618,2023,False,True,H10H,1
1020230110619,2023,False,True,H10H,1
1020230113487,2023,False,True,H01Q,2
1020230113727,2023,False,False,G05D,3
1020230113956,2023,False,True,H10D,2
1020230113957,2023,False,True,H10H,2
1020230114182,2023,False,True,H04R,1
1020230114904,2023,False,True,G06N,2
1020230115699,2023,False,False,G06N,1
1020230115734,2023,False,True,G06T,2
1020230116200,2023,False,True,B64U,2
1020230116805,2023,False,False,G06N,3
1020230116850,2023,False,True,G01M,3
1020230117749,2023,False,True,H10H,1
1020230117750,2023,False,True,H10H,1
1020230117751,2023,False,True,H10H,1
1020230118599,2023,False,True,G06N,2
1020230119940,2023,True,True,G06V,5
1020230120658,2023,False,False,G06F,5
1020230120791,2023,False,True,G06F,2
1020230121548,2023,False,True,H10W,1
1020230121646,2023,False,False,G01S,3
1020230121917,2023,True,True,G05B,6
1020230122283,2023,False,True,H10P,1
1020230122342,2023,False,False,G06F,3
1020230123314,2023,False,False,H04N,1
1020230123488,2023,False,True,A01G,5
1020230124416,2023,False,True,G01S,1
1020230124805,2023,False,True,G06N,2
1020230124870,2023,False,True,B60L,1
1020230124871,2023,False,True,B60L,2
1020230125321,2023,False,True,H01R,1
1020230127341,2023,False,True,G06T,1
1020230127342,2023,False,True,G06T,1
1020230128452,2023,False,True,G06T,2
1020230128694,2023,False,True,G01S,2
1020230130142,2023,False,True,G06F,2
1020230130898,2023,False,True,H10H,5
1020230130904,2023,False,True,H10H,6
1020230131737,2023,False,True,F17C,1
1020230132999,2023,False,True,G06V,2
1020230134879,2023,False,True,G06N,2
1020230136016,2023,False,False,B25J,3
1020230137581,2023,False,False,G01S,2
1020230140107,2023,False,True,A61N,1
1020230140391,2023,False,True,B64F,5
1020230140672,2023,False,False,A61N,2
1020230140853,2023,False,False,G05D,3
1020230141344,2023,False,True,B64U,4
1020230142215,2023,False,False,A61B,1
1020230142451,2023,False,False,B29C,4
1020230143312,2023,False,True,G06T,4
1020230143361,2023,False,True,G06T,4
1020230144186,2023,False,False,G06N,2
1020230144703,2023,False,False,G06N,2
1020230144762,2023,False,False,G06N,2
1020230145222,2023,False,False,B64U,5
1020230146211,2023,False,True,G01N,3
1020230147526,2023,True,True,G21C,1
1020230148092,2023,False,True,H04N,2
1020230149573,2023,False,True,H10P,3
1020230149694,2023,False,True,A61N,1
1020230150321,2023,False,True,G06Q,2
1020230150878,2023,False,True,G06F,5
1020230152845,2023,False,True,C09J,2
1020230153411,2023,False,False,G06V,2
1020230153485,2023,False,False,G06N,1
1020230154008,2023,False,False,H04L,2
1020230154142,2023,False,True,B64U,2
1020230155645,2023,False,True,G06V,4
1020230156276,2023,True,True,H04N,1
1020230157454,2023,False,True,H04W,2
1020230159536,2023,False,True,G06T,3
1020230160748,2023,False,True,B64U,2
1020230161763,2023,False,True,G01N,3
1020230165244,2023,True,True,A61H,3
1020230165245,2023,True,False,A61H,3
1020230165484,2023,False,False,G06N,3
1020230165493,2023,False,True,G06V,3
1020230165856,2023,False,False,H02M,1
1020230166048,2023,False,True,G01C,1
1020230166118,2023,False,True,B64D,3
1020230166934,2023,False,True,G06T,1
1020230167030,2023,False,True,G01S,2
1020230168922,2023,False,True,F04C,1
1020230169242,2023,False,False,H04L,1
1020230169300,2023,False,False,H04L,2
1020230169347,2023,False,True,G06F,1
1020230169406,2023,False,True,G06T,1
1020230169477,2023,False,True,G06T,2
1020230169480,2023,False,False,H04N,3
1020230170106,2023,False,True,H10H,1
1020230170286,2023,True,True,G01B,5
1020230170668,2023,False,False,G06F,2
1020230171031,2023,False,False,H04L,1
1020230171470,2023,False,True,G06F,3
1020230171760,2023,False,True,G06N,1
1020230172217,2023,False,True,H01Q,1
1020230173058,2023,False,False,G02B,2
1020230173888,2023,False,False,G06F,3
1020230174567,2023,False,True,G06T,2
1020230174575,2023,False,True,H01P,1
1020230174711,2023,False,True,G06F,1
1020230175492,2023,False,True,G06N,2
1020230175912,2023,False,True,H02K,2
1020230175920,2023,False,True,F16H,1
1020230176964,2023,True,True,H01M,3
1020230177395,2023,False,False,G06F,2
1020230179582,2023,False,True,B64D,2
1020230180065,2023,False,False,G06N,1
1020230180231,2023,False,True,H04N,3
1020230182024,2023,False,True,G06V,3
1020230182941,2023,False,True,G06N,2
1020230185337,2023,False,True,H10H,1
1020230186106,2023,False,True,G06T,1
1020230187676,2023,False,False,G10L,3
1020230188624,2023,False,False,G06Q,3
1020230188628,2023,False,False,G06Q,2
1020230188630,2023,False,True,G06Q,3
1020230188633,2023,False,True,G06Q,2
1020230188958,2023,False,False,F22B,3
1020230188965,2023,False,False,F22B,4
1020230189594,2023,False,True,H05K,1
1020230190006,2023,False,False,G06T,1
1020230190008,2023,False,True,G06T,2
1020230190010,2023,False,False,G06T,1
1020230190155,2023,False,True,H10D,1
1020230190199,2023,False,True,G06T,5
1020230190371,2023,False,False,G01J,1
1020230190372,2023,False,False,G01J,1
1020230190991,2023,False,True,B60S,2
1020230191242,2023,False,False,C03C,2
1020230192767,2023,True,True,H01Q,1
1020230192965,2023,False,False,G01M,2
1020230193321,2023,False,True,A61G,2
1020230193332,2023,True,True,A61G,2
1020230193430,2023,False,True,C03B,2
1020230193973,2023,False,True,G01S,1
1020230196878,2023,False,True,G06N,2
1020230197343,2023,False,True,G06F,3
1020237015212,2020,False,True,G06N,2
1020237022529,2020,False,True,G06N,2
1020237022536,2020,False,True,G06N,2
1020237022541,2020,False,True,G06N,5
1020237022542,2020,False,True,G06N,2
1020237023587,2023,False,True,G06N,2
1020237031802,2023,False,True,G06N,2
1020237037033,2020,False,True,G06N,2
1020240000045,2024,False,False,A61B,2
1020240000814,2024,False,True,H10H,2
1020240000821,2024,False,True,H10P,2
1020240000831,2024,False,False,G01S,1
1020240003390,2024,False,True,G06T,2
1020240003391,2024,False,True,G06T,1
1020240003712,2024,False,True,G06F,2
1020240003917,2024,False,False,H01C,4
1020240006193,2024,False,True,G01R,1
1020240006404,2024,False,True,G01R,2
1020240007885,2024,False,True,H04N,4
1020240008633,2024,False,True,H10H,1
1020240010796,2024,False,True,H04W,2
1020240011392,2024,False,True,H01M,1
1020240014197,2024,False,True,G01S,3
1020240014198,2024,False,True,G06F,1
1020240015288,2024,False,True,G06T,2
1020240016590,2024,False,True,G06Q,3
1020240016687,2024,False,False,G06N,2
1020240017349,2024,False,True,G01S,3
1020240017915,2024,False,True,H01Q,3
1020240018705,2024,False,True,H10H,1
1020240018706,2024,False,True,H10H,1
1020240019504,2024,False,True,H10D,2
1020240019806,2024,False,True,G06N,2
1020240020610,2024,False,True,G06V,3
1020240021373,2024,False,False,G06N,2
1020240021374,2024,False,False,G06N,2
1020240021630,2024,False,False,G01S,3
1020240022037,2024,False,True,G06T,3
1020240022043,2024,False,True,H01F,1
1020240022168,2024,False,True,H03B,3
1020240022851,2024,False,True,G08G,3
1020240023464,2024,False,True,G06N,2
1020240024179,2024,False,True,G05D,3
1020240024180,2024,False,True,G06T,4
1020240024181,2024,False,True,G06T,2
1020240024498,2024,False,True,H04N,2
1020240026899,2024,False,True,G01S,2
1020240027643,2024,False,False,G01N,1
1020240028274,2024,False,True,G06T,1
1020240028813,2024,False,True,G01R,2
1020240030017,2024,False,False,G06N,1
1020240030117,2024,False,True,G06F,2
1020240030142,2024,False,False,H04N,3
1020240031476,2024,False,False,G01R,1
1020240032028,2024,False,True,G21C,3
1020240032204,2024,False,False,G08G,2
1020240032590,2024,False,True,H04N,5
1020240033233,2024,False,False,G06N,2
1020240033926,2024,False,False,G01J,1
1020240034714,2024,False,True,H04R,2
1020240035040,2024,False,True,H10P,1
1020240035849,2024,False,True,H04N,5
1020240035892,2024,False,True,A62C,3
1020240036438,2024,False,False,H04N,2
1020240036477,2024,False,False,H04N,4
1020240037545,2024,False,False,F17C,1
1020240037550,2024,False,True,F17C,1
1020240038152,2024,False,False,G01J,1
1020240038330,2024,False,False,B64F,3
1020240039087,2024,False,False,H02K,3
1020240039240,2024,False,False,G06N,2
1020240039241,2024,False,False,G06N,4
1020240039404,2024,False,False,G06Q,2
1020240039405,2024,False,False,G06Q,2
1020240039406,2024,False,False,G06Q,3
1020240039407,2024,False,False,G06Q,4
1020240039783,2024,False,True,G01C,2
1020240040671,2024,False,False,B60W,2
1020240041146,2024,False,False,G06N,2
1020240042062,2024,False,False,G01S,1
1020240042601,2024,False,False,H03L,2
1020240042914,2024,False,False,B60N,3
1020240045256,2024,False,True,G06N,3
1020240045366,2024,False,True,G06T,2
1020240045382,2024,False,True,G06T,2
1020240045503,2024,False,True,H10B,5
1020240045505,2024,False,True,H10B,5
1020240045533,2024,False,True,H10D,1
1020240046589,2024,False,True,G02B,1
1020240046590,2024,False,True,G02B,1
1020240046591,2024,False,True,G02B,1
1020240046696,2024,False,True,G06N,1
1020240046986,2024,False,False,B21D,1
1020240048320,2024,False,False,G06N,1
1020240048548,2024,False,False,G06N,1
1020240048721,2024,False,True,H04R,1
1020240048934,2024,False,True,G06T,2
1020240048939,2024,False,True,F17C,2
1020240050023,2024,False,False,G06T,1
1020240051969,2024,False,True,G06V,2
1020240053429,2024,False,False,G06N,1
1020240055202,2024,False,False,G06N,2
1020240055470,2024,False,True,G06T,1
1020240055692,2024,False,True,H05K,1
1020240055715,2024,False,False,B64D,4
1020240056086,2024,False,False,G06T,1
1020240056122,2024,False,True,G06T,1
1020240056177,2024,False,True,G06T,1
1020240056678,2024,False,False,G06N,1
1020240056850,2024,False,True,G06V,2
1020240057678,2024,False,False,G06F,1
1020240057765,2024,False,True,G01S,1
1020240058558,2024,False,True,H10D,1
1020240059283,2024,False,False,G06Q,3
1020240059974,2024,False,False,G06T,2
1020240060385,2024,False,True,H10P,2
1020240061657,2024,False,True,G06T,1
1020240062009,2024,False,False,G01S,2
1020240062856,2024,False,True,H01Q,1
1020240063028,2024,False,False,G02B,1
1020240063186,2024,False,True,G06N,1
1020240063745,2024,False,False,B60W,5
1020240063997,2024,False,True,G06T,1
1020240063998,2024,False,True,G06T,1
1020240064371,2024,False,True,H04K,4
1020240064412,2024,False,False,B60W,3
1020240064494,2024,False,True,G01C,1
1020240064495,2024,False,False,G06T,2
1020240064496,2024,False,True,G06T,1
1020240064497,2024,False,True,G06T,1
1020240065096,2024,False,True,G06N,2
1020240065631,2024,False,True,G01M,3
1020240065785,2024,False,True,H04B,2
1020240065786,2024,False,True,H04B,2
1020240065894,2024,False,True,H01R,1
1020240066398,2024,False,True,G06T,1
1020240066908,2024,False,True,H10P,1
1020240067309,2024,False,True,G06N,2
1020240067478,2024,False,True,H01F,2
1020240068861,2024,False,True,H10D,1
1020240069010,2024,False,False,G06Q,2
1020240069310,2024,False,False,G01C,1
1020240069906,2024,False,False,G01S,2
1020240070978,2024,False,True,H10H,1
1020240071255,2024,False,False,G06N,1
1020240071256,2024,False,True,G01W,3
1020240071344,2024,False,True,H10D,1
1020240071388,2024,False,False,H04L,4
1020240072805,2024,False,True,H04R,1
1020240073679,2024,False,False,H04W,3
1020240073904,2024,False,True,H03H,1
1020240074371,2024,False,False,G06N,2
1020240074474,2024,False,True,H01M,1
1020240074484,2024,False,True,H01M,1
1020240074488,2024,False,False,H01M,1
1020240074495,2024,False,False,H01M,1
1020240074507,2024,False,True,H01M,1
1020240074512,2024,False,False,H01M,1
1020240074516,2024,False,False,H01M,1
1020240074535,2024,True,True,B60W,1
1020240074564,2024,False,True,G06F,3
1020240074882,2024,False,False,H01M,1
1020240074905,2024,False,False,H01M,1
1020240074973,2024,False,False,G01S,1
1020240075186,2024,False,True,G08G,2
1020240075608,2024,False,True,G06T,1
1020240075642,2024,False,True,H01M,1
1020240076717,2024,False,True,G06T,2
1020240078181,2024,False,False,G06T,1
1020240078587,2024,False,True,H10D,3
1020240078652,2024,False,True,H04R,1
1020240079673,2024,False,False,B64G,2
1020240081681,2024,False,True,G06T,4
1020240081701,2024,False,False,F25J,1
1020240081715,2024,False,False,F25J,1
1020240081719,2024,False,False,F25J,1
1020240081729,2024,False,False,F25J,1
1020240083811,2024,False,True,H10D,2
1020240084675,2024,False,True,G06Q,3
1020240088805,2024,False,False,G01J,1
1020240089046,2024,False,False,G05D,5
1020240089403,2024,False,False,G06F,1
1020240091483,2024,False,True,B25J,2
1020240092971,2024,False,True,H10D,3
1020240093015,2024,False,True,H10D,2
1020240093516,2024,False,False,H03F,1
1020240094422,2024,False,False,B64U,2
1020240095341,2024,False,True,G06F,2
1020240096854,2024,False,True,H10D,2
1020240098489,2024,False,True,C03C,2
1020240099298,2024,False,True,H01R,1
1020240099473,2024,False,True,G06N,2
1020240099956,2024,False,True,H10D,1
1020240100265,2024,False,True,G06T,2
1020240100508,2024,False,False,G06N,3
1020240100737,2024,False,False,G06N,1
1020240101607,2024,False,True,G06T,1
1020240101674,2024,False,True,G08G,4
1020240101984,2024,False,False,G06T,1
1020240102260,2024,False,False,F28F,3
1020240102681,2024,False,True,H04N,4
1020240103333,2024,False,False,B64G,2
1020240104342,2024,False,True,G06T,2
1020240105244,2024,False,True,G06T,1
1020240105875,2024,False,False,H10W,3
1020240106963,2024,False,False,G06F,2
1020240107279,2024,False,True,B23P,3
1020240107427,2024,False,True,H03B,2
1020240107517,2024,False,True,H10D,1
1020240107802,2024,False,False,G06T,1
1020240109008,2024,False,True,G06F,2
1020240109559,2024,False,True,H10H,1
1020240109560,2024,False,True,H10P,2
1020240109561,2024,False,True,H10D,1
1020240110907,2024,False,False,H10W,2
1020240111921,2024,False,True,G01R,1
1020240113155,2024,False,False,G01S,1
1020240113164,2024,False,False,G01S,2
1020240113633,2024,False,True,H04N,1
1020240113647,2024,False,True,G05D,4
1020240113920,2024,False,True,H02S,2
1020240114593,2024,False,False,G06F,2
1020240114702,2024,False,True,H10H,1
1020240115144,2024,False,True,B64U,2
1020240115722,2024,False,False,G06N,2
1020240116214,2024,False,True,G06V,3
1020240117196,2024,False,False,G06T,2
1020240119650,2024,False,False,B64F,3
1020240123586,2024,False,False,H04B,2
1020240124433,2024,False,True,H01J,3
1020240125108,2024,False,False,G06N,2
1020240125188,2024,False,True,G06T,2
1020240127141,2024,False,True,H01R,1
1020240127682,2024,False,True,H10D,2
1020240128002,2024,False,False,G06N,1
1020240129310,2024,False,True,G06N,1
1020240130556,2024,False,False,B01J,2
1020240131365,2024,False,False,G01S,3
1020240131523,2024,True,False,H01M,1
1020240131524,2024,True,False,C01G,2
1020240133732,2024,False,True,H04W,3
1020240135366,2024,False,False,H01M,4
1020240135656,2024,False,True,H10P,1
1020240137756,2024,True,True,G16H,4
1020240138278,2024,False,False,B64G,2
1020240138717,2024,True,False,B64G,2
1020240138954,2024,False,True,H10H,2
1020240138955,2024,False,True,H10H,2
1020240140108,2024,False,True,G01K,3
1020240140580,2024,False,False,G06F,1
1020240140907,2024,False,True,F41H,5
1020240141886,2024,False,False,B64U,3
1020240142419,2024,False,True,G06V,3
1020240145774,2024,False,True,F41H,6
1020240145779,2024,False,True,G05D,2
1020240147289,2024,False,False,H04N,4
1020240147297,2024,False,True,F41H,5
1020240147407,2024,False,False,F01M,2
1020240147623,2024,False,False,G06N,3
1020240148501,2024,False,True,B64F,2
1020240150054,2024,False,False,H04R,1
1020240150095,2024,False,False,H04R,2
1020240150182,2024,False,True,G06T,2
1020240151069,2024,False,False,G06V,1
1020240151164,2024,False,True,G06T,3
1020240151244,2024,False,False,G01K,3
1020240151810,2024,False,True,G06T,2
1020240152109,2024,False,False,H05K,3
1020240152553,2024,False,False,G08G,2
1020240154106,2024,False,True,G05D,1
1020240154423,2024,False,True,G06F,1
1020240156945,2024,False,False,H04N,2
1020240157080,2024,False,True,H04L,4
1020240157081,2024,False,True,G06F,2
1020240158215,2024,False,True,H01M,1
1020240158222,2024,False,True,G06N,2
1020240158578,2024,False,True,G06V,1
1020240158580,2024,False,True,G06F,2
1020240158582,2024,False,True,G06V,3
1020240159252,2024,False,True,G06F,3
1020240159254,2024,False,False,H04L,1
1020240159312,2024,False,True,C30B,1
1020240159313,2024,False,True,H10N,1
1020240159314,2024,False,True,C30B,1
1020240159604,2024,False,False,H03F,2
1020240159826,2024,False,False,F41H,3
1020240160627,2024,False,True,H04N,1
1020240160640,2024,False,True,H04N,1
1020240160910,2024,False,True,H04N,2
1020240161188,2024,False,True,G01S,1
1020240161651,2024,False,False,H01Q,1
1020240161845,2024,False,True,H01M,2
1020240161846,2024,False,True,H01M,1
1020240162151,2024,False,False,H04N,1
1020240163003,2024,False,False,B64U,1
1020240163459,2024,False,True,G06F,1
1020240163893,2024,False,False,H01M,1
1020240164704,2024,False,False,G01S,1
1020240165511,2024,False,True,H05K,2
1020240165520,2024,False,False,B08B,2
1020240166624,2024,False,False,H10P,2
1020240166936,2024,False,True,G06V,3
1020240167125,2024,False,True,G01R,2
1020240167447,2024,False,False,G01S,3
1020240167468,2024,False,False,H03F,1
1020240169763,2024,False,False,F25J,1
1020240170131,2024,False,False,G06N,1
1020240170430,2024,False,False,G01S,1
1020240170562,2024,False,False,B64U,1
1020240171856,2024,False,False,G05D,3
1020240173050,2024,False,True,H01S,3
1020240173063,2024,False,True,G01S,1
1020240173694,2024,False,False,G06F,1
1020240175022,2024,False,True,H01M,1
1020240175483,2024,False,False,F42B,3
1020240176056,2024,True,False,G05D,3
1020240176057,2024,True,False,B66C,2
1020240176058,2024,True,False,B66C,2
1020240176519,2024,False,True,H10H,1
1020240177341,2024,False,False,F21V,6
1020240177747,2024,False,True,G06T,1
1020240179465,2024,False,True,G01C,2
1020240179772,2024,False,False,G01S,1
1020240179773,2024,True,False,G01S,1
1020240179936,2024,False,False,H01Q,1
1020240180780,2024,False,False,E02F,2
1020240181977,2024,False,False,H10D,2
1020240182230,2024,False,False,G01S,1
1020240182720,2024,True,False,B25J,2
1020240182905,2024,False,True,H10D,1
1020240183303,2024,False,False,G06F,2
1020240183561,2024,False,True,G01S,1
1020240183736,2024,False,False,G01S,2
1020240184379,2024,False,True,G06T,1
1020240189243,2024,False,False,H01Q,1
1020240189582,2024,False,False,G02B,2
1020240189899,2024,False,True,G06F,2
1020240190000,2024,False,True,G06N,2
1020240191007,2024,False,False,G06T,3
1020240191292,2024,False,False,B64U,1
1020240192152,2024,False,True,G06N,3
1020240192499,2024,False,True,G06T,1
1020240192501,2024,False,True,G06T,1
1020240192502,2024,False,True,G06T,1
1020240192728,2024,False,False,G06T,1
1020240192995,2024,True,True,A62C,2
1020240193165,2024,False,False,G06Q,7
1020240193180,2024,False,False,G06Q,4
1020240193480,2024,False,False,G01S,2
1020240194070,2024,False,False,B64U,2
1020240194700,2024,False,False,G01S,1
1020240194701,2024,False,False,G06T,4
1020240194878,2024,False,True,G06T,3
1020240195089,2024,False,False,G21D,2
1020240195249,2024,False,True,G06T,2
1020240195250,2024,False,True,G06Q,2
1020240195780,2024,False,False,F04D,1
1020240196309,2024,False,False,G06V,1
1020240196383,2024,False,False,H04N,5
1020240196384,2024,False,False,G03B,3
1020240196896,2024,False,False,G06F,3
1020240197303,2024,True,False,H04B,2
1020240197522,2024,False,False,H04K,3
1020240197541,2024,False,False,H04B,2
1020240197892,2024,False,False,F41A,1
1020240197899,2024,False,False,F41F,2
1020240198252,2024,False,False,G06F,2
1020240198673,2024,False,True,H02K,1
1020240198674,2024,False,True,G01M,3
1020240200008,2024,False,False,F41G,2
1020240200009,2024,False,False,F41G,2
1020240200529,2024,False,True,G06T,1
1020240200692,2024,False,False,H04K,5
1020240200855,2024,False,True,F16D,2
1020240201153,2024,False,False,H04K,4
1020240201648,2024,False,False,H02K,2
1020240202162,2024,False,False,F04C,1
1020240202163,2024,False,False,H02K,2
1020240202253,2024,False,False,G06T,2
1020240202334,2024,False,False,G01N,1
1020240202656,2024,False,False,G06F,2
1020247008700,2020,False,True,G06N,3
1020247010033,2020,False,True,G06N,2
1020247013493,2020,False,True,G06N,2
1020247031904,2023,False,False,G06N,2
1020250000088,2025,False,True,F41H,5
1020250000235,2025,False,False,A61N,2
1020250000313,2025,False,False,H10B,3
1020250000738,2025,False,False,B64U,2
1020250003007,2025,False,False,G01S,2
1020250003305,2025,False,False,G06T,3
1020250003765,2025,False,False,G06T,4
1020250004389,2025,False,False,F41A,1
1020250004392,2025,False,False,F16H,1
1020250005798,2025,True,False,F25J,1
1020250008004,2025,False,False,G05D,2
1020250008677,2025,False,False,H04L,2
1020250008934,2025,False,False,H01F,1
1020250008957,2025,False,True,H10H,1
1020250008958,2025,False,True,H10H,1
1020250009638,2025,False,True,H10W,3
1020250010025,2025,False,True,B64F,5
1020250010592,2025,False,False,G01S,2
1020250013119,2025,False,True,H10D,2
1020250013144,2025,False,True,H10D,2
1020250013147,2025,False,False,G06F,4
1020250013636,2025,False,False,G05D,2
1020250013677,2025,False,False,B64U,2
1020250013692,2025,False,False,G05D,3
1020250013696,2025,False,False,B64U,1
1020250014570,2025,False,False,H10H,1
1020250014858,2025,False,True,G06Q,4
1020250014860,2025,False,True,G06F,2
1020250015172,2025,False,False,H04N,3
1020250015223,2025,False,False,H04N,3
1020250015560,2025,False,True,B64F,3
1020250018890,2025,False,False,F41H,5
1020250020158,2025,False,True,H10P,1
1020250020431,2025,False,True,H10D,2
1020250020689,2025,False,False,G06F,3
1020250021884,2025,False,False,H10H,1
1020250021895,2025,False,True,H10P,1
1020250022916,2025,False,False,G05D,5
1020250023028,2025,True,True,H01P,2
1020250023086,2025,False,True,G06V,2
1020250023833,2025,False,True,H10N,1
1020250024954,2025,False,True,G06F,2
1020250024955,2025,False,True,G06T,2
1020250025771,2025,False,False,F41A,3
1020250026667,2025,False,False,E05F,2
1020250026698,2025,False,True,G06N,2
1020250027327,2025,False,False,G06N,1
1020250027345,2025,False,True,G06N,1
1020250027423,2025,False,True,H10H,1
1020250027424,2025,False,True,H10H,1
1020250027426,2025,False,True,H10H,1
1020250028014,2025,False,False,G06N,2
1020250028098,2025,False,True,H10H,1
1020250028099,2025,False,True,H10H,1
1020250028222,2025,False,False,H10B,3
1020250029186,2025,False,False,F03D,3
1020250029476,2025,False,False,G06N,2
1020250029845,2025,False,False,H05K,1
1020250030565,2025,False,False,G06T,1
1020250030566,2025,False,False,G06T,2
1020250030636,2025,False,True,H04R,1
1020250031518,2025,False,False,H10D,2
1020250032969,2025,False,False,G06Q,5
1020250033744,2025,False,False,F42B,5
1020250033745,2025,False,False,F42B,5
1020250033746,2025,False,False,F42B,5
1020250034763,2025,False,False,H04R,1
1020250035173,2025,False,False,G06F,2
1020250035507,2025,False,False,G06F,1
1020250036412,2025,False,False,G06Q,4
1020250037213,2025,False,True,G06T,5
1020250037758,2025,False,False,G01C,2
1020250037905,2025,False,False,G01S,1
1020250040278,2025,False,True,B64D,3
1020250040463,2025,False,True,B64D,3
1020250042145,2025,False,False,F41H,5
1020250044173,2025,False,False,G06T,2
1020250044582,2025,False,False,F41H,5
1020250045804,2025,False,True,B64F,3
1020250048275,2025,False,True,H01M,1
1020250048276,2025,False,True,H01M,1
1020250050582,2025,False,False,B64D,5
1020250052392,2025,False,True,G06N,2
1020250052764,2025,False,True,H10H,1
1020250052765,2025,False,True,H10H,1
1020250052766,2025,False,True,H10H,1
1020250057082,2025,False,True,G06T,1
1020250057984,2025,False,False,H01S,3
1020250060131,2025,False,False,B64U,2
1020250063966,2025,False,True,F41G,3
1020250067282,2025,False,True,G01S,1
1020250069687,2025,False,True,G06Q,4
1020250071261,2025,False,False,G06T,2
1020250071281,2025,False,False,G06T,3
1020250072923,2025,True,False,G06F,1
1020250075853,2025,False,False,G06T,1
1020250075854,2025,False,False,G10L,3
1020250075855,2025,False,False,G06K,3
1020250076767,2025,False,False,G01S,3
1020250077085,2025,True,True,C23C,3
1020250077642,2025,False,False,G01S,1
1020250079616,2025,False,False,G01S,1
1020250080576,2025,False,True,H01M,2
1020250080577,2025,False,True,H01M,2
1020250084513,2025,True,True,H04W,1
1020250084514,2025,True,True,H04W,1
1020250084515,2025,True,True,H04W,1
1020250084516,2025,True,True,H04W,1
1020250084598,2025,False,True,H10H,1
1020250087378,2025,False,False,G06N,1
1020250088185,2025,False,True,G06N,1
1020250089530,2025,False,True,H01M,1
1020250091192,2025,False,True,G06N,1
1020250093207,2025,False,True,G06Q,5
1020250093476,2025,False,True,G01R,1
1020250094638,2025,False,False,G06F,2
1020250095386,2025,False,False,H02K,1
1020250096497,2025,False,True,B64F,2
1020250097136,2025,False,False,H10P,2
1020250100358,2025,False,True,H10H,1
1020250100359,2025,False,True,H10H,1
1020250100658,2025,False,True,H04L,2
1020250102495,2025,False,False,G01S,1
1020250102597,2025,False,True,G06N,1
1020250103359,2025,False,True,G06V,2
1020250104605,2025,False,False,G01S,1
1020250105061,2025,False,False,G01T,3
1020250105085,2025,False,True,B64U,2
1020250112625,2025,False,True,G06T,2
1020250117478,2025,False,True,G06T,2
1020250118492,2025,False,True,H10H,1
1020250120716,2025,False,True,G06N,1
1020250122144,2025,False,True,H01Q,2
1020250124032,2025,False,True,H10H,1
1020250124311,2025,False,True,F17C,2
1020250127862,2025,False,False,H10H,2
1020250129847,2025,False,True,G06T,3
1020250129854,2025,False,True,G06V,1
1020250129894,2025,False,True,G06V,1
1020250130077,2025,False,True,G06N,1
1020250132676,2025,False,True,H04R,1
1020250134617,2025,False,True,G03F,2
1020250134644,2025,False,True,H10D,1
1020250136051,2025,False,False,G01S,2
1020250139230,2025,False,True,G06F,2
1020250139411,2025,False,False,G05D,3
1020250139814,2025,False,True,G06N,1
1020250142422,2025,False,True,G06V,6
1020250142423,2025,False,True,G08B,4
1020250142425,2025,False,True,G06V,5
1020250142789,2025,False,True,G08B,4
1020250143187,2025,False,False,G01S,2
1020250146832,2025,True,False,H01P,2
1020250149727,2025,False,False,G01S,1
1020250149765,2025,False,False,H10H,1
1020250151948,2025,False,True,H10D,1
1020250155373,2025,False,False,G01S,2
1020250158347,2025,True,True,G01C,2
1020250163805,2025,False,False,H10P,2
1020250163813,2025,False,False,H10D,2
1020250164515,2025,False,True,G06T,3
1020250164537,2025,False,False,H10D,3
1020250166470,2025,False,True,G06N,1
1020250166473,2025,False,True,G06F,3
1020250166474,2025,False,True,G06N,1
1020250166475,2025,False,True,G06N,1
1020250166641,2025,True,True,C23C,1
1020250169588,2025,False,True,G06T,2
1020250173562,2025,False,True,G06Q,2
1020250175050,2025,False,True,G06F,2
1020250179502,2025,False,True,H10W,3
1020250180674,2025,True,True,H01S,3
1020250187211,2025,False,True,H01M,1
1020250188012,2025,False,True,H10H,1
1020250189108,2025,False,False,G06V,3
1020250189430,2025,False,False,G01S,2
1020250189785,2025,False,False,B64U,3
1020250189789,2025,False,False,H04N,5
1020250193664,2025,False,True,G01S,2
1020250197207,2025,False,True,H10W,2
1020250201502,2025,False,True,B25J,4
1020250203584,2025,False,True,G06F,1
1020250204554,2025,False,False,H10D,2
1020250209561,2025,False,True,G21D,2
1020250209627,2025,False,True,H02K,1
1020257014402,2023,False,False,G01S,2
1020257022915,2025,False,False,G06F,2
1020260005898,2026,False,False,G05D,1
1020260008175,2026,False,True,G01N,2
1020260010116,2026,False,True,H04B,2
1020260017371,2026,False,True,H10D,1
1020260020402,2026,False,False,H10H,1
1020260021564,2026,False,False,H10D,2
1020260021857,2026,False,False,H10D,1
1020260025532,2026,False,True,G06T,2
1020260034120,2026,False,True,G07C,3
1020260039738,2026,False,False,H02K,1
1020260045736,2026,False,False,H10H,1
1020260053624,2026,False,True,H04L,1
1020260055011,2026,False,False,G06T,1
1020260055231,2026,False,True,H01Q,2
1020260055232,2026,False,True,H01Q,2
1020260055233,2026,False,True,H01Q,2
1020260066955,2026,False,True,H01M,1
1020260069567,2026,False,True,G07F,4
1020260077019,2026,False,True,H10P,3
1020260082058,2026,False,True,G01R,1
1020260087860,2026,False,False,H01Q,2
1020260101476,2026,False,False,G08G,3
1020260111962,2026,False,True,G06T,3
1020260116203,2026,False,True,F41H,5
1020260116204,2026,False,True,F41H,5
1020260116205,2026,False,True,F41H,5
1020260118999,2026,False,True,F41H,4
1020260119597,2026,False,False,G01S,2
1020260140597,2026,False,True,G07F,3
1020260155655,2026,False,False,G06F,2
1020260157072,2026,False,False,H10H,2
1020260162501,2026,False,False,H04L,2
1020260167819,2026,False,False,H10H,1
1020260170768,2026,False,False,H01M,1
1020260172872,2026,False,False,G06N,2
1020267011248,2023,False,False,G06N,2
1020267011721,2025,False,False,G06N,1
2020000030174,2000,False,True,H01P,1
2020010011885,2001,False,True,H01M,1
2020010011999,2001,False,True,F41G,1
2020010017804,2001,True,True,G07D,1
2020010020485,2001,False,True,G10K,1
2020020002540,2002,False,True,H04R,1
2020020002541,2002,False,True,H04R,1
2020020006736,2002,False,True,H04R,1
2020020006737,2002,False,True,G10K,1
2020020014895,2002,False,True,H04R,1
2020020030557,2002,True,True,H01Q,1
2020030017584,2003,False,True,H04R,1
2020030032551,2003,False,True,H01Q,1
2020030038382,2003,False,True,H04R,1
2020040000087,2004,False,True,H05F,2
2020040000088,2004,False,True,H04R,1
2020040019054,2004,False,True,H04R,2
2020040032940,2004,False,True,H01F,1
2020040033625,2004,False,True,H04N,1
2020040033629,2004,False,True,H04N,1
2020040034693,2004,True,True,H04R,1
2020040037045,2004,False,True,H04R,1
2020050005377,2005,False,True,H04R,2
2020050005897,2005,False,True,H04R,1
2020050006809,2005,False,True,H01F,1
2020050020647,2005,False,True,H01F,1
2020050025679,2005,True,True,H04W,2
2020050029954,2005,False,True,H01Q,2
2020050029955,2005,False,True,H01Q,1
2020050029956,2005,False,True,H01P,2
2020050033231,2005,False,True,H04B,1
2020060005694,2006,False,True,H01F,1
2020060005695,2006,False,True,H01F,1
2020060009061,2006,False,True,H04R,1
2020060025175,2006,False,True,H04M,2
2020060031211,2006,False,True,B62L,3
2020080009446,2008,False,False,G08B,2
2020090005856,2009,False,True,H01F,1
2020100001046,2010,False,False,H04R,1
2020100013531,2010,False,True,B63C,1
2020110004547,2011,False,True,G01S,1
2020110009767,2011,False,True,H04R,2
2020120000691,2012,False,True,G01S,1
2020120001120,2012,False,True,H01R,1
2020120006379,2012,False,True,H04R,1
2020130001038,2013,False,True,G05G,1
2020130010571,2013,False,True,G01S,1
2020140003140,2014,False,True,A01K,1
2020140004752,2014,True,False,G06F,1
2020140004753,2014,True,False,G06F,1
2020140006179,2014,True,False,G02B,1
2020140006521,2014,False,False,H02K,1
2020180006088,2018,False,False,G02B,1
2020190000211,2019,False,False,G02B,1
2020190003937,2019,False,True,H04R,1
2020190005108,2019,False,True,H04R,1
2020200001520,2020,False,True,H01P,2
