source_record_id,application_number,selection_id,company_name_official,applicant_code,source_page,source_file,collected_at,target_code_in_applicants
119980992982:003:053,1019960006975,SEL-070,부전전자,119980992982,3,02_raw_data/kipris_patent_full/119980992982_page_003.json,2026-09-30T15:28:34.552Z,True
119980992982:003:052,1019960006976,SEL-070,부전전자,119980992982,3,02_raw_data/kipris_patent_full/119980992982_page_003.json,2026-09-30T15:28:34.552Z,True
119990263757:002:088,1019970068204,SEL-071,마크애니,119990263757,2,02_raw_data/kipris_patent_full/119990263757_page_002.json,2026-09-30T15:29:01.322Z,True
119990263757:001:032,1019970068205,SEL-071,마크애니,119990263757,1,02_raw_data/kipris_patent_full/119990263757_page_001.json,2026-09-30T15:28:56.695Z,True
119981108964:001:044,1019980016465,SEL-076,삼현,119981108964,1,02_raw_data/kipris_patent_full/119981108964_page_001.json,2026-09-30T15:14:46.351Z,True
119981108964:001:060,1019980016466,SEL-076,삼현,119981108964,1,02_raw_data/kipris_patent_full/119981108964_page_001.json,2026-09-30T15:14:46.351Z,True
119990263757:003:007,1019980030462,SEL-071,마크애니,119990263757,3,02_raw_data/kipris_patent_full/119990263757_page_003.json,2026-09-30T15:29:06.668Z,True
119980992982:003:051,1019980036785,SEL-070,부전전자,119980992982,3,02_raw_data/kipris_patent_full/119980992982_page_003.json,2026-09-30T15:28:34.552Z,True
119990263757:003:076,1019980037273,SEL-071,마크애니,119990263757,3,02_raw_data/kipris_patent_full/119990263757_page_003.json,2026-09-30T15:29:06.668Z,True
119990263757:002:087,1019980037274,SEL-071,마크애니,119990263757,2,02_raw_data/kipris_patent_full/119990263757_page_002.json,2026-09-30T15:29:01.322Z,True
119990263757:003:049,1019990010816,SEL-071,마크애니,119990263757,3,02_raw_data/kipris_patent_full/119990263757_page_003.json,2026-09-30T15:29:06.668Z,True
119990263757:003:020,1019990010817,SEL-071,마크애니,119990263757,3,02_raw_data/kipris_patent_full/119990263757_page_003.json,2026-09-30T15:29:06.668Z,True
119990263757:003:065,1019990010821,SEL-071,마크애니,119990263757,3,02_raw_data/kipris_patent_full/119990263757_page_003.json,2026-09-30T15:29:06.668Z,True
120000572308:001:038,1019990018479,SEL-046,옵토웰,120000572308,1,02_raw_data/kipris_patent_full/120000572308_page_001.json,2026-09-30T15:26:16.022Z,True
120000572308:001:039,1019990030503,SEL-046,옵토웰,120000572308,1,02_raw_data/kipris_patent_full/120000572308_page_001.json,2026-09-30T15:26:16.022Z,True
119990263757:002:070,1019990041111,SEL-071,마크애니,119990263757,2,02_raw_data/kipris_patent_full/119990263757_page_002.json,2026-09-30T15:29:01.322Z,True
119990582540:002:002,1019990054300,SEL-021,코난테크놀로지,119990582540,2,02_raw_data/kipris_patent_full/119990582540_page_002.json,2026-09-30T15:23:12.384Z,True
119990263757:003:064,1019990058131,SEL-071,마크애니,119990263757,3,02_raw_data/kipris_patent_full/119990263757_page_003.json,2026-09-30T15:29:06.668Z,True
119990263757:002:050,1020000001096,SEL-071,마크애니,119990263757,2,02_raw_data/kipris_patent_full/119990263757_page_002.json,2026-09-30T15:29:01.322Z,True
119990263757:003:048,1020000015406,SEL-071,마크애니,119990263757,3,02_raw_data/kipris_patent_full/119990263757_page_003.json,2026-09-30T15:29:06.668Z,True
120000572308:001:037,1020000016362,SEL-046,옵토웰,120000572308,1,02_raw_data/kipris_patent_full/120000572308_page_001.json,2026-09-30T15:26:16.022Z,True
119990263757:003:006,1020000025952,SEL-071,마크애니,119990263757,3,02_raw_data/kipris_patent_full/119990263757_page_003.json,2026-09-30T15:29:06.668Z,True
119990582540:002:001,1020000027460,SEL-021,코난테크놀로지,119990582540,2,02_raw_data/kipris_patent_full/119990582540_page_002.json,2026-09-30T15:23:12.384Z,True
119990582540:001:090,1020000034760,SEL-021,코난테크놀로지,119990582540,1,02_raw_data/kipris_patent_full/119990582540_page_001.json,2026-09-30T15:23:09.237Z,True
119990263757:001:074,1020000053755,SEL-071,마크애니,119990263757,1,02_raw_data/kipris_patent_full/119990263757_page_001.json,2026-09-30T15:28:56.695Z,True
120000572308:001:050,1020000053982,SEL-046,옵토웰,120000572308,1,02_raw_data/kipris_patent_full/120000572308_page_001.json,2026-09-30T15:26:16.022Z,True
119990263757:003:062,1020000056321,SEL-071,마크애니,119990263757,3,02_raw_data/kipris_patent_full/119990263757_page_003.json,2026-09-30T15:29:06.668Z,True
120000444501:001:004,1020000063650,SEL-064,극동통신,120000444501,1,02_raw_data/kipris_patent_full/120000444501_page_001.json,2026-09-30T15:10:47.532Z,True
119990263757:003:036,1020000065038,SEL-071,마크애니,119990263757,3,02_raw_data/kipris_patent_full/119990263757_page_003.json,2026-09-30T15:29:06.668Z,True
120000572308:001:055,1020000066637,SEL-046,옵토웰,120000572308,1,02_raw_data/kipris_patent_full/120000572308_page_001.json,2026-09-30T15:26:16.022Z,True
120000572308:001:063,1020000068925,SEL-046,옵토웰,120000572308,1,02_raw_data/kipris_patent_full/120000572308_page_001.json,2026-09-30T15:26:16.022Z,True
120000497105:001:044,1020000069268,SEL-015,아이블포토닉스,120000497105,1,02_raw_data/kipris_patent_full/120000497105_page_001.json,2026-09-30T15:22:44.285Z,True
120000497105:001:055,1020000069310,SEL-015,아이블포토닉스,120000497105,1,02_raw_data/kipris_patent_full/120000497105_page_001.json,2026-09-30T15:22:44.285Z,True
120000497105:001:071,1020000069311,SEL-015,아이블포토닉스,120000497105,1,02_raw_data/kipris_patent_full/120000497105_page_001.json,2026-09-30T15:22:44.285Z,True
120000572308:001:028,1020000071563,SEL-046,옵토웰,120000572308,1,02_raw_data/kipris_patent_full/120000572308_page_001.json,2026-09-30T15:26:16.022Z,True
119990263757:003:047,1020000074446,SEL-071,마크애니,119990263757,3,02_raw_data/kipris_patent_full/119990263757_page_003.json,2026-09-30T15:29:06.668Z,True
120000572308:001:036,1020000085537,SEL-046,옵토웰,120000572308,1,02_raw_data/kipris_patent_full/120000572308_page_001.json,2026-09-30T15:26:16.022Z,True
119990263757:003:070,1020010001940,SEL-071,마크애니,119990263757,3,02_raw_data/kipris_patent_full/119990263757_page_003.json,2026-09-30T15:29:06.668Z,True
120000079535:001:009,1020010002117,SEL-039,코모텍,120000079535,1,02_raw_data/kipris_patent_full/120000079535_page_001.json,2026-09-30T15:07:09.023Z,True
120000079535:001:012,1020010004826,SEL-039,코모텍,120000079535,1,02_raw_data/kipris_patent_full/120000079535_page_001.json,2026-09-30T15:07:09.023Z,True
120000079535:001:008,1020010005787,SEL-039,코모텍,120000079535,1,02_raw_data/kipris_patent_full/120000079535_page_001.json,2026-09-30T15:07:09.023Z,True
119990263757:003:028,1020010008255,SEL-071,마크애니,119990263757,3,02_raw_data/kipris_patent_full/119990263757_page_003.json,2026-09-30T15:29:06.668Z,True
119990582540:001:067,1020010014407,SEL-021,코난테크놀로지,119990582540,1,02_raw_data/kipris_patent_full/119990582540_page_001.json,2026-09-30T15:23:09.237Z,True
119990263757:003:069,1020010015240,SEL-071,마크애니,119990263757,3,02_raw_data/kipris_patent_full/119990263757_page_003.json,2026-09-30T15:29:06.668Z,True
119990582540:001:083,1020010015628,SEL-021,코난테크놀로지,119990582540,1,02_raw_data/kipris_patent_full/119990582540_page_001.json,2026-09-30T15:23:09.237Z,True
119990582540:001:087,1020010015672,SEL-021,코난테크놀로지,119990582540,1,02_raw_data/kipris_patent_full/119990582540_page_001.json,2026-09-30T15:23:09.237Z,True
119990263757:003:004,1020010019922,SEL-071,마크애니,119990263757,3,02_raw_data/kipris_patent_full/119990263757_page_003.json,2026-09-30T15:29:06.668Z,True
119990263757:002:086,1020010020014,SEL-071,마크애니,119990263757,2,02_raw_data/kipris_patent_full/119990263757_page_002.json,2026-09-30T15:29:01.322Z,True
119981108964:001:043,1020010020245,SEL-076,삼현,119981108964,1,02_raw_data/kipris_patent_full/119981108964_page_001.json,2026-09-30T15:14:46.351Z,True
119990263757:001:072,1020010021531,SEL-071,마크애니,119990263757,1,02_raw_data/kipris_patent_full/119990263757_page_001.json,2026-09-30T15:28:56.695Z,True
119990263757:002:025,1020010021586,SEL-071,마크애니,119990263757,2,02_raw_data/kipris_patent_full/119990263757_page_002.json,2026-09-30T15:29:01.322Z,True
120010011066:002:005,1020010022245,SEL-060,이오시스템,120010011066,2,02_raw_data/kipris_patent_full/120010011066_page_002.json,2026-09-30T15:27:40.539Z,True
120010011066:002:008,1020010022468,SEL-060,이오시스템,120010011066,2,02_raw_data/kipris_patent_full/120010011066_page_002.json,2026-09-30T15:27:40.539Z,True
119990263757:003:075,1020010023533,SEL-071,마크애니,119990263757,3,02_raw_data/kipris_patent_full/119990263757_page_003.json,2026-09-30T15:29:06.668Z,True
119990263757:003:003,1020010023562,SEL-071,마크애니,119990263757,3,02_raw_data/kipris_patent_full/119990263757_page_003.json,2026-09-30T15:29:06.668Z,True
119990263757:002:085,1020010023984,SEL-071,마크애니,119990263757,2,02_raw_data/kipris_patent_full/119990263757_page_002.json,2026-09-30T15:29:01.322Z,True
119990263757:001:043,1020010023985,SEL-071,마크애니,119990263757,1,02_raw_data/kipris_patent_full/119990263757_page_001.json,2026-09-30T15:28:56.695Z,True
119990263757:003:068,1020010027210,SEL-071,마크애니,119990263757,3,02_raw_data/kipris_patent_full/119990263757_page_003.json,2026-09-30T15:29:06.668Z,True
120010216085:001:034,1020010030344,SEL-073,아이쓰리시스템,120010216085,1,02_raw_data/kipris_patent_full/120010216085_page_001.json,2026-09-30T15:12:17.655Z,True
119990263757:003:002,1020010032162,SEL-071,마크애니,119990263757,3,02_raw_data/kipris_patent_full/119990263757_page_003.json,2026-09-30T15:29:06.668Z,True
119990263757:003:046,1020010032616,SEL-071,마크애니,119990263757,3,02_raw_data/kipris_patent_full/119990263757_page_003.json,2026-09-30T15:29:06.668Z,True
119990263757:003:035,1020010032628,SEL-071,마크애니,119990263757,3,02_raw_data/kipris_patent_full/119990263757_page_003.json,2026-09-30T15:29:06.668Z,True
120010224632:001:001,1020010033130,SEL-037,두시텍,120010224632,1,02_raw_data/kipris_patent_full/120010224632_page_001.json,2026-09-30T15:07:01.235Z,True
119990263757:003:034,1020010033568,SEL-071,마크애니,119990263757,3,02_raw_data/kipris_patent_full/119990263757_page_003.json,2026-09-30T15:29:06.668Z,True
119990263757:002:060,1020010033752,SEL-071,마크애니,119990263757,2,02_raw_data/kipris_patent_full/119990263757_page_002.json,2026-09-30T15:29:01.322Z,True
120000079535:001:007,1020010034597,SEL-039,코모텍,120000079535,1,02_raw_data/kipris_patent_full/120000079535_page_001.json,2026-09-30T15:07:09.023Z,True
119990263757:003:061,1020010035501,SEL-071,마크애니,119990263757,3,02_raw_data/kipris_patent_full/119990263757_page_003.json,2026-09-30T15:29:06.668Z,True
120000079535:001:013,1020010039579,SEL-039,코모텍,120000079535,1,02_raw_data/kipris_patent_full/120000079535_page_001.json,2026-09-30T15:07:09.023Z,True
119980992982:003:050,1020010039842,SEL-070,부전전자,119980992982,3,02_raw_data/kipris_patent_full/119980992982_page_003.json,2026-09-30T15:28:34.552Z,True
120010224632:001:029,1020010040248,SEL-037,두시텍,120010224632,1,02_raw_data/kipris_patent_full/120010224632_page_001.json,2026-09-30T15:07:01.235Z,True
120000497105:001:070,1020010041228,SEL-015,아이블포토닉스,120000497105,1,02_raw_data/kipris_patent_full/120000497105_page_001.json,2026-09-30T15:22:44.285Z,True
119990263757:003:060,1020010041541,SEL-071,마크애니,119990263757,3,02_raw_data/kipris_patent_full/119990263757_page_003.json,2026-09-30T15:29:06.668Z,True
120010216085:001:033,1020010041578,SEL-073,아이쓰리시스템,120010216085,1,02_raw_data/kipris_patent_full/120010216085_page_001.json,2026-09-30T15:12:17.655Z,True
119990263757:003:045,1020010042566,SEL-071,마크애니,119990263757,3,02_raw_data/kipris_patent_full/119990263757_page_003.json,2026-09-30T15:29:06.668Z,True
119990263757:003:074,1020010045083,SEL-071,마크애니,119990263757,3,02_raw_data/kipris_patent_full/119990263757_page_003.json,2026-09-30T15:29:06.668Z,True
119990263757:003:044,1020010045856,SEL-071,마크애니,119990263757,3,02_raw_data/kipris_patent_full/119990263757_page_003.json,2026-09-30T15:29:06.668Z,True
119990263757:003:073,1020010046523,SEL-071,마크애니,119990263757,3,02_raw_data/kipris_patent_full/119990263757_page_003.json,2026-09-30T15:29:06.668Z,True
119990263757:002:045,1020010046625,SEL-071,마크애니,119990263757,2,02_raw_data/kipris_patent_full/119990263757_page_002.json,2026-09-30T15:29:01.322Z,True
120000497105:001:069,1020010047300,SEL-015,아이블포토닉스,120000497105,1,02_raw_data/kipris_patent_full/120000497105_page_001.json,2026-09-30T15:22:44.285Z,True
120010133046:001:038,1020010049512,SEL-026,마이크로인피니티,120010133046,1,02_raw_data/kipris_patent_full/120010133046_page_001.json,2026-09-30T15:23:55.598Z,True
119990263757:003:043,1020010050226,SEL-071,마크애니,119990263757,3,02_raw_data/kipris_patent_full/119990263757_page_003.json,2026-09-30T15:29:06.668Z,True
119990263757:003:041,1020010052026,SEL-071,마크애니,119990263757,3,02_raw_data/kipris_patent_full/119990263757_page_003.json,2026-09-30T15:29:06.668Z,True
119990263757:003:059,1020010057611,SEL-071,마크애니,119990263757,3,02_raw_data/kipris_patent_full/119990263757_page_003.json,2026-09-30T15:29:06.668Z,True
119990263757:003:019,1020010061647,SEL-071,마크애니,119990263757,3,02_raw_data/kipris_patent_full/119990263757_page_003.json,2026-09-30T15:29:06.668Z,True
119990263757:002:064,1020010062934,SEL-071,마크애니,119990263757,2,02_raw_data/kipris_patent_full/119990263757_page_002.json,2026-09-30T15:29:01.322Z,True
119990263757:003:027,1020010064245,SEL-071,마크애니,119990263757,3,02_raw_data/kipris_patent_full/119990263757_page_003.json,2026-09-30T15:29:06.668Z,True
119990263757:003:018,1020010068307,SEL-071,마크애니,119990263757,3,02_raw_data/kipris_patent_full/119990263757_page_003.json,2026-09-30T15:29:06.668Z,True
119990263757:002:051,1020010069974,SEL-071,마크애니,119990263757,2,02_raw_data/kipris_patent_full/119990263757_page_002.json,2026-09-30T15:29:01.322Z,True
120000497105:001:053,1020010070930,SEL-015,아이블포토닉스,120000497105,1,02_raw_data/kipris_patent_full/120000497105_page_001.json,2026-09-30T15:22:44.285Z,True
120000497105:001:068,1020010072908,SEL-015,아이블포토닉스,120000497105,1,02_raw_data/kipris_patent_full/120000497105_page_001.json,2026-09-30T15:22:44.285Z,True
119990263757:003:026,1020010076055,SEL-071,마크애니,119990263757,3,02_raw_data/kipris_patent_full/119990263757_page_003.json,2026-09-30T15:29:06.668Z,True
119990263757:003:017,1020010084207,SEL-071,마크애니,119990263757,3,02_raw_data/kipris_patent_full/119990263757_page_003.json,2026-09-30T15:29:06.668Z,True
120000407777:001:035,1020010084791,SEL-082,이루온,120000407777,1,02_raw_data/kipris_patent_full/120000407777_page_001.json,2026-09-30T15:30:04.874Z,True
120000407777:001:074,1020010087155,SEL-082,이루온,120000407777,1,02_raw_data/kipris_patent_full/120000407777_page_001.json,2026-09-30T15:30:04.874Z,True
119990263757:003:016,1020020002647,SEL-071,마크애니,119990263757,3,02_raw_data/kipris_patent_full/119990263757_page_003.json,2026-09-30T15:29:06.668Z,True
119980992982:003:049,1020020004655,SEL-070,부전전자,119980992982,3,02_raw_data/kipris_patent_full/119980992982_page_003.json,2026-09-30T15:28:34.552Z,True
119980992982:003:046,1020020004656,SEL-070,부전전자,119980992982,3,02_raw_data/kipris_patent_full/119980992982_page_003.json,2026-09-30T15:28:34.552Z,True
119980992982:003:047,1020020004658,SEL-070,부전전자,119980992982,3,02_raw_data/kipris_patent_full/119980992982_page_003.json,2026-09-30T15:28:34.552Z,True
119980992982:003:048,1020020004659,SEL-070,부전전자,119980992982,3,02_raw_data/kipris_patent_full/119980992982_page_003.json,2026-09-30T15:28:34.552Z,True
119990263757:003:072,1020020005943,SEL-071,마크애니,119990263757,3,02_raw_data/kipris_patent_full/119990263757_page_003.json,2026-09-30T15:29:06.668Z,True
120000572308:001:061,1020020006845,SEL-046,옵토웰,120000572308,1,02_raw_data/kipris_patent_full/120000572308_page_001.json,2026-09-30T15:26:16.022Z,True
119990263757:002:084,1020020009994,SEL-071,마크애니,119990263757,2,02_raw_data/kipris_patent_full/119990263757_page_002.json,2026-09-30T15:29:01.322Z,True
119990263757:002:068,1020020011077,SEL-071,마크애니,119990263757,2,02_raw_data/kipris_patent_full/119990263757_page_002.json,2026-09-30T15:29:01.322Z,True
119980992982:003:045,1020020012127,SEL-070,부전전자,119980992982,3,02_raw_data/kipris_patent_full/119980992982_page_003.json,2026-09-30T15:28:34.552Z,True
120000079535:001:006,1020020013587,SEL-039,코모텍,120000079535,1,02_raw_data/kipris_patent_full/120000079535_page_001.json,2026-09-30T15:07:09.023Z,True
119990263757:002:019,1020020017626,SEL-071,마크애니,119990263757,2,02_raw_data/kipris_patent_full/119990263757_page_002.json,2026-09-30T15:29:01.322Z,True
120000572308:001:060,1020020018465,SEL-046,옵토웰,120000572308,1,02_raw_data/kipris_patent_full/120000572308_page_001.json,2026-09-30T15:26:16.022Z,True
119980992982:003:044,1020020020379,SEL-070,부전전자,119980992982,3,02_raw_data/kipris_patent_full/119980992982_page_003.json,2026-09-30T15:28:34.552Z,True
119990263757:003:071,1020020023903,SEL-071,마크애니,119990263757,3,02_raw_data/kipris_patent_full/119990263757_page_003.json,2026-09-30T15:29:06.668Z,True
119990263757:003:067,1020020024640,SEL-071,마크애니,119990263757,3,02_raw_data/kipris_patent_full/119990263757_page_003.json,2026-09-30T15:29:06.668Z,True
120000079535:001:014,1020020028258,SEL-039,코모텍,120000079535,1,02_raw_data/kipris_patent_full/120000079535_page_001.json,2026-09-30T15:07:09.023Z,True
119990263757:003:015,1020020030687,SEL-071,마크애니,119990263757,3,02_raw_data/kipris_patent_full/119990263757_page_003.json,2026-09-30T15:29:06.668Z,True
119990263757:003:001,1020020031112,SEL-071,마크애니,119990263757,3,02_raw_data/kipris_patent_full/119990263757_page_003.json,2026-09-30T15:29:06.668Z,True
119990263757:003:033,1020020031688,SEL-071,마크애니,119990263757,3,02_raw_data/kipris_patent_full/119990263757_page_003.json,2026-09-30T15:29:06.668Z,True
119990263757:003:058,1020020032381,SEL-071,마크애니,119990263757,3,02_raw_data/kipris_patent_full/119990263757_page_003.json,2026-09-30T15:29:06.668Z,True
120000497105:001:067,1020020039292,SEL-015,아이블포토닉스,120000497105,1,02_raw_data/kipris_patent_full/120000497105_page_001.json,2026-09-30T15:22:44.285Z,True
119990263757:003:025,1020020045775,SEL-071,마크애니,119990263757,3,02_raw_data/kipris_patent_full/119990263757_page_003.json,2026-09-30T15:29:06.668Z,True
120020328376:001:043,1020020052797,SEL-002,단암시스템즈,120020328376,1,02_raw_data/kipris_patent_full/120020328376_page_001.json,2026-09-30T15:02:00.539Z,True
119990263757:003:040,1020020057596,SEL-071,마크애니,119990263757,3,02_raw_data/kipris_patent_full/119990263757_page_003.json,2026-09-30T15:29:06.668Z,True
119980992982:003:043,1020020058676,SEL-070,부전전자,119980992982,3,02_raw_data/kipris_patent_full/119980992982_page_003.json,2026-09-30T15:28:34.552Z,True
120000444501:001:035,1020020062397,SEL-064,극동통신,120000444501,1,02_raw_data/kipris_patent_full/120000444501_page_001.json,2026-09-30T15:10:47.532Z,True
119980992982:003:042,1020020062663,SEL-070,부전전자,119980992982,3,02_raw_data/kipris_patent_full/119980992982_page_003.json,2026-09-30T15:28:34.552Z,True
119990263757:003:032,1020020062768,SEL-071,마크애니,119990263757,3,02_raw_data/kipris_patent_full/119990263757_page_003.json,2026-09-30T15:29:06.668Z,True
120000407777:001:031,1020020066060,SEL-082,이루온,120000407777,1,02_raw_data/kipris_patent_full/120000407777_page_001.json,2026-09-30T15:30:04.874Z,True
120000407777:001:077,1020020067728,SEL-082,이루온,120000407777,1,02_raw_data/kipris_patent_full/120000407777_page_001.json,2026-09-30T15:30:04.874Z,True
120010133046:001:029,1020020068501,SEL-026,마이크로인피니티,120010133046,1,02_raw_data/kipris_patent_full/120010133046_page_001.json,2026-09-30T15:23:55.598Z,True
120010133046:001:033,1020020072535,SEL-026,마이크로인피니티,120010133046,1,02_raw_data/kipris_patent_full/120010133046_page_001.json,2026-09-30T15:23:55.598Z,True
120000469797:001:015,1020020073316,SEL-013,빅텍,120000469797,1,02_raw_data/kipris_patent_full/120000469797_page_001.json,2026-09-30T15:04:08.483Z,True
120000407777:002:002,1020020073719,SEL-082,이루온,120000407777,2,02_raw_data/kipris_patent_full/120000407777_page_002.json,2026-09-30T15:30:08.224Z,True
119990263757:003:014,1020020083337,SEL-071,마크애니,119990263757,3,02_raw_data/kipris_patent_full/119990263757_page_003.json,2026-09-30T15:29:06.668Z,True
120000407777:001:076,1020020087879,SEL-082,이루온,120000407777,1,02_raw_data/kipris_patent_full/120000407777_page_001.json,2026-09-30T15:30:04.874Z,True
120000079535:001:015,1020030005621,SEL-039,코모텍,120000079535,1,02_raw_data/kipris_patent_full/120000079535_page_001.json,2026-09-30T15:07:09.023Z,True
120030032210:001:065,1020030005850,SEL-068,인텔리빅스,120030032210,1,02_raw_data/kipris_patent_full/120030032210_page_001.json,2026-09-30T15:28:06.481Z,True
120000079535:001:004,1020030008842,SEL-039,코모텍,120000079535,1,02_raw_data/kipris_patent_full/120000079535_page_001.json,2026-09-30T15:07:09.023Z,True
120000497105:001:014,1020030012846,SEL-015,아이블포토닉스,120000497105,1,02_raw_data/kipris_patent_full/120000497105_page_001.json,2026-09-30T15:22:44.285Z,True
120010011066:001:060,1020030014062,SEL-060,이오시스템,120010011066,1,02_raw_data/kipris_patent_full/120010011066_page_001.json,2026-09-30T15:27:37.204Z,True
120000407777:001:073,1020030017891,SEL-082,이루온,120000407777,1,02_raw_data/kipris_patent_full/120000407777_page_001.json,2026-09-30T15:30:04.874Z,True
120000407777:001:075,1020030017892,SEL-082,이루온,120000407777,1,02_raw_data/kipris_patent_full/120000407777_page_001.json,2026-09-30T15:30:04.874Z,True
119990263757:002:035,1020030018250,SEL-071,마크애니,119990263757,2,02_raw_data/kipris_patent_full/119990263757_page_002.json,2026-09-30T15:29:01.322Z,True
120010011066:002:007,1020030019124,SEL-060,이오시스템,120010011066,2,02_raw_data/kipris_patent_full/120010011066_page_002.json,2026-09-30T15:27:40.539Z,True
120010011066:002:004,1020030019125,SEL-060,이오시스템,120010011066,2,02_raw_data/kipris_patent_full/120010011066_page_002.json,2026-09-30T15:27:40.539Z,True
119990263757:003:039,1020030020376,SEL-071,마크애니,119990263757,3,02_raw_data/kipris_patent_full/119990263757_page_003.json,2026-09-30T15:29:06.668Z,True
120000407777:001:072,1020030021021,SEL-082,이루온,120000407777,1,02_raw_data/kipris_patent_full/120000407777_page_001.json,2026-09-30T15:30:04.874Z,True
119990263757:003:013,1020030021827,SEL-071,마크애니,119990263757,3,02_raw_data/kipris_patent_full/119990263757_page_003.json,2026-09-30T15:29:06.668Z,True
119990263757:003:031,1020030026248,SEL-071,마크애니,119990263757,3,02_raw_data/kipris_patent_full/119990263757_page_003.json,2026-09-30T15:29:06.668Z,True
119990263757:003:038,1020030029246,SEL-071,마크애니,119990263757,3,02_raw_data/kipris_patent_full/119990263757_page_003.json,2026-09-30T15:29:06.668Z,True
120020464156:001:017,1020030029358,SEL-077,케이알엠,120020464156,1,02_raw_data/kipris_patent_full/120020464156_page_001.json,2026-09-30T15:14:53.005Z,True
119990263757:002:090,1020030031252,SEL-071,마크애니,119990263757,2,02_raw_data/kipris_patent_full/119990263757_page_002.json,2026-09-30T15:29:01.322Z,True
120000572308:001:059,1020030033093,SEL-046,옵토웰,120000572308,1,02_raw_data/kipris_patent_full/120000572308_page_001.json,2026-09-30T15:26:16.022Z,True
119990263757:003:012,1020030033427,SEL-071,마크애니,119990263757,3,02_raw_data/kipris_patent_full/119990263757_page_003.json,2026-09-30T15:29:06.668Z,True
119990263757:002:083,1020030034744,SEL-071,마크애니,119990263757,2,02_raw_data/kipris_patent_full/119990263757_page_002.json,2026-09-30T15:29:01.322Z,True
120000407777:001:071,1020030036268,SEL-082,이루온,120000407777,1,02_raw_data/kipris_patent_full/120000407777_page_001.json,2026-09-30T15:30:04.874Z,True
120020464156:001:020,1020030036598,SEL-077,케이알엠,120020464156,1,02_raw_data/kipris_patent_full/120020464156_page_001.json,2026-09-30T15:14:53.005Z,True
120010011066:002:002,1020030046882,SEL-060,이오시스템,120010011066,2,02_raw_data/kipris_patent_full/120010011066_page_002.json,2026-09-30T15:27:40.539Z,True
120000497105:001:038,1020030047233,SEL-015,아이블포토닉스,120000497105,1,02_raw_data/kipris_patent_full/120000497105_page_001.json,2026-09-30T15:22:44.285Z,True
120000497105:001:052,1020030047458,SEL-015,아이블포토닉스,120000497105,1,02_raw_data/kipris_patent_full/120000497105_page_001.json,2026-09-30T15:22:44.285Z,True
120000572308:001:052,1020030048345,SEL-046,옵토웰,120000572308,1,02_raw_data/kipris_patent_full/120000572308_page_001.json,2026-09-30T15:26:16.022Z,True
120000497105:001:066,1020030049032,SEL-015,아이블포토닉스,120000497105,1,02_raw_data/kipris_patent_full/120000497105_page_001.json,2026-09-30T15:22:44.285Z,True
120000497105:001:039,1020030051431,SEL-015,아이블포토닉스,120000497105,1,02_raw_data/kipris_patent_full/120000497105_page_001.json,2026-09-30T15:22:44.285Z,True
119990263757:003:057,1020030054841,SEL-071,마크애니,119990263757,3,02_raw_data/kipris_patent_full/119990263757_page_003.json,2026-09-30T15:29:06.668Z,True
119990263757:003:066,1020030056570,SEL-071,마크애니,119990263757,3,02_raw_data/kipris_patent_full/119990263757_page_003.json,2026-09-30T15:29:06.668Z,True
120000572308:001:053,1020030059252,SEL-046,옵토웰,120000572308,1,02_raw_data/kipris_patent_full/120000572308_page_001.json,2026-09-30T15:26:16.022Z,True
120000572308:001:054,1020030059673,SEL-046,옵토웰,120000572308,1,02_raw_data/kipris_patent_full/120000572308_page_001.json,2026-09-30T15:26:16.022Z,True
119990263757:001:085,1020030060492,SEL-071,마크애니,119990263757,1,02_raw_data/kipris_patent_full/119990263757_page_001.json,2026-09-30T15:28:56.695Z,True
120000497105:001:024,1020030063376,SEL-015,아이블포토닉스,120000497105,1,02_raw_data/kipris_patent_full/120000497105_page_001.json,2026-09-30T15:22:44.285Z,True
120020328376:001:045,1020030072436,SEL-002,단암시스템즈,120020328376,1,02_raw_data/kipris_patent_full/120020328376_page_001.json,2026-09-30T15:02:00.539Z,True
120020328376:001:046,1020030075850,SEL-002,단암시스템즈,120020328376,1,02_raw_data/kipris_patent_full/120020328376_page_001.json,2026-09-30T15:02:00.539Z,True
120000497105:001:047,1020030076916,SEL-015,아이블포토닉스,120000497105,1,02_raw_data/kipris_patent_full/120000497105_page_001.json,2026-09-30T15:22:44.285Z,True
120000407777:002:001,1020030085632,SEL-082,이루온,120000407777,2,02_raw_data/kipris_patent_full/120000407777_page_002.json,2026-09-30T15:30:08.224Z,True
120000218885:001:054,1020030085952,SEL-011,대한광통신,120000218885,1,02_raw_data/kipris_patent_full/120000218885_page_001.json,2026-09-30T15:22:28.790Z,True
120000407777:001:078,1020030087205,SEL-082,이루온,120000407777,1,02_raw_data/kipris_patent_full/120000407777_page_001.json,2026-09-30T15:30:04.874Z,True
120000079535:001:010,1020030087344,SEL-039,코모텍,120000079535,1,02_raw_data/kipris_patent_full/120000079535_page_001.json,2026-09-30T15:07:09.023Z,True
120000407777:001:066,1020030089073,SEL-082,이루온,120000407777,1,02_raw_data/kipris_patent_full/120000407777_page_001.json,2026-09-30T15:30:04.874Z,True
119980992982:003:041,1020030089088,SEL-070,부전전자,119980992982,3,02_raw_data/kipris_patent_full/119980992982_page_003.json,2026-09-30T15:28:34.552Z,True
119990263757:002:073,1020030094255,SEL-071,마크애니,119990263757,2,02_raw_data/kipris_patent_full/119990263757_page_002.json,2026-09-30T15:29:01.322Z,True
119980992982:002:086,1020030098113,SEL-070,부전전자,119980992982,2,02_raw_data/kipris_patent_full/119980992982_page_002.json,2026-09-30T15:28:30.243Z,True
119980992982:001:036,1020030098667,SEL-070,부전전자,119980992982,1,02_raw_data/kipris_patent_full/119980992982_page_001.json,2026-09-30T15:28:25.879Z,True
119980992982:002:085,1020030098668,SEL-070,부전전자,119980992982,2,02_raw_data/kipris_patent_full/119980992982_page_002.json,2026-09-30T15:28:30.243Z,True
119990263757:002:072,1020040000319,SEL-071,마크애니,119990263757,2,02_raw_data/kipris_patent_full/119990263757_page_002.json,2026-09-30T15:29:01.322Z,True
120000079535:001:011,1020040005076,SEL-039,코모텍,120000079535,1,02_raw_data/kipris_patent_full/120000079535_page_001.json,2026-09-30T15:07:09.023Z,True
120040023113:001:011,1020040005718,SEL-062,삼영기계,120040023113,1,02_raw_data/kipris_patent_full/120040023113_page_001.json,2026-09-30T15:10:38.867Z,True
120000407777:001:065,1020040008274,SEL-082,이루온,120000407777,1,02_raw_data/kipris_patent_full/120000407777_page_001.json,2026-09-30T15:30:04.874Z,True
120000407777:001:063,1020040016890,SEL-082,이루온,120000407777,1,02_raw_data/kipris_patent_full/120000407777_page_001.json,2026-09-30T15:30:04.874Z,True
120000407777:001:061,1020040024134,SEL-082,이루온,120000407777,1,02_raw_data/kipris_patent_full/120000407777_page_001.json,2026-09-30T15:30:04.874Z,True
120010216085:001:021,1020040026716,SEL-073,아이쓰리시스템,120010216085,1,02_raw_data/kipris_patent_full/120010216085_page_001.json,2026-09-30T15:12:17.655Z,True
120030032210:001:061,1020040028814,SEL-068,인텔리빅스,120030032210,1,02_raw_data/kipris_patent_full/120030032210_page_001.json,2026-09-30T15:28:06.481Z,True
120010216085:001:022,1020040031838,SEL-073,아이쓰리시스템,120010216085,1,02_raw_data/kipris_patent_full/120010216085_page_001.json,2026-09-30T15:12:17.655Z,True
120000497105:001:045,1020040032234,SEL-015,아이블포토닉스,120000497105,1,02_raw_data/kipris_patent_full/120000497105_page_001.json,2026-09-30T15:22:44.285Z,True
120000407777:001:060,1020040032451,SEL-082,이루온,120000407777,1,02_raw_data/kipris_patent_full/120000407777_page_001.json,2026-09-30T15:30:04.874Z,True
119980992982:003:040,1020040033130,SEL-070,부전전자,119980992982,3,02_raw_data/kipris_patent_full/119980992982_page_003.json,2026-09-30T15:28:34.552Z,True
120010224632:001:026,1020040033985,SEL-037,두시텍,120010224632,1,02_raw_data/kipris_patent_full/120010224632_page_001.json,2026-09-30T15:07:01.235Z,True
120010224632:001:027,1020040033996,SEL-037,두시텍,120010224632,1,02_raw_data/kipris_patent_full/120010224632_page_001.json,2026-09-30T15:07:01.235Z,True
119980992982:003:039,1020040036469,SEL-070,부전전자,119980992982,3,02_raw_data/kipris_patent_full/119980992982_page_003.json,2026-09-30T15:28:34.552Z,True
120000497105:001:040,1020040036500,SEL-015,아이블포토닉스,120000497105,1,02_raw_data/kipris_patent_full/120000497105_page_001.json,2026-09-30T15:22:44.285Z,True
120000572308:001:057,1020040037891,SEL-046,옵토웰,120000572308,1,02_raw_data/kipris_patent_full/120000572308_page_001.json,2026-09-30T15:26:16.022Z,True
119980992982:001:030,1020040037959,SEL-070,부전전자,119980992982,1,02_raw_data/kipris_patent_full/119980992982_page_001.json,2026-09-30T15:28:25.879Z,True
120000444501:001:024,1020040038862,SEL-064,극동통신,120000444501,1,02_raw_data/kipris_patent_full/120000444501_page_001.json,2026-09-30T15:10:47.532Z,True
120000444501:001:020,1020040038864,SEL-064,극동통신,120000444501,1,02_raw_data/kipris_patent_full/120000444501_page_001.json,2026-09-30T15:10:47.532Z,True
120000444501:001:027,1020040038867,SEL-064,극동통신,120000444501,1,02_raw_data/kipris_patent_full/120000444501_page_001.json,2026-09-30T15:10:47.532Z,True
120000444501:001:029,1020040038868,SEL-064,극동통신,120000444501,1,02_raw_data/kipris_patent_full/120000444501_page_001.json,2026-09-30T15:10:47.532Z,True
120000444501:001:025,1020040038869,SEL-064,극동통신,120000444501,1,02_raw_data/kipris_patent_full/120000444501_page_001.json,2026-09-30T15:10:47.532Z,True
120000444501:001:031,1020040038870,SEL-064,극동통신,120000444501,1,02_raw_data/kipris_patent_full/120000444501_page_001.json,2026-09-30T15:10:47.532Z,True
120000444501:001:028,1020040038871,SEL-064,극동통신,120000444501,1,02_raw_data/kipris_patent_full/120000444501_page_001.json,2026-09-30T15:10:47.532Z,True
120000444501:001:023,1020040038872,SEL-064,극동통신,120000444501,1,02_raw_data/kipris_patent_full/120000444501_page_001.json,2026-09-30T15:10:47.532Z,True
120000444501:001:030,1020040038873,SEL-064,극동통신,120000444501,1,02_raw_data/kipris_patent_full/120000444501_page_001.json,2026-09-30T15:10:47.532Z,True
120000444501:001:021,1020040038874,SEL-064,극동통신,120000444501,1,02_raw_data/kipris_patent_full/120000444501_page_001.json,2026-09-30T15:10:47.532Z,True
120000444501:001:015,1020040038875,SEL-064,극동통신,120000444501,1,02_raw_data/kipris_patent_full/120000444501_page_001.json,2026-09-30T15:10:47.532Z,True
120000444501:001:022,1020040038876,SEL-064,극동통신,120000444501,1,02_raw_data/kipris_patent_full/120000444501_page_001.json,2026-09-30T15:10:47.532Z,True
120000444501:001:026,1020040038877,SEL-064,극동통신,120000444501,1,02_raw_data/kipris_patent_full/120000444501_page_001.json,2026-09-30T15:10:47.532Z,True
120000497105:001:042,1020040039388,SEL-015,아이블포토닉스,120000497105,1,02_raw_data/kipris_patent_full/120000497105_page_001.json,2026-09-30T15:22:44.285Z,True
120000218885:001:051,1020040043719,SEL-011,대한광통신,120000218885,1,02_raw_data/kipris_patent_full/120000218885_page_001.json,2026-09-30T15:22:28.790Z,True
120000407777:001:089,1020040045816,SEL-082,이루온,120000407777,1,02_raw_data/kipris_patent_full/120000407777_page_001.json,2026-09-30T15:30:04.874Z,True
120000407777:001:059,1020040046476,SEL-082,이루온,120000407777,1,02_raw_data/kipris_patent_full/120000407777_page_001.json,2026-09-30T15:30:04.874Z,True
120000407777:001:058,1020040050974,SEL-082,이루온,120000407777,1,02_raw_data/kipris_patent_full/120000407777_page_001.json,2026-09-30T15:30:04.874Z,True
120000407777:001:090,1020040052045,SEL-082,이루온,120000407777,1,02_raw_data/kipris_patent_full/120000407777_page_001.json,2026-09-30T15:30:04.874Z,True
120000444501:001:017,1020040055866,SEL-064,극동통신,120000444501,1,02_raw_data/kipris_patent_full/120000444501_page_001.json,2026-09-30T15:10:47.532Z,True
120000407777:001:081,1020040056930,SEL-082,이루온,120000407777,1,02_raw_data/kipris_patent_full/120000407777_page_001.json,2026-09-30T15:30:04.874Z,True
120010216085:001:027,1020040061391,SEL-073,아이쓰리시스템,120010216085,1,02_raw_data/kipris_patent_full/120010216085_page_001.json,2026-09-30T15:12:17.655Z,True
120000407777:001:088,1020040062042,SEL-082,이루온,120000407777,1,02_raw_data/kipris_patent_full/120000407777_page_001.json,2026-09-30T15:30:04.874Z,True
120000444501:001:018,1020040062297,SEL-064,극동통신,120000444501,1,02_raw_data/kipris_patent_full/120000444501_page_001.json,2026-09-30T15:10:47.532Z,True
120000444501:001:019,1020040062298,SEL-064,극동통신,120000444501,1,02_raw_data/kipris_patent_full/120000444501_page_001.json,2026-09-30T15:10:47.532Z,True
119990582540:001:069,1020040068870,SEL-021,코난테크놀로지,119990582540,1,02_raw_data/kipris_patent_full/119990582540_page_001.json,2026-09-30T15:23:09.237Z,True
120040023113:001:010,1020040069009,SEL-062,삼영기계,120040023113,1,02_raw_data/kipris_patent_full/120040023113_page_001.json,2026-09-30T15:10:38.867Z,True
120000497105:001:065,1020040070101,SEL-015,아이블포토닉스,120000497105,1,02_raw_data/kipris_patent_full/120000497105_page_001.json,2026-09-30T15:22:44.285Z,True
120000407777:001:087,1020040072297,SEL-082,이루온,120000407777,1,02_raw_data/kipris_patent_full/120000407777_page_001.json,2026-09-30T15:30:04.874Z,True
119990582540:001:066,1020040074518,SEL-021,코난테크놀로지,119990582540,1,02_raw_data/kipris_patent_full/119990582540_page_001.json,2026-09-30T15:23:09.237Z,True
120010133046:001:031,1020040078978,SEL-026,마이크로인피니티,120010133046,1,02_raw_data/kipris_patent_full/120010133046_page_001.json,2026-09-30T15:23:55.598Z,True
120040367533:001:029,1020040081723,SEL-051,소나테크,120040367533,1,02_raw_data/kipris_patent_full/120040367533_page_001.json,2026-09-30T15:08:47.197Z,True
120040367533:001:020,1020040081727,SEL-051,소나테크,120040367533,1,02_raw_data/kipris_patent_full/120040367533_page_001.json,2026-09-30T15:08:47.197Z,True
120000407777:001:054,1020040084735,SEL-082,이루온,120000407777,1,02_raw_data/kipris_patent_full/120000407777_page_001.json,2026-09-30T15:30:04.874Z,True
120000407777:001:086,1020040086252,SEL-082,이루온,120000407777,1,02_raw_data/kipris_patent_full/120000407777_page_001.json,2026-09-30T15:30:04.874Z,True
120040023113:001:009,1020040086744,SEL-062,삼영기계,120040023113,1,02_raw_data/kipris_patent_full/120040023113_page_001.json,2026-09-30T15:10:38.867Z,True
120010011066:001:089,1020040087291,SEL-060,이오시스템,120010011066,1,02_raw_data/kipris_patent_full/120010011066_page_001.json,2026-09-30T15:27:37.204Z,True
120000444501:001:016,1020040089214,SEL-064,극동통신,120000444501,1,02_raw_data/kipris_patent_full/120000444501_page_001.json,2026-09-30T15:10:47.532Z,True
119990263757:002:089,1020040090132,SEL-071,마크애니,119990263757,2,02_raw_data/kipris_patent_full/119990263757_page_002.json,2026-09-30T15:29:01.322Z,True
119990263757:003:011,1020040090787,SEL-071,마크애니,119990263757,3,02_raw_data/kipris_patent_full/119990263757_page_003.json,2026-09-30T15:29:06.668Z,True
120000407777:001:057,1020040093594,SEL-082,이루온,120000407777,1,02_raw_data/kipris_patent_full/120000407777_page_001.json,2026-09-30T15:30:04.874Z,True
120040023113:001:003,1020040094164,SEL-062,삼영기계,120040023113,1,02_raw_data/kipris_patent_full/120040023113_page_001.json,2026-09-30T15:10:38.867Z,True
120030032210:001:056,1020040095309,SEL-068,인텔리빅스,120030032210,1,02_raw_data/kipris_patent_full/120030032210_page_001.json,2026-09-30T15:28:06.481Z,True
119980992982:003:038,1020040097117,SEL-070,부전전자,119980992982,3,02_raw_data/kipris_patent_full/119980992982_page_003.json,2026-09-30T15:28:34.552Z,True
120000497105:001:026,1020040100886,SEL-015,아이블포토닉스,120000497105,1,02_raw_data/kipris_patent_full/120000497105_page_001.json,2026-09-30T15:22:44.285Z,True
119980992982:002:075,1020040102019,SEL-070,부전전자,119980992982,2,02_raw_data/kipris_patent_full/119980992982_page_002.json,2026-09-30T15:28:30.243Z,True
120000497105:001:030,1020040107540,SEL-015,아이블포토닉스,120000497105,1,02_raw_data/kipris_patent_full/120000497105_page_001.json,2026-09-30T15:22:44.285Z,True
119981108964:001:048,1020040115448,SEL-076,삼현,119981108964,1,02_raw_data/kipris_patent_full/119981108964_page_001.json,2026-09-30T15:14:46.351Z,True
119990263757:002:058,1020040117568,SEL-071,마크애니,119990263757,2,02_raw_data/kipris_patent_full/119990263757_page_002.json,2026-09-30T15:29:01.322Z,True
120040023113:001:005,1020040118282,SEL-062,삼영기계,120040023113,1,02_raw_data/kipris_patent_full/120040023113_page_001.json,2026-09-30T15:10:38.867Z,True
119990263757:002:076,1020050001648,SEL-071,마크애니,119990263757,2,02_raw_data/kipris_patent_full/119990263757_page_002.json,2026-09-30T15:29:01.322Z,True
120010133046:001:028,1020050001854,SEL-026,마이크로인피니티,120010133046,1,02_raw_data/kipris_patent_full/120010133046_page_001.json,2026-09-30T15:23:55.598Z,True
120000407777:001:055,1020050004134,SEL-082,이루온,120000407777,1,02_raw_data/kipris_patent_full/120000407777_page_001.json,2026-09-30T15:30:04.874Z,True
120000218885:001:038,1020050009076,SEL-011,대한광통신,120000218885,1,02_raw_data/kipris_patent_full/120000218885_page_001.json,2026-09-30T15:22:28.790Z,True
120000497105:001:064,1020050009932,SEL-015,아이블포토닉스,120000497105,1,02_raw_data/kipris_patent_full/120000497105_page_001.json,2026-09-30T15:22:44.285Z,True
119980992982:003:037,1020050011389,SEL-070,부전전자,119980992982,3,02_raw_data/kipris_patent_full/119980992982_page_003.json,2026-09-30T15:28:34.552Z,True
120010023639:001:015,1020050016242,SEL-010,코모텍,120010023639,1,02_raw_data/kipris_patent_full/120010023639_page_001.json,2026-09-30T15:02:54.107Z,True
120000497105:001:035,1020050020592,SEL-015,아이블포토닉스,120000497105,1,02_raw_data/kipris_patent_full/120000497105_page_001.json,2026-09-30T15:22:44.285Z,True
120000218885:001:040,1020050020725,SEL-011,대한광통신,120000218885,1,02_raw_data/kipris_patent_full/120000218885_page_001.json,2026-09-30T15:22:28.790Z,True
119980992982:002:024,1020050021182,SEL-070,부전전자,119980992982,2,02_raw_data/kipris_patent_full/119980992982_page_002.json,2026-09-30T15:28:30.243Z,True
119990582540:001:064,1020050022113,SEL-021,코난테크놀로지,119990582540,1,02_raw_data/kipris_patent_full/119990582540_page_001.json,2026-09-30T15:23:09.237Z,True
119990582540:001:082,1020050022349,SEL-021,코난테크놀로지,119990582540,1,02_raw_data/kipris_patent_full/119990582540_page_001.json,2026-09-30T15:23:09.237Z,True
120000407777:001:052,1020050022613,SEL-082,이루온,120000407777,1,02_raw_data/kipris_patent_full/120000407777_page_001.json,2026-09-30T15:30:04.874Z,True
119990582540:001:089,1020050024460,SEL-021,코난테크놀로지,119990582540,1,02_raw_data/kipris_patent_full/119990582540_page_001.json,2026-09-30T15:23:09.237Z,True
119990582540:001:084,1020050024461,SEL-021,코난테크놀로지,119990582540,1,02_raw_data/kipris_patent_full/119990582540_page_001.json,2026-09-30T15:23:09.237Z,True
119990582540:001:086,1020050024462,SEL-021,코난테크놀로지,119990582540,1,02_raw_data/kipris_patent_full/119990582540_page_001.json,2026-09-30T15:23:09.237Z,True
119990582540:001:088,1020050024463,SEL-021,코난테크놀로지,119990582540,1,02_raw_data/kipris_patent_full/119990582540_page_001.json,2026-09-30T15:23:09.237Z,True
120000407777:001:049,1020050030552,SEL-082,이루온,120000407777,1,02_raw_data/kipris_patent_full/120000407777_page_001.json,2026-09-30T15:30:04.874Z,True
120000407777:001:048,1020050031800,SEL-082,이루온,120000407777,1,02_raw_data/kipris_patent_full/120000407777_page_001.json,2026-09-30T15:30:04.874Z,True
120000407777:001:085,1020050036713,SEL-082,이루온,120000407777,1,02_raw_data/kipris_patent_full/120000407777_page_001.json,2026-09-30T15:30:04.874Z,True
120000407777:001:044,1020050041317,SEL-082,이루온,120000407777,1,02_raw_data/kipris_patent_full/120000407777_page_001.json,2026-09-30T15:30:04.874Z,True
120000407777:001:045,1020050041318,SEL-082,이루온,120000407777,1,02_raw_data/kipris_patent_full/120000407777_page_001.json,2026-09-30T15:30:04.874Z,True
120000407777:001:084,1020050042040,SEL-082,이루온,120000407777,1,02_raw_data/kipris_patent_full/120000407777_page_001.json,2026-09-30T15:30:04.874Z,True
119980992982:003:036,1020050047284,SEL-070,부전전자,119980992982,3,02_raw_data/kipris_patent_full/119980992982_page_003.json,2026-09-30T15:28:34.552Z,True
119980992982:003:035,1020050069601,SEL-070,부전전자,119980992982,3,02_raw_data/kipris_patent_full/119980992982_page_003.json,2026-09-30T15:28:34.552Z,True
119990263757:002:006,1020050070523,SEL-071,마크애니,119990263757,2,02_raw_data/kipris_patent_full/119990263757_page_002.json,2026-09-30T15:29:01.322Z,True
120000407777:001:028,1020050082691,SEL-082,이루온,120000407777,1,02_raw_data/kipris_patent_full/120000407777_page_001.json,2026-09-30T15:30:04.874Z,True
120010133046:001:022,1020050084716,SEL-026,마이크로인피니티,120010133046,1,02_raw_data/kipris_patent_full/120010133046_page_001.json,2026-09-30T15:23:55.598Z,True
120010133046:001:021,1020050084717,SEL-026,마이크로인피니티,120010133046,1,02_raw_data/kipris_patent_full/120010133046_page_001.json,2026-09-30T15:23:55.598Z,True
120010216085:001:006,1020050084857,SEL-073,아이쓰리시스템,120010216085,1,02_raw_data/kipris_patent_full/120010216085_page_001.json,2026-09-30T15:12:17.655Z,True
120000407777:001:025,1020050086862,SEL-082,이루온,120000407777,1,02_raw_data/kipris_patent_full/120000407777_page_001.json,2026-09-30T15:30:04.874Z,True
120000407777:001:027,1020050086863,SEL-082,이루온,120000407777,1,02_raw_data/kipris_patent_full/120000407777_page_001.json,2026-09-30T15:30:04.874Z,True
120000407777:001:026,1020050086864,SEL-082,이루온,120000407777,1,02_raw_data/kipris_patent_full/120000407777_page_001.json,2026-09-30T15:30:04.874Z,True
120050038282:001:021,1020050093760,SEL-025,쿠오핀,120050038282,1,02_raw_data/kipris_patent_full/120050038282_page_001.json,2026-09-30T15:23:50.184Z,True
120050038282:001:019,1020050093762,SEL-025,쿠오핀,120050038282,1,02_raw_data/kipris_patent_full/120050038282_page_001.json,2026-09-30T15:23:50.184Z,True
120000407777:001:021,1020050099533,SEL-082,이루온,120000407777,1,02_raw_data/kipris_patent_full/120000407777_page_001.json,2026-09-30T15:30:04.874Z,True
119990582540:001:037,1020050101470,SEL-021,코난테크놀로지,119990582540,1,02_raw_data/kipris_patent_full/119990582540_page_001.json,2026-09-30T15:23:09.237Z,True
120000218885:001:025,1020050102513,SEL-011,대한광통신,120000218885,1,02_raw_data/kipris_patent_full/120000218885_page_001.json,2026-09-30T15:22:28.790Z,True
120010023639:001:007,1020050106049,SEL-010,코모텍,120010023639,1,02_raw_data/kipris_patent_full/120010023639_page_001.json,2026-09-30T15:02:54.107Z,True
119990582540:001:035,1020050107714,SEL-021,코난테크놀로지,119990582540,1,02_raw_data/kipris_patent_full/119990582540_page_001.json,2026-09-30T15:23:09.237Z,True
119990263757:001:059,1020050109671,SEL-071,마크애니,119990263757,1,02_raw_data/kipris_patent_full/119990263757_page_001.json,2026-09-30T15:28:56.695Z,True
119980992982:003:034,1020050117614,SEL-070,부전전자,119980992982,3,02_raw_data/kipris_patent_full/119980992982_page_003.json,2026-09-30T15:28:34.552Z,True
120000218885:001:008,1020050117625,SEL-011,대한광통신,120000218885,1,02_raw_data/kipris_patent_full/120000218885_page_001.json,2026-09-30T15:22:28.790Z,True
119990263757:002:082,1020060005694,SEL-071,마크애니,119990263757,2,02_raw_data/kipris_patent_full/119990263757_page_002.json,2026-09-30T15:29:01.322Z,True
119990263757:003:024,1020060005695,SEL-071,마크애니,119990263757,3,02_raw_data/kipris_patent_full/119990263757_page_003.json,2026-09-30T15:29:06.668Z,True
119990263757:003:037,1020060005696,SEL-071,마크애니,119990263757,3,02_raw_data/kipris_patent_full/119990263757_page_003.json,2026-09-30T15:29:06.668Z,True
120000497105:001:063,1020060007422,SEL-015,아이블포토닉스,120000497105,1,02_raw_data/kipris_patent_full/120000497105_page_001.json,2026-09-30T15:22:44.285Z,True
119980992982:002:027,1020060009018,SEL-070,부전전자,119980992982,2,02_raw_data/kipris_patent_full/119980992982_page_002.json,2026-09-30T15:28:30.243Z,True
120010216085:001:023,1020060012651,SEL-073,아이쓰리시스템,120010216085,1,02_raw_data/kipris_patent_full/120010216085_page_001.json,2026-09-30T15:12:17.655Z,True
120000407777:001:004,1020060013142,SEL-082,이루온,120000407777,1,02_raw_data/kipris_patent_full/120000407777_page_001.json,2026-09-30T15:30:04.874Z,True
119990582540:001:004,1020060023583,SEL-021,코난테크놀로지,119990582540,1,02_raw_data/kipris_patent_full/119990582540_page_001.json,2026-09-30T15:23:09.237Z,True
119990582540:001:003,1020060023584,SEL-021,코난테크놀로지,119990582540,1,02_raw_data/kipris_patent_full/119990582540_page_001.json,2026-09-30T15:23:09.237Z,True
120000218885:001:028,1020060024045,SEL-011,대한광통신,120000218885,1,02_raw_data/kipris_patent_full/120000218885_page_001.json,2026-09-30T15:22:28.790Z,True
120000218885:001:027,1020060024048,SEL-011,대한광통신,120000218885,1,02_raw_data/kipris_patent_full/120000218885_page_001.json,2026-09-30T15:22:28.790Z,True
119980992982:003:003,1020060024839,SEL-070,부전전자,119980992982,3,02_raw_data/kipris_patent_full/119980992982_page_003.json,2026-09-30T15:28:34.552Z,True
119990263757:001:001,1020060027813,SEL-071,마크애니,119990263757,1,02_raw_data/kipris_patent_full/119990263757_page_001.json,2026-09-30T15:28:56.695Z,True
120000497105:001:056,1020060032400,SEL-015,아이블포토닉스,120000497105,1,02_raw_data/kipris_patent_full/120000497105_page_001.json,2026-09-30T15:22:44.285Z,True
120010216085:001:012,1020060038952,SEL-073,아이쓰리시스템,120010216085,1,02_raw_data/kipris_patent_full/120010216085_page_001.json,2026-09-30T15:12:17.655Z,True
120010216085:001:013,1020060038953,SEL-073,아이쓰리시스템,120010216085,1,02_raw_data/kipris_patent_full/120010216085_page_001.json,2026-09-30T15:12:17.655Z,True
120020328376:001:033,1020060041606,SEL-002,단암시스템즈,120020328376,1,02_raw_data/kipris_patent_full/120020328376_page_001.json,2026-09-30T15:02:00.539Z,True
120060069154:001:018,1020060051643,SEL-012,영풍전자,120060069154,1,02_raw_data/kipris_patent_full/120060069154_page_001.json,2026-09-30T15:04:01.035Z,True
120040023113:001:002,1020060053082,SEL-062,삼영기계,120040023113,1,02_raw_data/kipris_patent_full/120040023113_page_001.json,2026-09-30T15:10:38.867Z,True
120000497105:001:062,1020060055016,SEL-015,아이블포토닉스,120000497105,1,02_raw_data/kipris_patent_full/120000497105_page_001.json,2026-09-30T15:22:44.285Z,True
120010133046:001:036,1020060055760,SEL-026,마이크로인피니티,120010133046,1,02_raw_data/kipris_patent_full/120010133046_page_001.json,2026-09-30T15:23:55.598Z,True
120040023113:001:001,1020060057016,SEL-062,삼영기계,120040023113,1,02_raw_data/kipris_patent_full/120040023113_page_001.json,2026-09-30T15:10:38.867Z,True
119981108964:001:045,1020060067792,SEL-076,삼현,119981108964,1,02_raw_data/kipris_patent_full/119981108964_page_001.json,2026-09-30T15:14:46.351Z,True
119981108964:001:064,1020060067793,SEL-076,삼현,119981108964,1,02_raw_data/kipris_patent_full/119981108964_page_001.json,2026-09-30T15:14:46.351Z,True
120000407777:001:014,1020060076054,SEL-082,이루온,120000407777,1,02_raw_data/kipris_patent_full/120000407777_page_001.json,2026-09-30T15:30:04.874Z,True
119990263757:003:056,1020060081781,SEL-071,마크애니,119990263757,3,02_raw_data/kipris_patent_full/119990263757_page_003.json,2026-09-30T15:29:06.668Z,True
119990263757:002:081,1020060085439,SEL-071,마크애니,119990263757,2,02_raw_data/kipris_patent_full/119990263757_page_002.json,2026-09-30T15:29:01.322Z,True
119980992982:003:033,1020060090534,SEL-070,부전전자,119980992982,3,02_raw_data/kipris_patent_full/119980992982_page_003.json,2026-09-30T15:28:34.552Z,True
119980992982:003:032,1020060090544,SEL-070,부전전자,119980992982,3,02_raw_data/kipris_patent_full/119980992982_page_003.json,2026-09-30T15:28:34.552Z,True
120000407777:001:034,1020060094154,SEL-082,이루온,120000407777,1,02_raw_data/kipris_patent_full/120000407777_page_001.json,2026-09-30T15:30:04.874Z,True
120000218885:001:052,1020060109518,SEL-011,대한광통신,120000218885,1,02_raw_data/kipris_patent_full/120000218885_page_001.json,2026-09-30T15:22:28.790Z,True
120010216085:001:031,1020060113524,SEL-073,아이쓰리시스템,120010216085,1,02_raw_data/kipris_patent_full/120010216085_page_001.json,2026-09-30T15:12:17.655Z,True
120050038282:001:004,1020060116871,SEL-025,쿠오핀,120050038282,1,02_raw_data/kipris_patent_full/120050038282_page_001.json,2026-09-30T15:23:50.184Z,True
119990263757:001:049,1020060118167,SEL-071,마크애니,119990263757,1,02_raw_data/kipris_patent_full/119990263757_page_001.json,2026-09-30T15:28:56.695Z,True
120000572308:001:062,1020060123762,SEL-046,옵토웰,120000572308,1,02_raw_data/kipris_patent_full/120000572308_page_001.json,2026-09-30T15:26:16.022Z,True
119980992982:003:031,1020060124426,SEL-070,부전전자,119980992982,3,02_raw_data/kipris_patent_full/119980992982_page_003.json,2026-09-30T15:28:34.552Z,True
119990582540:001:021,1020070003946,SEL-021,코난테크놀로지,119990582540,1,02_raw_data/kipris_patent_full/119990582540_page_001.json,2026-09-30T15:23:09.237Z,True
120040023113:001:006,1020070004932,SEL-062,삼영기계,120040023113,1,02_raw_data/kipris_patent_full/120040023113_page_001.json,2026-09-30T15:10:38.867Z,True
120000218885:001:044,1020070008948,SEL-011,대한광통신,120000218885,1,02_raw_data/kipris_patent_full/120000218885_page_001.json,2026-09-30T15:22:28.790Z,True
119990582540:001:016,1020070009350,SEL-021,코난테크놀로지,119990582540,1,02_raw_data/kipris_patent_full/119990582540_page_001.json,2026-09-30T15:23:09.237Z,True
119981108964:001:057,1020070011379,SEL-076,삼현,119981108964,1,02_raw_data/kipris_patent_full/119981108964_page_001.json,2026-09-30T15:14:46.351Z,True
120010133046:001:039,1020070012193,SEL-026,마이크로인피니티,120010133046,1,02_raw_data/kipris_patent_full/120010133046_page_001.json,2026-09-30T15:23:55.598Z,True
120040367533:001:034,1020070015273,SEL-051,소나테크,120040367533,1,02_raw_data/kipris_patent_full/120040367533_page_001.json,2026-09-30T15:08:47.197Z,True
120040367533:001:035,1020070015280,SEL-051,소나테크,120040367533,1,02_raw_data/kipris_patent_full/120040367533_page_001.json,2026-09-30T15:08:47.197Z,True
120000572308:001:044,1020070029788,SEL-046,옵토웰,120000572308,1,02_raw_data/kipris_patent_full/120000572308_page_001.json,2026-09-30T15:26:16.022Z,True
120050027351:001:003,1020070045638,SEL-003,제노코,120050027351,1,02_raw_data/kipris_patent_full/120050027351_page_001.json,2026-09-30T15:02:04.215Z,True
119990582540:001:040,1020070047197,SEL-021,코난테크놀로지,119990582540,1,02_raw_data/kipris_patent_full/119990582540_page_001.json,2026-09-30T15:23:09.237Z,True
119990582540:001:008,1020070048252,SEL-021,코난테크놀로지,119990582540,1,02_raw_data/kipris_patent_full/119990582540_page_001.json,2026-09-30T15:23:09.237Z,True
119990582540:001:019,1020070055095,SEL-021,코난테크놀로지,119990582540,1,02_raw_data/kipris_patent_full/119990582540_page_001.json,2026-09-30T15:23:09.237Z,True
120000407777:001:050,1020070055237,SEL-082,이루온,120000407777,1,02_raw_data/kipris_patent_full/120000407777_page_001.json,2026-09-30T15:30:04.874Z,True
120000469797:001:010,1020070062355,SEL-013,빅텍,120000469797,1,02_raw_data/kipris_patent_full/120000469797_page_001.json,2026-09-30T15:04:08.483Z,True
119990263757:002:034,1020070065812,SEL-071,마크애니,119990263757,2,02_raw_data/kipris_patent_full/119990263757_page_002.json,2026-09-30T15:29:01.322Z,True
120020328376:001:019,1020070066210,SEL-002,단암시스템즈,120020328376,1,02_raw_data/kipris_patent_full/120020328376_page_001.json,2026-09-30T15:02:00.539Z,True
120000407777:001:039,1020070067116,SEL-082,이루온,120000407777,1,02_raw_data/kipris_patent_full/120000407777_page_001.json,2026-09-30T15:30:04.874Z,True
120010216085:001:030,1020070070865,SEL-073,아이쓰리시스템,120010216085,1,02_raw_data/kipris_patent_full/120010216085_page_001.json,2026-09-30T15:12:17.655Z,True
120000407777:001:083,1020070073075,SEL-082,이루온,120000407777,1,02_raw_data/kipris_patent_full/120000407777_page_001.json,2026-09-30T15:30:04.874Z,True
119981033521:001:014,1020070074371,SEL-013,빅텍,119981033521,1,02_raw_data/kipris_patent_full/119981033521_page_001.json,2026-09-30T15:04:04.574Z,True
120010216085:001:010,1020070075271,SEL-073,아이쓰리시스템,120010216085,1,02_raw_data/kipris_patent_full/120010216085_page_001.json,2026-09-30T15:12:17.655Z,True
120010216085:001:009,1020070075709,SEL-073,아이쓰리시스템,120010216085,1,02_raw_data/kipris_patent_full/120010216085_page_001.json,2026-09-30T15:12:17.655Z,True
119990582540:001:029,1020070078944,SEL-021,코난테크놀로지,119990582540,1,02_raw_data/kipris_patent_full/119990582540_page_001.json,2026-09-30T15:23:09.237Z,True
119990582540:001:010,1020070079455,SEL-021,코난테크놀로지,119990582540,1,02_raw_data/kipris_patent_full/119990582540_page_001.json,2026-09-30T15:23:09.237Z,True
119980992982:003:030,1020070082168,SEL-070,부전전자,119980992982,3,02_raw_data/kipris_patent_full/119980992982_page_003.json,2026-09-30T15:28:34.552Z,True
119990263757:002:036,1020070082485,SEL-071,마크애니,119990263757,2,02_raw_data/kipris_patent_full/119990263757_page_002.json,2026-09-30T15:29:01.322Z,True
119981033521:001:012,1020070083493,SEL-013,빅텍,119981033521,1,02_raw_data/kipris_patent_full/119981033521_page_001.json,2026-09-30T15:04:04.574Z,True
119990582540:001:042,1020070084365,SEL-021,코난테크놀로지,119990582540,1,02_raw_data/kipris_patent_full/119990582540_page_001.json,2026-09-30T15:23:09.237Z,True
120010216085:001:028,1020070090610,SEL-073,아이쓰리시스템,120010216085,1,02_raw_data/kipris_patent_full/120010216085_page_001.json,2026-09-30T15:12:17.655Z,True
119980992982:003:029,1020070094762,SEL-070,부전전자,119980992982,3,02_raw_data/kipris_patent_full/119980992982_page_003.json,2026-09-30T15:28:34.552Z,True
120000497105:001:061,1020070094894,SEL-015,아이블포토닉스,120000497105,1,02_raw_data/kipris_patent_full/120000497105_page_001.json,2026-09-30T15:22:44.285Z,True
120000497105:001:060,1020070094904,SEL-015,아이블포토닉스,120000497105,1,02_raw_data/kipris_patent_full/120000497105_page_001.json,2026-09-30T15:22:44.285Z,True
120070411804:001:009,1020070105621,SEL-036,솔탑,120070411804,1,02_raw_data/kipris_patent_full/120070411804_page_001.json,2026-09-30T15:24:20.530Z,True
119980992982:001:010,1020070106317,SEL-070,부전전자,119980992982,1,02_raw_data/kipris_patent_full/119980992982_page_001.json,2026-09-30T15:28:25.879Z,True
119981033521:001:011,1020070107117,SEL-013,빅텍,119981033521,1,02_raw_data/kipris_patent_full/119981033521_page_001.json,2026-09-30T15:04:04.574Z,True
119990582540:001:062,1020070107155,SEL-021,코난테크놀로지,119990582540,1,02_raw_data/kipris_patent_full/119990582540_page_001.json,2026-09-30T15:23:09.237Z,True
120000497105:001:059,1020070107325,SEL-015,아이블포토닉스,120000497105,1,02_raw_data/kipris_patent_full/120000497105_page_001.json,2026-09-30T15:22:44.285Z,True
120010011066:002:003,1020070109745,SEL-060,이오시스템,120010011066,2,02_raw_data/kipris_patent_full/120010011066_page_002.json,2026-09-30T15:27:40.539Z,True
119980992982:003:028,1020070120860,SEL-070,부전전자,119980992982,3,02_raw_data/kipris_patent_full/119980992982_page_003.json,2026-09-30T15:28:34.552Z,True
119990263757:001:048,1020070121057,SEL-071,마크애니,119990263757,1,02_raw_data/kipris_patent_full/119990263757_page_001.json,2026-09-30T15:28:56.695Z,True
120070411804:001:003,1020070121360,SEL-036,솔탑,120070411804,1,02_raw_data/kipris_patent_full/120070411804_page_001.json,2026-09-30T15:24:20.530Z,True
120000407777:001:022,1020070121540,SEL-082,이루온,120000407777,1,02_raw_data/kipris_patent_full/120000407777_page_001.json,2026-09-30T15:30:04.874Z,True
120010011066:001:064,1020070126560,SEL-060,이오시스템,120010011066,1,02_raw_data/kipris_patent_full/120010011066_page_001.json,2026-09-30T15:27:37.204Z,True
119990263757:002:037,1020070126689,SEL-071,마크애니,119990263757,2,02_raw_data/kipris_patent_full/119990263757_page_002.json,2026-09-30T15:29:01.322Z,True
119990263757:001:064,1020070126690,SEL-071,마크애니,119990263757,1,02_raw_data/kipris_patent_full/119990263757_page_001.json,2026-09-30T15:28:56.695Z,True
120020328376:001:027,1020070127841,SEL-002,단암시스템즈,120020328376,1,02_raw_data/kipris_patent_full/120020328376_page_001.json,2026-09-30T15:02:00.539Z,True
120010011066:001:031,1020070129995,SEL-060,이오시스템,120010011066,1,02_raw_data/kipris_patent_full/120010011066_page_001.json,2026-09-30T15:27:37.204Z,True
120000497105:001:058,1020070132402,SEL-015,아이블포토닉스,120000497105,1,02_raw_data/kipris_patent_full/120000497105_page_001.json,2026-09-30T15:22:44.285Z,True
120000407777:001:037,1020070140088,SEL-082,이루온,120000407777,1,02_raw_data/kipris_patent_full/120000407777_page_001.json,2026-09-30T15:30:04.874Z,True
120000572308:001:051,1020080003044,SEL-046,옵토웰,120000572308,1,02_raw_data/kipris_patent_full/120000572308_page_001.json,2026-09-30T15:26:16.022Z,True
120000407777:001:043,1020080003848,SEL-082,이루온,120000407777,1,02_raw_data/kipris_patent_full/120000407777_page_001.json,2026-09-30T15:30:04.874Z,True
119990263757:001:020,1020080004973,SEL-071,마크애니,119990263757,1,02_raw_data/kipris_patent_full/119990263757_page_001.json,2026-09-30T15:28:56.695Z,True
120000497105:001:049,1020080013661,SEL-015,아이블포토닉스,120000497105,1,02_raw_data/kipris_patent_full/120000497105_page_001.json,2026-09-30T15:22:44.285Z,True
120010133046:001:025,1020080014455,SEL-026,마이크로인피니티,120010133046,1,02_raw_data/kipris_patent_full/120010133046_page_001.json,2026-09-30T15:23:55.598Z,True
120010216085:001:018,1020080014809,SEL-073,아이쓰리시스템,120010216085,1,02_raw_data/kipris_patent_full/120010216085_page_001.json,2026-09-30T15:12:17.655Z,True
119990263757:001:081,1020080016919,SEL-071,마크애니,119990263757,1,02_raw_data/kipris_patent_full/119990263757_page_001.json,2026-09-30T15:28:56.695Z,True
119990263757:002:010,1020080016922,SEL-071,마크애니,119990263757,2,02_raw_data/kipris_patent_full/119990263757_page_002.json,2026-09-30T15:29:01.322Z,True
119990582540:001:085,1020080021572,SEL-021,코난테크놀로지,119990582540,1,02_raw_data/kipris_patent_full/119990582540_page_001.json,2026-09-30T15:23:09.237Z,True
119990263757:002:017,1020080022462,SEL-071,마크애니,119990263757,2,02_raw_data/kipris_patent_full/119990263757_page_002.json,2026-09-30T15:29:01.322Z,True
120010133046:001:023,1020080024464,SEL-026,마이크로인피니티,120010133046,1,02_raw_data/kipris_patent_full/120010133046_page_001.json,2026-09-30T15:23:55.598Z,True
119990263757:001:047,1020080025406,SEL-071,마크애니,119990263757,1,02_raw_data/kipris_patent_full/119990263757_page_001.json,2026-09-30T15:28:56.695Z,True
119990263757:002:005,1020080025821,SEL-071,마크애니,119990263757,2,02_raw_data/kipris_patent_full/119990263757_page_002.json,2026-09-30T15:29:01.322Z,True
119990263757:001:089,1020080029295,SEL-071,마크애니,119990263757,1,02_raw_data/kipris_patent_full/119990263757_page_001.json,2026-09-30T15:28:56.695Z,True
120010011066:001:038,1020080029697,SEL-060,이오시스템,120010011066,1,02_raw_data/kipris_patent_full/120010011066_page_001.json,2026-09-30T15:27:37.204Z,True
119990263757:002:032,1020080035286,SEL-071,마크애니,119990263757,2,02_raw_data/kipris_patent_full/119990263757_page_002.json,2026-09-30T15:29:01.322Z,True
119990263757:001:071,1020080036377,SEL-071,마크애니,119990263757,1,02_raw_data/kipris_patent_full/119990263757_page_001.json,2026-09-30T15:28:56.695Z,True
120010011066:001:075,1020080036778,SEL-060,이오시스템,120010011066,1,02_raw_data/kipris_patent_full/120010011066_page_001.json,2026-09-30T15:27:37.204Z,True
119990263757:002:031,1020080038934,SEL-071,마크애니,119990263757,2,02_raw_data/kipris_patent_full/119990263757_page_002.json,2026-09-30T15:29:01.322Z,True
120040023113:001:008,1020080042937,SEL-062,삼영기계,120040023113,1,02_raw_data/kipris_patent_full/120040023113_page_001.json,2026-09-30T15:10:38.867Z,True
120010133046:001:035,1020080044038,SEL-026,마이크로인피니티,120010133046,1,02_raw_data/kipris_patent_full/120010133046_page_001.json,2026-09-30T15:23:55.598Z,True
120080201130:001:015,1020080045414,SEL-017,우리별,120080201130,1,02_raw_data/kipris_patent_full/120080201130_page_001.json,2026-09-30T15:04:45.581Z,True
120010216085:001:002,1020080046775,SEL-073,아이쓰리시스템,120010216085,1,02_raw_data/kipris_patent_full/120010216085_page_001.json,2026-09-30T15:12:17.655Z,True
120010216085:001:008,1020080046777,SEL-073,아이쓰리시스템,120010216085,1,02_raw_data/kipris_patent_full/120010216085_page_001.json,2026-09-30T15:12:17.655Z,True
120080209284:001:015,1020080048009,SEL-081,모아컴코리아,120080209284,1,02_raw_data/kipris_patent_full/120080209284_page_001.json,2026-09-30T15:15:46.057Z,True
119990263757:002:030,1020080051721,SEL-071,마크애니,119990263757,2,02_raw_data/kipris_patent_full/119990263757_page_002.json,2026-09-30T15:29:01.322Z,True
120000407777:001:001,1020080053341,SEL-082,이루온,120000407777,1,02_raw_data/kipris_patent_full/120000407777_page_001.json,2026-09-30T15:30:04.874Z,True
119990582540:001:052,1020080054321,SEL-021,코난테크놀로지,119990582540,1,02_raw_data/kipris_patent_full/119990582540_page_001.json,2026-09-30T15:23:09.237Z,True
120000218885:001:065,1020080056987,SEL-011,대한광통신,120000218885,1,02_raw_data/kipris_patent_full/120000218885_page_001.json,2026-09-30T15:22:28.790Z,True
120010133046:001:024,1020080063541,SEL-026,마이크로인피니티,120010133046,1,02_raw_data/kipris_patent_full/120010133046_page_001.json,2026-09-30T15:23:55.598Z,True
119990582540:001:020,1020080063883,SEL-021,코난테크놀로지,119990582540,1,02_raw_data/kipris_patent_full/119990582540_page_001.json,2026-09-30T15:23:09.237Z,True
119990263757:001:055,1020080064512,SEL-071,마크애니,119990263757,1,02_raw_data/kipris_patent_full/119990263757_page_001.json,2026-09-30T15:28:56.695Z,True
120030032210:001:042,1020080065180,SEL-068,인텔리빅스,120030032210,1,02_raw_data/kipris_patent_full/120030032210_page_001.json,2026-09-30T15:28:06.481Z,True
120000407777:001:008,1020080065307,SEL-082,이루온,120000407777,1,02_raw_data/kipris_patent_full/120000407777_page_001.json,2026-09-30T15:30:04.874Z,True
120010011066:001:051,1020080065416,SEL-060,이오시스템,120010011066,1,02_raw_data/kipris_patent_full/120010011066_page_001.json,2026-09-30T15:27:37.204Z,True
119990263757:001:083,1020080069263,SEL-071,마크애니,119990263757,1,02_raw_data/kipris_patent_full/119990263757_page_001.json,2026-09-30T15:28:56.695Z,True
120010133046:001:037,1020080069693,SEL-026,마이크로인피니티,120010133046,1,02_raw_data/kipris_patent_full/120010133046_page_001.json,2026-09-30T15:23:55.598Z,True
120000469797:001:006,1020080070073,SEL-013,빅텍,120000469797,1,02_raw_data/kipris_patent_full/120000469797_page_001.json,2026-09-30T15:04:08.483Z,True
119990263757:001:016,1020080070238,SEL-071,마크애니,119990263757,1,02_raw_data/kipris_patent_full/119990263757_page_001.json,2026-09-30T15:28:56.695Z,True
120000444501:001:011,1020080071798,SEL-064,극동통신,120000444501,1,02_raw_data/kipris_patent_full/120000444501_page_001.json,2026-09-30T15:10:47.532Z,True
120030032210:001:037,1020080074461,SEL-068,인텔리빅스,120030032210,1,02_raw_data/kipris_patent_full/120030032210_page_001.json,2026-09-30T15:28:06.481Z,True
120010133046:001:026,1020080075103,SEL-026,마이크로인피니티,120010133046,1,02_raw_data/kipris_patent_full/120010133046_page_001.json,2026-09-30T15:23:55.598Z,True
120030032210:001:041,1020080077656,SEL-068,인텔리빅스,120030032210,1,02_raw_data/kipris_patent_full/120030032210_page_001.json,2026-09-30T15:28:06.481Z,True
119990263757:002:055,1020080078793,SEL-071,마크애니,119990263757,2,02_raw_data/kipris_patent_full/119990263757_page_002.json,2026-09-30T15:29:01.322Z,True
120030032210:001:038,1020080079618,SEL-068,인텔리빅스,120030032210,1,02_raw_data/kipris_patent_full/120030032210_page_001.json,2026-09-30T15:28:06.481Z,True
119990263757:001:084,1020080079917,SEL-071,마크애니,119990263757,1,02_raw_data/kipris_patent_full/119990263757_page_001.json,2026-09-30T15:28:56.695Z,True
119990263757:002:054,1020080081825,SEL-071,마크애니,119990263757,2,02_raw_data/kipris_patent_full/119990263757_page_002.json,2026-09-30T15:29:01.322Z,True
120050038282:001:005,1020080084148,SEL-025,쿠오핀,120050038282,1,02_raw_data/kipris_patent_full/120050038282_page_001.json,2026-09-30T15:23:50.184Z,True
120010011066:001:070,1020080084949,SEL-060,이오시스템,120010011066,1,02_raw_data/kipris_patent_full/120010011066_page_001.json,2026-09-30T15:27:37.204Z,True
120030032210:001:018,1020080085651,SEL-068,인텔리빅스,120030032210,1,02_raw_data/kipris_patent_full/120030032210_page_001.json,2026-09-30T15:28:06.481Z,True
119990263757:002:029,1020080092561,SEL-071,마크애니,119990263757,2,02_raw_data/kipris_patent_full/119990263757_page_002.json,2026-09-30T15:29:01.322Z,True
120010133046:001:047,1020080095475,SEL-026,마이크로인피니티,120010133046,1,02_raw_data/kipris_patent_full/120010133046_page_001.json,2026-09-30T15:23:55.598Z,True
120000407777:001:070,1020080099488,SEL-082,이루온,120000407777,1,02_raw_data/kipris_patent_full/120000407777_page_001.json,2026-09-30T15:30:04.874Z,True
119990263757:002:043,1020080101423,SEL-071,마크애니,119990263757,2,02_raw_data/kipris_patent_full/119990263757_page_002.json,2026-09-30T15:29:01.322Z,True
120010011066:001:059,1020080102129,SEL-060,이오시스템,120010011066,1,02_raw_data/kipris_patent_full/120010011066_page_001.json,2026-09-30T15:27:37.204Z,True
120000444501:001:010,1020080108979,SEL-064,극동통신,120000444501,1,02_raw_data/kipris_patent_full/120000444501_page_001.json,2026-09-30T15:10:47.532Z,True
120000218885:001:010,1020080109360,SEL-011,대한광통신,120000218885,1,02_raw_data/kipris_patent_full/120000218885_page_001.json,2026-09-30T15:22:28.790Z,True
120010216085:001:024,1020080112928,SEL-073,아이쓰리시스템,120010216085,1,02_raw_data/kipris_patent_full/120010216085_page_001.json,2026-09-30T15:12:17.655Z,True
120000407777:001:019,1020080113939,SEL-082,이루온,120000407777,1,02_raw_data/kipris_patent_full/120000407777_page_001.json,2026-09-30T15:30:04.874Z,True
119990263757:001:067,1020080115011,SEL-071,마크애니,119990263757,1,02_raw_data/kipris_patent_full/119990263757_page_001.json,2026-09-30T15:28:56.695Z,True
119990263757:001:050,1020080119333,SEL-071,마크애니,119990263757,1,02_raw_data/kipris_patent_full/119990263757_page_001.json,2026-09-30T15:28:56.695Z,True
120000572308:001:041,1020080125332,SEL-046,옵토웰,120000572308,1,02_raw_data/kipris_patent_full/120000572308_page_001.json,2026-09-30T15:26:16.022Z,True
119981033521:001:001,1020080127894,SEL-013,빅텍,119981033521,1,02_raw_data/kipris_patent_full/119981033521_page_001.json,2026-09-30T15:04:04.574Z,True
120010023639:001:011,1020080137428,SEL-010,코모텍,120010023639,1,02_raw_data/kipris_patent_full/120010023639_page_001.json,2026-09-30T15:02:54.107Z,True
120010216085:001:016,1020090003846,SEL-073,아이쓰리시스템,120010216085,1,02_raw_data/kipris_patent_full/120010216085_page_001.json,2026-09-30T15:12:17.655Z,True
120010133046:001:012,1020090008964,SEL-026,마이크로인피니티,120010133046,1,02_raw_data/kipris_patent_full/120010133046_page_001.json,2026-09-30T15:23:55.598Z,True
120000497105:001:037,1020090009700,SEL-015,아이블포토닉스,120000497105,1,02_raw_data/kipris_patent_full/120000497105_page_001.json,2026-09-30T15:22:44.285Z,True
120000407777:001:047,1020090010782,SEL-082,이루온,120000407777,1,02_raw_data/kipris_patent_full/120000407777_page_001.json,2026-09-30T15:30:04.874Z,True
120000497105:001:048,1020090016848,SEL-015,아이블포토닉스,120000497105,1,02_raw_data/kipris_patent_full/120000497105_page_001.json,2026-09-30T15:22:44.285Z,True
120030032210:001:050,1020090021467,SEL-068,인텔리빅스,120030032210,1,02_raw_data/kipris_patent_full/120030032210_page_001.json,2026-09-30T15:28:06.481Z,True
120000572308:001:017,1020090023403,SEL-046,옵토웰,120000572308,1,02_raw_data/kipris_patent_full/120000572308_page_001.json,2026-09-30T15:26:16.022Z,True
120010133046:001:011,1020090027100,SEL-026,마이크로인피니티,120010133046,1,02_raw_data/kipris_patent_full/120010133046_page_001.json,2026-09-30T15:23:55.598Z,True
120010011066:001:055,1020090027707,SEL-060,이오시스템,120010011066,1,02_raw_data/kipris_patent_full/120010011066_page_001.json,2026-09-30T15:27:37.204Z,True
119981108964:001:063,1020090029743,SEL-076,삼현,119981108964,1,02_raw_data/kipris_patent_full/119981108964_page_001.json,2026-09-30T15:14:46.351Z,True
120050038282:001:018,1020090031356,SEL-025,쿠오핀,120050038282,1,02_raw_data/kipris_patent_full/120050038282_page_001.json,2026-09-30T15:23:50.184Z,True
120050038282:001:020,1020090031370,SEL-025,쿠오핀,120050038282,1,02_raw_data/kipris_patent_full/120050038282_page_001.json,2026-09-30T15:23:50.184Z,True
120000218885:001:032,1020090034623,SEL-011,대한광통신,120000218885,1,02_raw_data/kipris_patent_full/120000218885_page_001.json,2026-09-30T15:22:28.790Z,True
120010011066:001:017,1020090035235,SEL-060,이오시스템,120010011066,1,02_raw_data/kipris_patent_full/120010011066_page_001.json,2026-09-30T15:27:37.204Z,True
119981108964:001:059,1020090038636,SEL-076,삼현,119981108964,1,02_raw_data/kipris_patent_full/119981108964_page_001.json,2026-09-30T15:14:46.351Z,True
120000497105:001:005,1020090038956,SEL-015,아이블포토닉스,120000497105,1,02_raw_data/kipris_patent_full/120000497105_page_001.json,2026-09-30T15:22:44.285Z,True
119980992982:003:002,1020090039760,SEL-070,부전전자,119980992982,3,02_raw_data/kipris_patent_full/119980992982_page_003.json,2026-09-30T15:28:34.552Z,True
120010133046:001:003,1020090041339,SEL-026,마이크로인피니티,120010133046,1,02_raw_data/kipris_patent_full/120010133046_page_001.json,2026-09-30T15:23:55.598Z,True
120010133046:001:034,1020090044115,SEL-026,마이크로인피니티,120010133046,1,02_raw_data/kipris_patent_full/120010133046_page_001.json,2026-09-30T15:23:55.598Z,True
120040023113:001:007,1020090045893,SEL-062,삼영기계,120040023113,1,02_raw_data/kipris_patent_full/120040023113_page_001.json,2026-09-30T15:10:38.867Z,True
120040023113:001:004,1020090045894,SEL-062,삼영기계,120040023113,1,02_raw_data/kipris_patent_full/120040023113_page_001.json,2026-09-30T15:10:38.867Z,True
120050038282:001:017,1020090046371,SEL-025,쿠오핀,120050038282,1,02_raw_data/kipris_patent_full/120050038282_page_001.json,2026-09-30T15:23:50.184Z,True
120010023639:001:013,1020090049710,SEL-010,코모텍,120010023639,1,02_raw_data/kipris_patent_full/120010023639_page_001.json,2026-09-30T15:02:54.107Z,True
119981108964:001:042,1020090050282,SEL-076,삼현,119981108964,1,02_raw_data/kipris_patent_full/119981108964_page_001.json,2026-09-30T15:14:46.351Z,True
119981108964:001:062,1020090050283,SEL-076,삼현,119981108964,1,02_raw_data/kipris_patent_full/119981108964_page_001.json,2026-09-30T15:14:46.351Z,True
119981108964:001:054,1020090050284,SEL-076,삼현,119981108964,1,02_raw_data/kipris_patent_full/119981108964_page_001.json,2026-09-30T15:14:46.351Z,True
119981108964:001:058,1020090050286,SEL-076,삼현,119981108964,1,02_raw_data/kipris_patent_full/119981108964_page_001.json,2026-09-30T15:14:46.351Z,True
119981108964:001:056,1020090050289,SEL-076,삼현,119981108964,1,02_raw_data/kipris_patent_full/119981108964_page_001.json,2026-09-30T15:14:46.351Z,True
119980992982:003:027,1020090059939,SEL-070,부전전자,119980992982,3,02_raw_data/kipris_patent_full/119980992982_page_003.json,2026-09-30T15:28:34.552Z,True
120000407777:001:040,1020090064519,SEL-082,이루온,120000407777,1,02_raw_data/kipris_patent_full/120000407777_page_001.json,2026-09-30T15:30:04.874Z,True
120000218885:001:001,1020090076374,SEL-011,대한광통신,120000218885,1,02_raw_data/kipris_patent_full/120000218885_page_001.json,2026-09-30T15:22:28.790Z,True
120010216085:001:032,1020090076396,SEL-073,아이쓰리시스템,120010216085,1,02_raw_data/kipris_patent_full/120010216085_page_001.json,2026-09-30T15:12:17.655Z,True
120060069154:001:006,1020090083465,SEL-012,영풍전자,120060069154,1,02_raw_data/kipris_patent_full/120060069154_page_001.json,2026-09-30T15:04:01.035Z,True
120000469797:001:014,1020090091006,SEL-013,빅텍,120000469797,1,02_raw_data/kipris_patent_full/120000469797_page_001.json,2026-09-30T15:04:08.483Z,True
120010023639:001:006,1020090097392,SEL-010,코모텍,120010023639,1,02_raw_data/kipris_patent_full/120010023639_page_001.json,2026-09-30T15:02:54.107Z,True
120050038282:001:006,1020090100564,SEL-025,쿠오핀,120050038282,1,02_raw_data/kipris_patent_full/120050038282_page_001.json,2026-09-30T15:23:50.184Z,True
119981108964:001:016,1020090105333,SEL-076,삼현,119981108964,1,02_raw_data/kipris_patent_full/119981108964_page_001.json,2026-09-30T15:14:46.351Z,True
119981108964:001:015,1020090105335,SEL-076,삼현,119981108964,1,02_raw_data/kipris_patent_full/119981108964_page_001.json,2026-09-30T15:14:46.351Z,True
119981108964:001:009,1020090105336,SEL-076,삼현,119981108964,1,02_raw_data/kipris_patent_full/119981108964_page_001.json,2026-09-30T15:14:46.351Z,True
120000497105:001:054,1020090105812,SEL-015,아이블포토닉스,120000497105,1,02_raw_data/kipris_patent_full/120000497105_page_001.json,2026-09-30T15:22:44.285Z,True
120050027351:001:004,1020090108742,SEL-003,제노코,120050027351,1,02_raw_data/kipris_patent_full/120050027351_page_001.json,2026-09-30T15:02:04.215Z,True
119980992982:001:015,1020090119853,SEL-070,부전전자,119980992982,1,02_raw_data/kipris_patent_full/119980992982_page_001.json,2026-09-30T15:28:25.879Z,True
119981033521:001:007,1020090121753,SEL-013,빅텍,119981033521,1,02_raw_data/kipris_patent_full/119981033521_page_001.json,2026-09-30T15:04:04.574Z,True
119980992982:003:026,1020090123582,SEL-070,부전전자,119980992982,3,02_raw_data/kipris_patent_full/119980992982_page_003.json,2026-09-30T15:28:34.552Z,True
120010011066:001:069,1020090128779,SEL-060,이오시스템,120010011066,1,02_raw_data/kipris_patent_full/120010011066_page_001.json,2026-09-30T15:27:37.204Z,True
120000497105:001:019,1020090133821,SEL-015,아이블포토닉스,120000497105,1,02_raw_data/kipris_patent_full/120000497105_page_001.json,2026-09-30T15:22:44.285Z,True
120000497105:001:015,1020090133822,SEL-015,아이블포토닉스,120000497105,1,02_raw_data/kipris_patent_full/120000497105_page_001.json,2026-09-30T15:22:44.285Z,True
120010133046:001:046,1020090134042,SEL-026,마이크로인피니티,120010133046,1,02_raw_data/kipris_patent_full/120010133046_page_001.json,2026-09-30T15:23:55.598Z,True
120010216085:001:004,1020097006029,SEL-073,아이쓰리시스템,120010216085,1,02_raw_data/kipris_patent_full/120010216085_page_001.json,2026-09-30T15:12:17.655Z,True
119981033521:001:008,1020100001706,SEL-013,빅텍,119981033521,1,02_raw_data/kipris_patent_full/119981033521_page_001.json,2026-09-30T15:04:04.574Z,True
119990263757:002:080,1020100007994,SEL-071,마크애니,119990263757,2,02_raw_data/kipris_patent_full/119990263757_page_002.json,2026-09-30T15:29:01.322Z,True
120020328376:001:031,1020100012545,SEL-002,단암시스템즈,120020328376,1,02_raw_data/kipris_patent_full/120020328376_page_001.json,2026-09-30T15:02:00.539Z,True
120000407777:001:068,1020100014095,SEL-082,이루온,120000407777,1,02_raw_data/kipris_patent_full/120000407777_page_001.json,2026-09-30T15:30:04.874Z,True
120050038282:001:008,1020100015377,SEL-025,쿠오핀,120050038282,1,02_raw_data/kipris_patent_full/120050038282_page_001.json,2026-09-30T15:23:50.184Z,True
119980992982:003:025,1020100017713,SEL-070,부전전자,119980992982,3,02_raw_data/kipris_patent_full/119980992982_page_003.json,2026-09-30T15:28:34.552Z,True
119990263757:001:066,1020100023811,SEL-071,마크애니,119990263757,1,02_raw_data/kipris_patent_full/119990263757_page_001.json,2026-09-30T15:28:56.695Z,True
120000407777:001:046,1020100028015,SEL-082,이루온,120000407777,1,02_raw_data/kipris_patent_full/120000407777_page_001.json,2026-09-30T15:30:04.874Z,True
120100149207:001:003,1020100029524,SEL-004,솔빛시스템,120100149207,1,02_raw_data/kipris_patent_full/120100149207_page_001.json,2026-09-30T15:02:07.704Z,True
119990263757:001:090,1020100030001,SEL-071,마크애니,119990263757,1,02_raw_data/kipris_patent_full/119990263757_page_001.json,2026-09-30T15:28:56.695Z,True
120010133046:001:006,1020100033356,SEL-026,마이크로인피니티,120010133046,1,02_raw_data/kipris_patent_full/120010133046_page_001.json,2026-09-30T15:23:55.598Z,True
119981033521:001:006,1020100035197,SEL-013,빅텍,119981033521,1,02_raw_data/kipris_patent_full/119981033521_page_001.json,2026-09-30T15:04:04.574Z,True
120040367533:001:033,1020100035370,SEL-051,소나테크,120040367533,1,02_raw_data/kipris_patent_full/120040367533_page_001.json,2026-09-30T15:08:47.197Z,True
120080142918:002:065,1020100035645,SEL-023,인피닉,120080142918,2,02_raw_data/kipris_patent_full/120080142918_page_002.json,2026-09-30T15:23:43.335Z,True
119990263757:003:023,1020100040015,SEL-071,마크애니,119990263757,3,02_raw_data/kipris_patent_full/119990263757_page_003.json,2026-09-30T15:29:06.668Z,True
120010216085:001:020,1020100040270,SEL-073,아이쓰리시스템,120010216085,1,02_raw_data/kipris_patent_full/120010216085_page_001.json,2026-09-30T15:12:17.655Z,True
120010011066:001:063,1020100043430,SEL-060,이오시스템,120010011066,1,02_raw_data/kipris_patent_full/120010011066_page_001.json,2026-09-30T15:27:37.204Z,True
120010216085:001:005,1020100044044,SEL-073,아이쓰리시스템,120010216085,1,02_raw_data/kipris_patent_full/120010216085_page_001.json,2026-09-30T15:12:17.655Z,True
120010133046:001:016,1020100045027,SEL-026,마이크로인피니티,120010133046,1,02_raw_data/kipris_patent_full/120010133046_page_001.json,2026-09-30T15:23:55.598Z,True
120000572308:001:011,1020100045210,SEL-046,옵토웰,120000572308,1,02_raw_data/kipris_patent_full/120000572308_page_001.json,2026-09-30T15:26:16.022Z,True
119990263757:002:016,1020100046512,SEL-071,마크애니,119990263757,2,02_raw_data/kipris_patent_full/119990263757_page_002.json,2026-09-30T15:29:01.322Z,True
120020328376:001:042,1020100049865,SEL-002,단암시스템즈,120020328376,1,02_raw_data/kipris_patent_full/120020328376_page_001.json,2026-09-30T15:02:00.539Z,True
119980992982:003:024,1020100050238,SEL-070,부전전자,119980992982,3,02_raw_data/kipris_patent_full/119980992982_page_003.json,2026-09-30T15:28:34.552Z,True
120000407777:001:069,1020100053212,SEL-082,이루온,120000407777,1,02_raw_data/kipris_patent_full/120000407777_page_001.json,2026-09-30T15:30:04.874Z,True
119990263757:002:038,1020100054910,SEL-071,마크애니,119990263757,2,02_raw_data/kipris_patent_full/119990263757_page_002.json,2026-09-30T15:29:01.322Z,True
120010133046:001:002,1020100057044,SEL-026,마이크로인피니티,120010133046,1,02_raw_data/kipris_patent_full/120010133046_page_001.json,2026-09-30T15:23:55.598Z,True
120100520372:001:003,1020100057849,SEL-014,네스앤텍,120100520372,1,02_raw_data/kipris_patent_full/120100520372_page_001.json,2026-09-30T15:04:27.081Z,True
120100520372:001:008,1020100060272,SEL-014,네스앤텍,120100520372,1,02_raw_data/kipris_patent_full/120100520372_page_001.json,2026-09-30T15:04:27.081Z,True
120010133046:001:015,1020100061987,SEL-026,마이크로인피니티,120010133046,1,02_raw_data/kipris_patent_full/120010133046_page_001.json,2026-09-30T15:23:55.598Z,True
120020328376:001:024,1020100066404,SEL-002,단암시스템즈,120020328376,1,02_raw_data/kipris_patent_full/120020328376_page_001.json,2026-09-30T15:02:00.539Z,True
119981033521:001:005,1020100069336,SEL-013,빅텍,119981033521,1,02_raw_data/kipris_patent_full/119981033521_page_001.json,2026-09-30T15:04:04.574Z,True
120010133046:001:019,1020100070932,SEL-026,마이크로인피니티,120010133046,1,02_raw_data/kipris_patent_full/120010133046_page_001.json,2026-09-30T15:23:55.598Z,True
120100520372:001:034,1020100074750,SEL-014,네스앤텍,120100520372,1,02_raw_data/kipris_patent_full/120100520372_page_001.json,2026-09-30T15:04:27.081Z,True
119981033521:001:013,1020100074765,SEL-013,빅텍,119981033521,1,02_raw_data/kipris_patent_full/119981033521_page_001.json,2026-09-30T15:04:04.574Z,True
120010011066:001:022,1020100075518,SEL-060,이오시스템,120010011066,1,02_raw_data/kipris_patent_full/120010011066_page_001.json,2026-09-30T15:27:37.204Z,True
120060312737:001:030,1020100077428,SEL-040,펀진,120060312737,1,02_raw_data/kipris_patent_full/120060312737_page_001.json,2026-09-30T15:24:29.954Z,True
119980992982:001:011,1020100078256,SEL-070,부전전자,119980992982,1,02_raw_data/kipris_patent_full/119980992982_page_001.json,2026-09-30T15:28:25.879Z,True
119990582540:001:060,1020100079417,SEL-021,코난테크놀로지,119990582540,1,02_raw_data/kipris_patent_full/119990582540_page_001.json,2026-09-30T15:23:09.237Z,True
119980992982:003:022,1020100085699,SEL-070,부전전자,119980992982,3,02_raw_data/kipris_patent_full/119980992982_page_003.json,2026-09-30T15:28:34.552Z,True
120000218885:001:026,1020100087373,SEL-011,대한광통신,120000218885,1,02_raw_data/kipris_patent_full/120000218885_page_001.json,2026-09-30T15:22:28.790Z,True
120070411804:001:020,1020100088722,SEL-036,솔탑,120070411804,1,02_raw_data/kipris_patent_full/120070411804_page_001.json,2026-09-30T15:24:20.530Z,True
120010133046:001:040,1020100090091,SEL-026,마이크로인피니티,120010133046,1,02_raw_data/kipris_patent_full/120010133046_page_001.json,2026-09-30T15:23:55.598Z,True
119990263757:003:063,1020100092460,SEL-071,마크애니,119990263757,3,02_raw_data/kipris_patent_full/119990263757_page_003.json,2026-09-30T15:29:06.668Z,True
120060312737:001:015,1020100100342,SEL-040,펀진,120060312737,1,02_raw_data/kipris_patent_full/120060312737_page_001.json,2026-09-30T15:24:29.954Z,True
120010216085:001:011,1020100104257,SEL-073,아이쓰리시스템,120010216085,1,02_raw_data/kipris_patent_full/120010216085_page_001.json,2026-09-30T15:12:17.655Z,True
120010216085:001:015,1020100105476,SEL-073,아이쓰리시스템,120010216085,1,02_raw_data/kipris_patent_full/120010216085_page_001.json,2026-09-30T15:12:17.655Z,True
120010011066:001:019,1020100115859,SEL-060,이오시스템,120010011066,1,02_raw_data/kipris_patent_full/120010011066_page_001.json,2026-09-30T15:27:37.204Z,True
120000497105:001:006,1020100120828,SEL-015,아이블포토닉스,120000497105,1,02_raw_data/kipris_patent_full/120000497105_page_001.json,2026-09-30T15:22:44.285Z,True
120100491643:001:012,1020100123154,SEL-049,포멀웍스,120100491643,1,02_raw_data/kipris_patent_full/120100491643_page_001.json,2026-09-30T15:08:23.879Z,True
120060312737:001:044,1020100124814,SEL-040,펀진,120060312737,1,02_raw_data/kipris_patent_full/120060312737_page_001.json,2026-09-30T15:24:29.954Z,True
120060312737:001:021,1020100124815,SEL-040,펀진,120060312737,1,02_raw_data/kipris_patent_full/120060312737_page_001.json,2026-09-30T15:24:29.954Z,True
120060312737:001:055,1020100124817,SEL-040,펀진,120060312737,1,02_raw_data/kipris_patent_full/120060312737_page_001.json,2026-09-30T15:24:29.954Z,True
120000407777:001:009,1020100128286,SEL-082,이루온,120000407777,1,02_raw_data/kipris_patent_full/120000407777_page_001.json,2026-09-30T15:30:04.874Z,True
120010133046:001:014,1020100129237,SEL-026,마이크로인피니티,120010133046,1,02_raw_data/kipris_patent_full/120010133046_page_001.json,2026-09-30T15:23:55.598Z,True
120000407777:001:042,1020100129757,SEL-082,이루온,120000407777,1,02_raw_data/kipris_patent_full/120000407777_page_001.json,2026-09-30T15:30:04.874Z,True
120010133046:001:044,1020100133501,SEL-026,마이크로인피니티,120010133046,1,02_raw_data/kipris_patent_full/120010133046_page_001.json,2026-09-30T15:23:55.598Z,True
120010133046:001:043,1020100133511,SEL-026,마이크로인피니티,120010133046,1,02_raw_data/kipris_patent_full/120010133046_page_001.json,2026-09-30T15:23:55.598Z,True
119981033521:001:009,1020100134152,SEL-013,빅텍,119981033521,1,02_raw_data/kipris_patent_full/119981033521_page_001.json,2026-09-30T15:04:04.574Z,True
120010133046:001:045,1020100137054,SEL-026,마이크로인피니티,120010133046,1,02_raw_data/kipris_patent_full/120010133046_page_001.json,2026-09-30T15:23:55.598Z,True
120060312737:001:014,1020110008282,SEL-040,펀진,120060312737,1,02_raw_data/kipris_patent_full/120060312737_page_001.json,2026-09-30T15:24:29.954Z,True
119990263757:003:022,1020110009735,SEL-071,마크애니,119990263757,3,02_raw_data/kipris_patent_full/119990263757_page_003.json,2026-09-30T15:29:06.668Z,True
119990263757:003:030,1020110009736,SEL-071,마크애니,119990263757,3,02_raw_data/kipris_patent_full/119990263757_page_003.json,2026-09-30T15:29:06.668Z,True
119990263757:002:041,1020110009737,SEL-071,마크애니,119990263757,2,02_raw_data/kipris_patent_full/119990263757_page_002.json,2026-09-30T15:29:01.322Z,True
120060312737:001:010,1020110015410,SEL-040,펀진,120060312737,1,02_raw_data/kipris_patent_full/120060312737_page_001.json,2026-09-30T15:24:29.954Z,True
120000572308:001:034,1020110016933,SEL-046,옵토웰,120000572308,1,02_raw_data/kipris_patent_full/120000572308_page_001.json,2026-09-30T15:26:16.022Z,True
120040367533:001:032,1020110020513,SEL-051,소나테크,120040367533,1,02_raw_data/kipris_patent_full/120040367533_page_001.json,2026-09-30T15:08:47.197Z,True
120010023639:001:005,1020110023800,SEL-010,코모텍,120010023639,1,02_raw_data/kipris_patent_full/120010023639_page_001.json,2026-09-30T15:02:54.107Z,True
120010023639:001:004,1020110023801,SEL-010,코모텍,120010023639,1,02_raw_data/kipris_patent_full/120010023639_page_001.json,2026-09-30T15:02:54.107Z,True
119990582540:001:061,1020110024862,SEL-021,코난테크놀로지,119990582540,1,02_raw_data/kipris_patent_full/119990582540_page_001.json,2026-09-30T15:23:09.237Z,True
119981033521:001:002,1020110027698,SEL-013,빅텍,119981033521,1,02_raw_data/kipris_patent_full/119981033521_page_001.json,2026-09-30T15:04:04.574Z,True
120000497105:001:036,1020110030350,SEL-015,아이블포토닉스,120000497105,1,02_raw_data/kipris_patent_full/120000497105_page_001.json,2026-09-30T15:22:44.285Z,True
119980992982:003:021,1020110034268,SEL-070,부전전자,119980992982,3,02_raw_data/kipris_patent_full/119980992982_page_003.json,2026-09-30T15:28:34.552Z,True
120060312737:001:013,1020110039922,SEL-040,펀진,120060312737,1,02_raw_data/kipris_patent_full/120060312737_page_001.json,2026-09-30T15:24:29.954Z,True
120020328376:001:029,1020110040355,SEL-002,단암시스템즈,120020328376,1,02_raw_data/kipris_patent_full/120020328376_page_001.json,2026-09-30T15:02:00.539Z,True
119980992982:003:020,1020110040885,SEL-070,부전전자,119980992982,3,02_raw_data/kipris_patent_full/119980992982_page_003.json,2026-09-30T15:28:34.552Z,True
120000572308:001:046,1020110043696,SEL-046,옵토웰,120000572308,1,02_raw_data/kipris_patent_full/120000572308_page_001.json,2026-09-30T15:26:16.022Z,True
120000572308:001:004,1020110043697,SEL-046,옵토웰,120000572308,1,02_raw_data/kipris_patent_full/120000572308_page_001.json,2026-09-30T15:26:16.022Z,True
120100491643:001:011,1020110044977,SEL-049,포멀웍스,120100491643,1,02_raw_data/kipris_patent_full/120100491643_page_001.json,2026-09-30T15:08:23.879Z,True
119980992982:002:022,1020110044993,SEL-070,부전전자,119980992982,2,02_raw_data/kipris_patent_full/119980992982_page_002.json,2026-09-30T15:28:30.243Z,True
120010133046:001:020,1020110045276,SEL-026,마이크로인피니티,120010133046,1,02_raw_data/kipris_patent_full/120010133046_page_001.json,2026-09-30T15:23:55.598Z,True
120010224632:001:004,1020110046213,SEL-037,두시텍,120010224632,1,02_raw_data/kipris_patent_full/120010224632_page_001.json,2026-09-30T15:07:01.235Z,True
120010224632:001:003,1020110046225,SEL-037,두시텍,120010224632,1,02_raw_data/kipris_patent_full/120010224632_page_001.json,2026-09-30T15:07:01.235Z,True
120010224632:001:002,1020110046230,SEL-037,두시텍,120010224632,1,02_raw_data/kipris_patent_full/120010224632_page_001.json,2026-09-30T15:07:01.235Z,True
120020328376:001:006,1020110048283,SEL-002,단암시스템즈,120020328376,1,02_raw_data/kipris_patent_full/120020328376_page_001.json,2026-09-30T15:02:00.539Z,True
120010011066:001:036,1020110051809,SEL-060,이오시스템,120010011066,1,02_raw_data/kipris_patent_full/120010011066_page_001.json,2026-09-30T15:27:37.204Z,True
120010011066:001:073,1020110052035,SEL-060,이오시스템,120010011066,1,02_raw_data/kipris_patent_full/120010011066_page_001.json,2026-09-30T15:27:37.204Z,True
120000407777:001:015,1020110060101,SEL-082,이루온,120000407777,1,02_raw_data/kipris_patent_full/120000407777_page_001.json,2026-09-30T15:30:04.874Z,True
120010133046:001:042,1020110063085,SEL-026,마이크로인피니티,120010133046,1,02_raw_data/kipris_patent_full/120010133046_page_001.json,2026-09-30T15:23:55.598Z,True
120100520372:001:023,1020110063472,SEL-014,네스앤텍,120100520372,1,02_raw_data/kipris_patent_full/120100520372_page_001.json,2026-09-30T15:04:27.081Z,True
120100520372:001:033,1020110063473,SEL-014,네스앤텍,120100520372,1,02_raw_data/kipris_patent_full/120100520372_page_001.json,2026-09-30T15:04:27.081Z,True
120100520372:001:022,1020110063474,SEL-014,네스앤텍,120100520372,1,02_raw_data/kipris_patent_full/120100520372_page_001.json,2026-09-30T15:04:27.081Z,True
120010011066:001:035,1020110065778,SEL-060,이오시스템,120010011066,1,02_raw_data/kipris_patent_full/120010011066_page_001.json,2026-09-30T15:27:37.204Z,True
120100400701:001:005,1020110067730,SEL-006,아이브스,120100400701,1,02_raw_data/kipris_patent_full/120100400701_page_001.json,2026-09-30T15:02:26.967Z,True
119980992982:003:001,1020110067737,SEL-070,부전전자,119980992982,3,02_raw_data/kipris_patent_full/119980992982_page_003.json,2026-09-30T15:28:34.552Z,True
119980992982:003:023,1020110071944,SEL-070,부전전자,119980992982,3,02_raw_data/kipris_patent_full/119980992982_page_003.json,2026-09-30T15:28:34.552Z,True
120000572308:001:047,1020110073623,SEL-046,옵토웰,120000572308,1,02_raw_data/kipris_patent_full/120000572308_page_001.json,2026-09-30T15:26:16.022Z,True
120060312737:001:043,1020110076399,SEL-040,펀진,120060312737,1,02_raw_data/kipris_patent_full/120060312737_page_001.json,2026-09-30T15:24:29.954Z,True
120060069154:001:017,1020110080926,SEL-012,영풍전자,120060069154,1,02_raw_data/kipris_patent_full/120060069154_page_001.json,2026-09-30T15:04:01.035Z,True
120000572308:001:027,1020110087319,SEL-046,옵토웰,120000572308,1,02_raw_data/kipris_patent_full/120000572308_page_001.json,2026-09-30T15:26:16.022Z,True
119980992982:003:019,1020110090754,SEL-070,부전전자,119980992982,3,02_raw_data/kipris_patent_full/119980992982_page_003.json,2026-09-30T15:28:34.552Z,True
120000497105:001:013,1020110091596,SEL-015,아이블포토닉스,120000497105,1,02_raw_data/kipris_patent_full/120000497105_page_001.json,2026-09-30T15:22:44.285Z,True
120000497105:001:051,1020110091597,SEL-015,아이블포토닉스,120000497105,1,02_raw_data/kipris_patent_full/120000497105_page_001.json,2026-09-30T15:22:44.285Z,True
119990263757:002:048,1020110092953,SEL-071,마크애니,119990263757,2,02_raw_data/kipris_patent_full/119990263757_page_002.json,2026-09-30T15:29:01.322Z,True
119980992982:002:082,1020110095412,SEL-070,부전전자,119980992982,2,02_raw_data/kipris_patent_full/119980992982_page_002.json,2026-09-30T15:28:30.243Z,True
119990263757:001:065,1020110098851,SEL-071,마크애니,119990263757,1,02_raw_data/kipris_patent_full/119990263757_page_001.json,2026-09-30T15:28:56.695Z,True
120010133046:001:004,1020110099723,SEL-026,마이크로인피니티,120010133046,1,02_raw_data/kipris_patent_full/120010133046_page_001.json,2026-09-30T15:23:55.598Z,True
120010133046:001:005,1020110099976,SEL-026,마이크로인피니티,120010133046,1,02_raw_data/kipris_patent_full/120010133046_page_001.json,2026-09-30T15:23:55.598Z,True
119980992982:001:024,1020110104132,SEL-070,부전전자,119980992982,1,02_raw_data/kipris_patent_full/119980992982_page_001.json,2026-09-30T15:28:25.879Z,True
119990263757:003:021,1020110105245,SEL-071,마크애니,119990263757,3,02_raw_data/kipris_patent_full/119990263757_page_003.json,2026-09-30T15:29:06.668Z,True
119980992982:002:081,1020110108138,SEL-070,부전전자,119980992982,2,02_raw_data/kipris_patent_full/119980992982_page_002.json,2026-09-30T15:28:30.243Z,True
119980992982:002:080,1020110108141,SEL-070,부전전자,119980992982,2,02_raw_data/kipris_patent_full/119980992982_page_002.json,2026-09-30T15:28:30.243Z,True
120100400701:001:013,1020110109028,SEL-006,아이브스,120100400701,1,02_raw_data/kipris_patent_full/120100400701_page_001.json,2026-09-30T15:02:26.967Z,True
120100400701:001:026,1020110111128,SEL-006,아이브스,120100400701,1,02_raw_data/kipris_patent_full/120100400701_page_001.json,2026-09-30T15:02:26.967Z,True
119990263757:003:053,1020110116411,SEL-071,마크애니,119990263757,3,02_raw_data/kipris_patent_full/119990263757_page_003.json,2026-09-30T15:29:06.668Z,True
120000497105:001:046,1020110118359,SEL-015,아이블포토닉스,120000497105,1,02_raw_data/kipris_patent_full/120000497105_page_001.json,2026-09-30T15:22:44.285Z,True
120110075931:001:012,1020110126400,SEL-019,하나에이엠티,120110075931,1,02_raw_data/kipris_patent_full/120110075931_page_001.json,2026-09-30T15:04:59.392Z,True
120000469797:001:018,1020110126470,SEL-013,빅텍,120000469797,1,02_raw_data/kipris_patent_full/120000469797_page_001.json,2026-09-30T15:04:08.483Z,True
120000469797:001:016,1020110126471,SEL-013,빅텍,120000469797,1,02_raw_data/kipris_patent_full/120000469797_page_001.json,2026-09-30T15:04:08.483Z,True
120000469797:001:008,1020110126472,SEL-013,빅텍,120000469797,1,02_raw_data/kipris_patent_full/120000469797_page_001.json,2026-09-30T15:04:08.483Z,True
120000469797:001:019,1020110126473,SEL-013,빅텍,120000469797,1,02_raw_data/kipris_patent_full/120000469797_page_001.json,2026-09-30T15:04:08.483Z,True
120000469797:001:009,1020110126474,SEL-013,빅텍,120000469797,1,02_raw_data/kipris_patent_full/120000469797_page_001.json,2026-09-30T15:04:08.483Z,True
120100400701:001:028,1020110127016,SEL-006,아이브스,120100400701,1,02_raw_data/kipris_patent_full/120100400701_page_001.json,2026-09-30T15:02:26.967Z,True
120010011066:002:001,1020110131294,SEL-060,이오시스템,120010011066,2,02_raw_data/kipris_patent_full/120010011066_page_002.json,2026-09-30T15:27:40.539Z,True
120010011066:001:090,1020110131295,SEL-060,이오시스템,120010011066,1,02_raw_data/kipris_patent_full/120010011066_page_001.json,2026-09-30T15:27:37.204Z,True
119990582540:001:041,1020110132095,SEL-021,코난테크놀로지,119990582540,1,02_raw_data/kipris_patent_full/119990582540_page_001.json,2026-09-30T15:23:09.237Z,True
120000469797:001:013,1020110134256,SEL-013,빅텍,120000469797,1,02_raw_data/kipris_patent_full/120000469797_page_001.json,2026-09-30T15:04:08.483Z,True
120000469797:001:012,1020110134257,SEL-013,빅텍,120000469797,1,02_raw_data/kipris_patent_full/120000469797_page_001.json,2026-09-30T15:04:08.483Z,True
119980992982:003:018,1020110134794,SEL-070,부전전자,119980992982,3,02_raw_data/kipris_patent_full/119980992982_page_003.json,2026-09-30T15:28:34.552Z,True
120040367533:001:013,1020110136161,SEL-051,소나테크,120040367533,1,02_raw_data/kipris_patent_full/120040367533_page_001.json,2026-09-30T15:08:47.197Z,True
120000572308:001:029,1020110140448,SEL-046,옵토웰,120000572308,1,02_raw_data/kipris_patent_full/120000572308_page_001.json,2026-09-30T15:26:16.022Z,True
120010011066:001:016,1020110145060,SEL-060,이오시스템,120010011066,1,02_raw_data/kipris_patent_full/120010011066_page_001.json,2026-09-30T15:27:37.204Z,True
120030032210:001:036,1020110145979,SEL-068,인텔리빅스,120030032210,1,02_raw_data/kipris_patent_full/120030032210_page_001.json,2026-09-30T15:28:06.481Z,True
120010011066:001:010,1020120004977,SEL-060,이오시스템,120010011066,1,02_raw_data/kipris_patent_full/120010011066_page_001.json,2026-09-30T15:27:37.204Z,True
120010011066:001:007,1020120004978,SEL-060,이오시스템,120010011066,1,02_raw_data/kipris_patent_full/120010011066_page_001.json,2026-09-30T15:27:37.204Z,True
120010011066:001:018,1020120005907,SEL-060,이오시스템,120010011066,1,02_raw_data/kipris_patent_full/120010011066_page_001.json,2026-09-30T15:27:37.204Z,True
120000218885:001:018,1020120010901,SEL-011,대한광통신,120000218885,1,02_raw_data/kipris_patent_full/120000218885_page_001.json,2026-09-30T15:22:28.790Z,True
120100520372:001:004,1020120011399,SEL-014,네스앤텍,120100520372,1,02_raw_data/kipris_patent_full/120100520372_page_001.json,2026-09-30T15:04:27.081Z,True
120060503193:001:015,1020120014159,SEL-083,유저스,120060503193,1,02_raw_data/kipris_patent_full/120060503193_page_001.json,2026-09-30T15:15:58.429Z,True
120040367533:001:004,1020120014168,SEL-051,소나테크,120040367533,1,02_raw_data/kipris_patent_full/120040367533_page_001.json,2026-09-30T15:08:47.197Z,True
120010133046:001:018,1020120016975,SEL-026,마이크로인피니티,120010133046,1,02_raw_data/kipris_patent_full/120010133046_page_001.json,2026-09-30T15:23:55.598Z,True
120000497105:001:034,1020120021227,SEL-015,아이블포토닉스,120000497105,1,02_raw_data/kipris_patent_full/120000497105_page_001.json,2026-09-30T15:22:44.285Z,True
120000407777:001:079,1020120025438,SEL-082,이루온,120000407777,1,02_raw_data/kipris_patent_full/120000407777_page_001.json,2026-09-30T15:30:04.874Z,True
120060312737:001:054,1020120025917,SEL-040,펀진,120060312737,1,02_raw_data/kipris_patent_full/120060312737_page_001.json,2026-09-30T15:24:29.954Z,True
120010011066:001:072,1020120026285,SEL-060,이오시스템,120010011066,1,02_raw_data/kipris_patent_full/120010011066_page_001.json,2026-09-30T15:27:37.204Z,True
120000407777:001:082,1020120030611,SEL-082,이루온,120000407777,1,02_raw_data/kipris_patent_full/120000407777_page_001.json,2026-09-30T15:30:04.874Z,True
120000407777:001:007,1020120031618,SEL-082,이루온,120000407777,1,02_raw_data/kipris_patent_full/120000407777_page_001.json,2026-09-30T15:30:04.874Z,True
120000407777:001:080,1020120033591,SEL-082,이루온,120000407777,1,02_raw_data/kipris_patent_full/120000407777_page_001.json,2026-09-30T15:30:04.874Z,True
119980992982:001:013,1020120033930,SEL-070,부전전자,119980992982,1,02_raw_data/kipris_patent_full/119980992982_page_001.json,2026-09-30T15:28:25.879Z,True
120100520372:001:035,1020120042622,SEL-014,네스앤텍,120100520372,1,02_raw_data/kipris_patent_full/120100520372_page_001.json,2026-09-30T15:04:27.081Z,True
120000407777:001:016,1020120044085,SEL-082,이루온,120000407777,1,02_raw_data/kipris_patent_full/120000407777_page_001.json,2026-09-30T15:30:04.874Z,True
119981033521:001:010,1020120044576,SEL-013,빅텍,119981033521,1,02_raw_data/kipris_patent_full/119981033521_page_001.json,2026-09-30T15:04:04.574Z,True
120010011066:001:067,1020120047681,SEL-060,이오시스템,120010011066,1,02_raw_data/kipris_patent_full/120010011066_page_001.json,2026-09-30T15:27:37.204Z,True
120040367533:001:031,1020120051426,SEL-051,소나테크,120040367533,1,02_raw_data/kipris_patent_full/120040367533_page_001.json,2026-09-30T15:08:47.197Z,True
120020328376:001:025,1020120051800,SEL-002,단암시스템즈,120020328376,1,02_raw_data/kipris_patent_full/120020328376_page_001.json,2026-09-30T15:02:00.539Z,True
120050027351:001:005,1020120055623,SEL-003,제노코,120050027351,1,02_raw_data/kipris_patent_full/120050027351_page_001.json,2026-09-30T15:02:04.215Z,True
120000572308:001:015,1020120060855,SEL-046,옵토웰,120000572308,1,02_raw_data/kipris_patent_full/120000572308_page_001.json,2026-09-30T15:26:16.022Z,True
120000572308:001:045,1020120060856,SEL-046,옵토웰,120000572308,1,02_raw_data/kipris_patent_full/120000572308_page_001.json,2026-09-30T15:26:16.022Z,True
120020464156:001:009,1020120061026,SEL-077,케이알엠,120020464156,1,02_raw_data/kipris_patent_full/120020464156_page_001.json,2026-09-30T15:14:53.005Z,True
119980992982:002:031,1020120063212,SEL-070,부전전자,119980992982,2,02_raw_data/kipris_patent_full/119980992982_page_002.json,2026-09-30T15:28:30.243Z,True
120020464156:001:011,1020120064887,SEL-077,케이알엠,120020464156,1,02_raw_data/kipris_patent_full/120020464156_page_001.json,2026-09-30T15:14:53.005Z,True
120100400701:001:007,1020120065742,SEL-006,아이브스,120100400701,1,02_raw_data/kipris_patent_full/120100400701_page_001.json,2026-09-30T15:02:26.967Z,True
120060312737:001:060,1020120065996,SEL-040,펀진,120060312737,1,02_raw_data/kipris_patent_full/120060312737_page_001.json,2026-09-30T15:24:29.954Z,True
120060312737:001:029,1020120067378,SEL-040,펀진,120060312737,1,02_raw_data/kipris_patent_full/120060312737_page_001.json,2026-09-30T15:24:29.954Z,True
120120324551:001:002,1020120070507,SEL-038,아이스펙,120120324551,1,02_raw_data/kipris_patent_full/120120324551_page_001.json,2026-09-30T15:07:05.454Z,True
120120324551:001:006,1020120070509,SEL-038,아이스펙,120120324551,1,02_raw_data/kipris_patent_full/120120324551_page_001.json,2026-09-30T15:07:05.454Z,True
120010133046:001:041,1020120072974,SEL-026,마이크로인피니티,120010133046,1,02_raw_data/kipris_patent_full/120010133046_page_001.json,2026-09-30T15:23:55.598Z,True
120080201130:001:009,1020120081463,SEL-017,우리별,120080201130,1,02_raw_data/kipris_patent_full/120080201130_page_001.json,2026-09-30T15:04:45.581Z,True
119990263757:001:023,1020120083629,SEL-071,마크애니,119990263757,1,02_raw_data/kipris_patent_full/119990263757_page_001.json,2026-09-30T15:28:56.695Z,True
120010011066:001:086,1020120086491,SEL-060,이오시스템,120010011066,1,02_raw_data/kipris_patent_full/120010011066_page_001.json,2026-09-30T15:27:37.204Z,True
120010011066:001:027,1020120086808,SEL-060,이오시스템,120010011066,1,02_raw_data/kipris_patent_full/120010011066_page_001.json,2026-09-30T15:27:37.204Z,True
120010011066:001:009,1020120086809,SEL-060,이오시스템,120010011066,1,02_raw_data/kipris_patent_full/120010011066_page_001.json,2026-09-30T15:27:37.204Z,True
119980992982:003:017,1020120088537,SEL-070,부전전자,119980992982,3,02_raw_data/kipris_patent_full/119980992982_page_003.json,2026-09-30T15:28:34.552Z,True
120060312737:001:028,1020120090468,SEL-040,펀진,120060312737,1,02_raw_data/kipris_patent_full/120060312737_page_001.json,2026-09-30T15:24:29.954Z,True
120100491643:001:007,1020120092857,SEL-049,포멀웍스,120100491643,1,02_raw_data/kipris_patent_full/120100491643_page_001.json,2026-09-30T15:08:23.879Z,True
119981108964:001:025,1020120095951,SEL-076,삼현,119981108964,1,02_raw_data/kipris_patent_full/119981108964_page_001.json,2026-09-30T15:14:46.351Z,True
120080201130:001:003,1020120099128,SEL-017,우리별,120080201130,1,02_raw_data/kipris_patent_full/120080201130_page_001.json,2026-09-30T15:04:45.581Z,True
120080201130:001:011,1020120099865,SEL-017,우리별,120080201130,1,02_raw_data/kipris_patent_full/120080201130_page_001.json,2026-09-30T15:04:45.581Z,True
120080201130:001:006,1020120102189,SEL-017,우리별,120080201130,1,02_raw_data/kipris_patent_full/120080201130_page_001.json,2026-09-30T15:04:45.581Z,True
120080201130:001:014,1020120102199,SEL-017,우리별,120080201130,1,02_raw_data/kipris_patent_full/120080201130_page_001.json,2026-09-30T15:04:45.581Z,True
120000572308:001:043,1020120103918,SEL-046,옵토웰,120000572308,1,02_raw_data/kipris_patent_full/120000572308_page_001.json,2026-09-30T15:26:16.022Z,True
120000572308:001:033,1020120103919,SEL-046,옵토웰,120000572308,1,02_raw_data/kipris_patent_full/120000572308_page_001.json,2026-09-30T15:26:16.022Z,True
120000218885:001:033,1020120104626,SEL-011,대한광통신,120000218885,1,02_raw_data/kipris_patent_full/120000218885_page_001.json,2026-09-30T15:22:28.790Z,True
120000218885:001:034,1020120104628,SEL-011,대한광통신,120000218885,1,02_raw_data/kipris_patent_full/120000218885_page_001.json,2026-09-30T15:22:28.790Z,True
120120365459:001:004,1020120105653,SEL-020,루미르,120120365459,1,02_raw_data/kipris_patent_full/120120365459_page_001.json,2026-09-30T15:05:02.889Z,True
120010224632:001:021,1020120109010,SEL-037,두시텍,120010224632,1,02_raw_data/kipris_patent_full/120010224632_page_001.json,2026-09-30T15:07:01.235Z,True
120010224632:001:013,1020120109015,SEL-037,두시텍,120010224632,1,02_raw_data/kipris_patent_full/120010224632_page_001.json,2026-09-30T15:07:01.235Z,True
120000218885:001:017,1020120110449,SEL-011,대한광통신,120000218885,1,02_raw_data/kipris_patent_full/120000218885_page_001.json,2026-09-30T15:22:28.790Z,True
119990263757:002:047,1020120114778,SEL-071,마크애니,119990263757,2,02_raw_data/kipris_patent_full/119990263757_page_002.json,2026-09-30T15:29:01.322Z,True
119981108964:001:011,1020120117095,SEL-076,삼현,119981108964,1,02_raw_data/kipris_patent_full/119981108964_page_001.json,2026-09-30T15:14:46.351Z,True
120060312737:001:008,1020120121400,SEL-040,펀진,120060312737,1,02_raw_data/kipris_patent_full/120060312737_page_001.json,2026-09-30T15:24:29.954Z,True
120010216085:001:029,1020120135290,SEL-073,아이쓰리시스템,120010216085,1,02_raw_data/kipris_patent_full/120010216085_page_001.json,2026-09-30T15:12:17.655Z,True
119980992982:001:071,1020120142571,SEL-070,부전전자,119980992982,1,02_raw_data/kipris_patent_full/119980992982_page_001.json,2026-09-30T15:28:25.879Z,True
119990263757:001:080,1020120148708,SEL-071,마크애니,119990263757,1,02_raw_data/kipris_patent_full/119990263757_page_001.json,2026-09-30T15:28:56.695Z,True
120000218885:001:064,1020120154101,SEL-011,대한광통신,120000218885,1,02_raw_data/kipris_patent_full/120000218885_page_001.json,2026-09-30T15:22:28.790Z,True
120120365459:001:009,1020120154359,SEL-020,루미르,120120365459,1,02_raw_data/kipris_patent_full/120120365459_page_001.json,2026-09-30T15:05:02.889Z,True
120000572308:001:042,1020130002200,SEL-046,옵토웰,120000572308,1,02_raw_data/kipris_patent_full/120000572308_page_001.json,2026-09-30T15:26:16.022Z,True
120020328376:001:032,1020130004047,SEL-002,단암시스템즈,120020328376,1,02_raw_data/kipris_patent_full/120020328376_page_001.json,2026-09-30T15:02:00.539Z,True
120010216085:001:001,1020130006824,SEL-073,아이쓰리시스템,120010216085,1,02_raw_data/kipris_patent_full/120010216085_page_001.json,2026-09-30T15:12:17.655Z,True
120010216085:001:007,1020130007570,SEL-073,아이쓰리시스템,120010216085,1,02_raw_data/kipris_patent_full/120010216085_page_001.json,2026-09-30T15:12:17.655Z,True
119980992982:001:035,1020130007620,SEL-070,부전전자,119980992982,1,02_raw_data/kipris_patent_full/119980992982_page_001.json,2026-09-30T15:28:25.879Z,True
120000407777:001:017,1020130008101,SEL-082,이루온,120000407777,1,02_raw_data/kipris_patent_full/120000407777_page_001.json,2026-09-30T15:30:04.874Z,True
120060312737:001:027,1020130010758,SEL-040,펀진,120060312737,1,02_raw_data/kipris_patent_full/120060312737_page_001.json,2026-09-30T15:24:29.954Z,True
120010023639:001:009,1020130017579,SEL-010,코모텍,120010023639,1,02_raw_data/kipris_patent_full/120010023639_page_001.json,2026-09-30T15:02:54.107Z,True
120100520372:001:010,1020130020070,SEL-014,네스앤텍,120100520372,1,02_raw_data/kipris_patent_full/120100520372_page_001.json,2026-09-30T15:04:27.081Z,True
120060312737:001:059,1020130022196,SEL-040,펀진,120060312737,1,02_raw_data/kipris_patent_full/120060312737_page_001.json,2026-09-30T15:24:29.954Z,True
120060312737:001:048,1020130022203,SEL-040,펀진,120060312737,1,02_raw_data/kipris_patent_full/120060312737_page_001.json,2026-09-30T15:24:29.954Z,True
120120621794:001:016,1020130023627,SEL-022,다비오,120120621794,1,02_raw_data/kipris_patent_full/120120621794_page_001.json,2026-09-30T15:23:16.798Z,True
120060312737:001:026,1020130024098,SEL-040,펀진,120060312737,1,02_raw_data/kipris_patent_full/120060312737_page_001.json,2026-09-30T15:24:29.954Z,True
120030032210:001:046,1020130029035,SEL-068,인텔리빅스,120030032210,1,02_raw_data/kipris_patent_full/120030032210_page_001.json,2026-09-30T15:28:06.481Z,True
119980992982:001:031,1020130029270,SEL-070,부전전자,119980992982,1,02_raw_data/kipris_patent_full/119980992982_page_001.json,2026-09-30T15:28:25.879Z,True
120010011066:001:024,1020130034729,SEL-060,이오시스템,120010011066,1,02_raw_data/kipris_patent_full/120010011066_page_001.json,2026-09-30T15:27:37.204Z,True
120000218885:001:015,1020130036432,SEL-011,대한광통신,120000218885,1,02_raw_data/kipris_patent_full/120000218885_page_001.json,2026-09-30T15:22:28.790Z,True
120100520372:001:006,1020130041198,SEL-014,네스앤텍,120100520372,1,02_raw_data/kipris_patent_full/120100520372_page_001.json,2026-09-30T15:04:27.081Z,True
120080201130:001:013,1020130042049,SEL-017,우리별,120080201130,1,02_raw_data/kipris_patent_full/120080201130_page_001.json,2026-09-30T15:04:45.581Z,True
119980992982:003:005,1020130043169,SEL-070,부전전자,119980992982,3,02_raw_data/kipris_patent_full/119980992982_page_003.json,2026-09-30T15:28:34.552Z,True
120000572308:001:035,1020130045524,SEL-046,옵토웰,120000572308,1,02_raw_data/kipris_patent_full/120000572308_page_001.json,2026-09-30T15:26:16.022Z,True
120060312737:001:012,1020130050892,SEL-040,펀진,120060312737,1,02_raw_data/kipris_patent_full/120060312737_page_001.json,2026-09-30T15:24:29.954Z,True
119990263757:001:070,1020130051307,SEL-071,마크애니,119990263757,1,02_raw_data/kipris_patent_full/119990263757_page_001.json,2026-09-30T15:28:56.695Z,True
120060312737:001:058,1020130053246,SEL-040,펀진,120060312737,1,02_raw_data/kipris_patent_full/120060312737_page_001.json,2026-09-30T15:24:29.954Z,True
120010224632:001:020,1020130055310,SEL-037,두시텍,120010224632,1,02_raw_data/kipris_patent_full/120010224632_page_001.json,2026-09-30T15:07:01.235Z,True
120010224632:001:028,1020130055439,SEL-037,두시텍,120010224632,1,02_raw_data/kipris_patent_full/120010224632_page_001.json,2026-09-30T15:07:01.235Z,True
120130179229:001:003,1020130056603,SEL-053,아이티사이언스,120130179229,1,02_raw_data/kipris_patent_full/120130179229_page_001.json,2026-09-30T15:08:56.724Z,True
119990582540:001:011,1020130057197,SEL-021,코난테크놀로지,119990582540,1,02_raw_data/kipris_patent_full/119990582540_page_001.json,2026-09-30T15:23:09.237Z,True
119980992982:002:005,1020130059288,SEL-070,부전전자,119980992982,2,02_raw_data/kipris_patent_full/119980992982_page_002.json,2026-09-30T15:28:30.243Z,True
120010133046:001:017,1020130059680,SEL-026,마이크로인피니티,120010133046,1,02_raw_data/kipris_patent_full/120010133046_page_001.json,2026-09-30T15:23:55.598Z,True
119990263757:001:076,1020130061972,SEL-071,마크애니,119990263757,1,02_raw_data/kipris_patent_full/119990263757_page_001.json,2026-09-30T15:28:56.695Z,True
120020328376:001:016,1020130062767,SEL-002,단암시스템즈,120020328376,1,02_raw_data/kipris_patent_full/120020328376_page_001.json,2026-09-30T15:02:00.539Z,True
119990582540:001:007,1020130065868,SEL-021,코난테크놀로지,119990582540,1,02_raw_data/kipris_patent_full/119990582540_page_001.json,2026-09-30T15:23:09.237Z,True
119980992982:002:079,1020130068457,SEL-070,부전전자,119980992982,2,02_raw_data/kipris_patent_full/119980992982_page_002.json,2026-09-30T15:28:30.243Z,True
120130179229:001:007,1020130069599,SEL-053,아이티사이언스,120130179229,1,02_raw_data/kipris_patent_full/120130179229_page_001.json,2026-09-30T15:08:56.724Z,True
120050038282:001:003,1020130069751,SEL-025,쿠오핀,120050038282,1,02_raw_data/kipris_patent_full/120050038282_page_001.json,2026-09-30T15:23:50.184Z,True
120050038282:001:010,1020130070836,SEL-025,쿠오핀,120050038282,1,02_raw_data/kipris_patent_full/120050038282_page_001.json,2026-09-30T15:23:50.184Z,True
120050038282:001:012,1020130074260,SEL-025,쿠오핀,120050038282,1,02_raw_data/kipris_patent_full/120050038282_page_001.json,2026-09-30T15:23:50.184Z,True
120020328376:001:008,1020130079509,SEL-002,단암시스템즈,120020328376,1,02_raw_data/kipris_patent_full/120020328376_page_001.json,2026-09-30T15:02:00.539Z,True
120010023639:001:010,1020130083335,SEL-010,코모텍,120010023639,1,02_raw_data/kipris_patent_full/120010023639_page_001.json,2026-09-30T15:02:54.107Z,True
120000469797:001:004,1020130093501,SEL-013,빅텍,120000469797,1,02_raw_data/kipris_patent_full/120000469797_page_001.json,2026-09-30T15:04:08.483Z,True
120000469797:001:003,1020130094007,SEL-013,빅텍,120000469797,1,02_raw_data/kipris_patent_full/120000469797_page_001.json,2026-09-30T15:04:08.483Z,True
120000218885:001:023,1020130094021,SEL-011,대한광통신,120000218885,1,02_raw_data/kipris_patent_full/120000218885_page_001.json,2026-09-30T15:22:28.790Z,True
120010216085:001:003,1020130094961,SEL-073,아이쓰리시스템,120010216085,1,02_raw_data/kipris_patent_full/120010216085_page_001.json,2026-09-30T15:12:17.655Z,True
119990263757:002:015,1020130095627,SEL-071,마크애니,119990263757,2,02_raw_data/kipris_patent_full/119990263757_page_002.json,2026-09-30T15:29:01.322Z,True
119990582540:001:022,1020130097753,SEL-021,코난테크놀로지,119990582540,1,02_raw_data/kipris_patent_full/119990582540_page_001.json,2026-09-30T15:23:09.237Z,True
119990263757:001:079,1020130100265,SEL-071,마크애니,119990263757,1,02_raw_data/kipris_patent_full/119990263757_page_001.json,2026-09-30T15:28:56.695Z,True
119990263757:002:033,1020130106169,SEL-071,마크애니,119990263757,2,02_raw_data/kipris_patent_full/119990263757_page_002.json,2026-09-30T15:29:01.322Z,True
119990263757:003:055,1020130106170,SEL-071,마크애니,119990263757,3,02_raw_data/kipris_patent_full/119990263757_page_003.json,2026-09-30T15:29:06.668Z,True
120100400701:001:021,1020130110553,SEL-006,아이브스,120100400701,1,02_raw_data/kipris_patent_full/120100400701_page_001.json,2026-09-30T15:02:26.967Z,True
120000497105:001:050,1020130111319,SEL-015,아이블포토닉스,120000497105,1,02_raw_data/kipris_patent_full/120000497105_page_001.json,2026-09-30T15:22:44.285Z,True
120000407777:001:033,1020130114262,SEL-082,이루온,120000407777,1,02_raw_data/kipris_patent_full/120000407777_page_001.json,2026-09-30T15:30:04.874Z,True
120100491643:001:013,1020130117917,SEL-049,포멀웍스,120100491643,1,02_raw_data/kipris_patent_full/120100491643_page_001.json,2026-09-30T15:08:23.879Z,True
119980992982:002:013,1020130118163,SEL-070,부전전자,119980992982,2,02_raw_data/kipris_patent_full/119980992982_page_002.json,2026-09-30T15:28:30.243Z,True
119990263757:002:001,1020130119797,SEL-071,마크애니,119990263757,2,02_raw_data/kipris_patent_full/119990263757_page_002.json,2026-09-30T15:29:01.322Z,True
120030032210:001:052,1020130120519,SEL-068,인텔리빅스,120030032210,1,02_raw_data/kipris_patent_full/120030032210_page_001.json,2026-09-30T15:28:06.481Z,True
120100400701:001:011,1020130124688,SEL-006,아이브스,120100400701,1,02_raw_data/kipris_patent_full/120100400701_page_001.json,2026-09-30T15:02:26.967Z,True
119980992982:002:019,1020130131398,SEL-070,부전전자,119980992982,2,02_raw_data/kipris_patent_full/119980992982_page_002.json,2026-09-30T15:28:30.243Z,True
120130036036:001:021,1020130137640,SEL-058,덕산넵코어스,120130036036,1,02_raw_data/kipris_patent_full/120130036036_page_001.json,2026-09-30T15:10:29.319Z,True
120000572308:001:026,1020130140979,SEL-046,옵토웰,120000572308,1,02_raw_data/kipris_patent_full/120000572308_page_001.json,2026-09-30T15:26:16.022Z,True
119990263757:002:061,1020130145708,SEL-071,마크애니,119990263757,2,02_raw_data/kipris_patent_full/119990263757_page_002.json,2026-09-30T15:29:01.322Z,True
119980992982:002:069,1020130150851,SEL-070,부전전자,119980992982,2,02_raw_data/kipris_patent_full/119980992982_page_002.json,2026-09-30T15:28:30.243Z,True
119980992982:002:078,1020130150852,SEL-070,부전전자,119980992982,2,02_raw_data/kipris_patent_full/119980992982_page_002.json,2026-09-30T15:28:30.243Z,True
119980992982:002:021,1020130150853,SEL-070,부전전자,119980992982,2,02_raw_data/kipris_patent_full/119980992982_page_002.json,2026-09-30T15:28:30.243Z,True
120010011066:001:077,1020130150953,SEL-060,이오시스템,120010011066,1,02_raw_data/kipris_patent_full/120010011066_page_001.json,2026-09-30T15:27:37.204Z,True
120010011066:001:087,1020130150954,SEL-060,이오시스템,120010011066,1,02_raw_data/kipris_patent_full/120010011066_page_001.json,2026-09-30T15:27:37.204Z,True
120010011066:001:037,1020130150956,SEL-060,이오시스템,120010011066,1,02_raw_data/kipris_patent_full/120010011066_page_001.json,2026-09-30T15:27:37.204Z,True
120070411804:001:019,1020130155311,SEL-036,솔탑,120070411804,1,02_raw_data/kipris_patent_full/120070411804_page_001.json,2026-09-30T15:24:20.530Z,True
119990263757:001:036,1020130164153,SEL-071,마크애니,119990263757,1,02_raw_data/kipris_patent_full/119990263757_page_001.json,2026-09-30T15:28:56.695Z,True
120060503193:001:003,1020130165233,SEL-083,유저스,120060503193,1,02_raw_data/kipris_patent_full/120060503193_page_001.json,2026-09-30T15:15:58.429Z,True
120060503193:001:002,1020130168367,SEL-083,유저스,120060503193,1,02_raw_data/kipris_patent_full/120060503193_page_001.json,2026-09-30T15:15:58.429Z,True
120120621794:001:029,1020140003510,SEL-022,다비오,120120621794,1,02_raw_data/kipris_patent_full/120120621794_page_001.json,2026-09-30T15:23:16.798Z,True
120140025378:001:028,1020140005320,SEL-001,ANH스트럭쳐,120140025378,1,02_raw_data/kipris_patent_full/120140025378_page_001.json,2026-09-30T14:59:26.805Z,True
120100400701:001:023,1020140009133,SEL-006,아이브스,120100400701,1,02_raw_data/kipris_patent_full/120100400701_page_001.json,2026-09-30T15:02:26.967Z,True
120100520372:001:021,1020140011008,SEL-014,네스앤텍,120100520372,1,02_raw_data/kipris_patent_full/120100520372_page_001.json,2026-09-30T15:04:27.081Z,True
120070411804:001:023,1020140011333,SEL-036,솔탑,120070411804,1,02_raw_data/kipris_patent_full/120070411804_page_001.json,2026-09-30T15:24:20.530Z,True
120100400701:001:020,1020140011453,SEL-006,아이브스,120100400701,1,02_raw_data/kipris_patent_full/120100400701_page_001.json,2026-09-30T15:02:26.967Z,True
120000497105:001:033,1020140013105,SEL-015,아이블포토닉스,120000497105,1,02_raw_data/kipris_patent_full/120000497105_page_001.json,2026-09-30T15:22:44.285Z,True
120000444501:001:013,1020140013730,SEL-064,극동통신,120000444501,1,02_raw_data/kipris_patent_full/120000444501_page_001.json,2026-09-30T15:10:47.532Z,True
120100520372:001:018,1020140014381,SEL-014,네스앤텍,120100520372,1,02_raw_data/kipris_patent_full/120100520372_page_001.json,2026-09-30T15:04:27.081Z,True
120100520372:001:019,1020140014382,SEL-014,네스앤텍,120100520372,1,02_raw_data/kipris_patent_full/120100520372_page_001.json,2026-09-30T15:04:27.081Z,True
120100400701:001:019,1020140014653,SEL-006,아이브스,120100400701,1,02_raw_data/kipris_patent_full/120100400701_page_001.json,2026-09-30T15:02:26.967Z,True
120140025378:001:054,1020140015897,SEL-001,ANH스트럭쳐,120140025378,1,02_raw_data/kipris_patent_full/120140025378_page_001.json,2026-09-30T14:59:26.805Z,True
120010011066:001:034,1020140017502,SEL-060,이오시스템,120010011066,1,02_raw_data/kipris_patent_full/120010011066_page_001.json,2026-09-30T15:27:37.204Z,True
120030032210:001:040,1020140018220,SEL-068,인텔리빅스,120030032210,1,02_raw_data/kipris_patent_full/120030032210_page_001.json,2026-09-30T15:28:06.481Z,True
120020328376:001:044,1020140026596,SEL-002,단암시스템즈,120020328376,1,02_raw_data/kipris_patent_full/120020328376_page_001.json,2026-09-30T15:02:00.539Z,True
119980992982:003:015,1020140026788,SEL-070,부전전자,119980992982,3,02_raw_data/kipris_patent_full/119980992982_page_003.json,2026-09-30T15:28:34.552Z,True
120060312737:001:051,1020140028717,SEL-040,펀진,120060312737,1,02_raw_data/kipris_patent_full/120060312737_page_001.json,2026-09-30T15:24:29.954Z,True
119990582540:001:009,1020140036945,SEL-021,코난테크놀로지,119990582540,1,02_raw_data/kipris_patent_full/119990582540_page_001.json,2026-09-30T15:23:09.237Z,True
120060503193:001:007,1020140038056,SEL-083,유저스,120060503193,1,02_raw_data/kipris_patent_full/120060503193_page_001.json,2026-09-30T15:15:58.429Z,True
120000218885:001:022,1020140038847,SEL-011,대한광통신,120000218885,1,02_raw_data/kipris_patent_full/120000218885_page_001.json,2026-09-30T15:22:28.790Z,True
119990582540:001:059,1020140041459,SEL-021,코난테크놀로지,119990582540,1,02_raw_data/kipris_patent_full/119990582540_page_001.json,2026-09-30T15:23:09.237Z,True
120080201130:001:002,1020140044057,SEL-017,우리별,120080201130,1,02_raw_data/kipris_patent_full/120080201130_page_001.json,2026-09-30T15:04:45.581Z,True
120080201130:001:001,1020140044058,SEL-017,우리별,120080201130,1,02_raw_data/kipris_patent_full/120080201130_page_001.json,2026-09-30T15:04:45.581Z,True
120080109856:001:009,1020140044617,SEL-018,성신디펜스솔루션,120080109856,1,02_raw_data/kipris_patent_full/120080109856_page_001.json,2026-09-30T15:04:49.233Z,True
119981108964:001:034,1020140047730,SEL-076,삼현,119981108964,1,02_raw_data/kipris_patent_full/119981108964_page_001.json,2026-09-30T15:14:46.351Z,True
119981108964:001:040,1020140047732,SEL-076,삼현,119981108964,1,02_raw_data/kipris_patent_full/119981108964_page_001.json,2026-09-30T15:14:46.351Z,True
119981108964:001:061,1020140047733,SEL-076,삼현,119981108964,1,02_raw_data/kipris_patent_full/119981108964_page_001.json,2026-09-30T15:14:46.351Z,True
120140025378:001:053,1020140048372,SEL-001,ANH스트럭쳐,120140025378,1,02_raw_data/kipris_patent_full/120140025378_page_001.json,2026-09-30T14:59:26.805Z,True
119980992982:003:004,1020140048737,SEL-070,부전전자,119980992982,3,02_raw_data/kipris_patent_full/119980992982_page_003.json,2026-09-30T15:28:34.552Z,True
120060312737:001:020,1020140051735,SEL-040,펀진,120060312737,1,02_raw_data/kipris_patent_full/120060312737_page_001.json,2026-09-30T15:24:29.954Z,True
120060312737:001:057,1020140051736,SEL-040,펀진,120060312737,1,02_raw_data/kipris_patent_full/120060312737_page_001.json,2026-09-30T15:24:29.954Z,True
120060312737:001:033,1020140053941,SEL-040,펀진,120060312737,1,02_raw_data/kipris_patent_full/120060312737_page_001.json,2026-09-30T15:24:29.954Z,True
120010011066:001:012,1020140056515,SEL-060,이오시스템,120010011066,1,02_raw_data/kipris_patent_full/120010011066_page_001.json,2026-09-30T15:27:37.204Z,True
119980992982:003:006,1020140057223,SEL-070,부전전자,119980992982,3,02_raw_data/kipris_patent_full/119980992982_page_003.json,2026-09-30T15:28:34.552Z,True
120030032210:001:044,1020140057653,SEL-068,인텔리빅스,120030032210,1,02_raw_data/kipris_patent_full/120030032210_page_001.json,2026-09-30T15:28:06.481Z,True
120080109856:001:004,1020140060078,SEL-018,성신디펜스솔루션,120080109856,1,02_raw_data/kipris_patent_full/120080109856_page_001.json,2026-09-30T15:04:49.233Z,True
120080109856:001:003,1020140060079,SEL-018,성신디펜스솔루션,120080109856,1,02_raw_data/kipris_patent_full/120080109856_page_001.json,2026-09-30T15:04:49.233Z,True
120060503193:001:014,1020140061522,SEL-083,유저스,120060503193,1,02_raw_data/kipris_patent_full/120060503193_page_001.json,2026-09-30T15:15:58.429Z,True
119980992982:001:088,1020140062509,SEL-070,부전전자,119980992982,1,02_raw_data/kipris_patent_full/119980992982_page_001.json,2026-09-30T15:28:25.879Z,True
120100400701:001:018,1020140078979,SEL-006,아이브스,120100400701,1,02_raw_data/kipris_patent_full/120100400701_page_001.json,2026-09-30T15:02:26.967Z,True
120020464156:001:018,1020140080679,SEL-077,케이알엠,120020464156,1,02_raw_data/kipris_patent_full/120020464156_page_001.json,2026-09-30T15:14:53.005Z,True
120000497105:001:009,1020140086165,SEL-015,아이블포토닉스,120000497105,1,02_raw_data/kipris_patent_full/120000497105_page_001.json,2026-09-30T15:22:44.285Z,True
120000407777:001:012,1020140092042,SEL-082,이루온,120000407777,1,02_raw_data/kipris_patent_full/120000407777_page_001.json,2026-09-30T15:30:04.874Z,True
120060312737:001:040,1020140093414,SEL-040,펀진,120060312737,1,02_raw_data/kipris_patent_full/120060312737_page_001.json,2026-09-30T15:24:29.954Z,True
120030032210:001:010,1020140096617,SEL-068,인텔리빅스,120030032210,1,02_raw_data/kipris_patent_full/120030032210_page_001.json,2026-09-30T15:28:06.481Z,True
120010011066:001:053,1020140102645,SEL-060,이오시스템,120010011066,1,02_raw_data/kipris_patent_full/120010011066_page_001.json,2026-09-30T15:27:37.204Z,True
119981033521:001:004,1020140104250,SEL-013,빅텍,119981033521,1,02_raw_data/kipris_patent_full/119981033521_page_001.json,2026-09-30T15:04:04.574Z,True
120100400701:001:006,1020140111782,SEL-006,아이브스,120100400701,1,02_raw_data/kipris_patent_full/120100400701_page_001.json,2026-09-30T15:02:26.967Z,True
119980992982:002:088,1020140116756,SEL-070,부전전자,119980992982,2,02_raw_data/kipris_patent_full/119980992982_page_002.json,2026-09-30T15:28:30.243Z,True
119980992982:003:012,1020140116757,SEL-070,부전전자,119980992982,3,02_raw_data/kipris_patent_full/119980992982_page_003.json,2026-09-30T15:28:34.552Z,True
119980992982:003:011,1020140120968,SEL-070,부전전자,119980992982,3,02_raw_data/kipris_patent_full/119980992982_page_003.json,2026-09-30T15:28:34.552Z,True
120020464156:001:019,1020140121955,SEL-077,케이알엠,120020464156,1,02_raw_data/kipris_patent_full/120020464156_page_001.json,2026-09-30T15:14:53.005Z,True
120130219032:001:007,1020140124427,SEL-056,삼정오토메이션,120130219032,1,02_raw_data/kipris_patent_full/120130219032_page_001.json,2026-09-30T15:09:29.490Z,True
120130219032:001:008,1020140124441,SEL-056,삼정오토메이션,120130219032,1,02_raw_data/kipris_patent_full/120130219032_page_001.json,2026-09-30T15:09:29.490Z,True
120130219032:001:009,1020140124482,SEL-056,삼정오토메이션,120130219032,1,02_raw_data/kipris_patent_full/120130219032_page_001.json,2026-09-30T15:09:29.490Z,True
120140451975:001:048,1020140127533,SEL-016,스탠다드시험연구소,120140451975,1,02_raw_data/kipris_patent_full/120140451975_page_001.json,2026-09-30T15:22:57.659Z,True
120020328376:001:021,1020140128916,SEL-002,단암시스템즈,120020328376,1,02_raw_data/kipris_patent_full/120020328376_page_001.json,2026-09-30T15:02:00.539Z,True
120070411804:001:021,1020140131413,SEL-036,솔탑,120070411804,1,02_raw_data/kipris_patent_full/120070411804_page_001.json,2026-09-30T15:24:20.530Z,True
120010216085:001:014,1020140131835,SEL-073,아이쓰리시스템,120010216085,1,02_raw_data/kipris_patent_full/120010216085_page_001.json,2026-09-30T15:12:17.655Z,True
119990263757:002:003,1020140136215,SEL-071,마크애니,119990263757,2,02_raw_data/kipris_patent_full/119990263757_page_002.json,2026-09-30T15:29:01.322Z,True
120100400701:001:027,1020140141601,SEL-006,아이브스,120100400701,1,02_raw_data/kipris_patent_full/120100400701_page_001.json,2026-09-30T15:02:26.967Z,True
119981033521:001:003,1020140145058,SEL-013,빅텍,119981033521,1,02_raw_data/kipris_patent_full/119981033521_page_001.json,2026-09-30T15:04:04.574Z,True
119980992982:003:016,1020140145252,SEL-070,부전전자,119980992982,3,02_raw_data/kipris_patent_full/119980992982_page_003.json,2026-09-30T15:28:34.552Z,True
120000218885:001:047,1020140148435,SEL-011,대한광통신,120000218885,1,02_raw_data/kipris_patent_full/120000218885_page_001.json,2026-09-30T15:22:28.790Z,True
120060312737:001:050,1020140172177,SEL-040,펀진,120060312737,1,02_raw_data/kipris_patent_full/120060312737_page_001.json,2026-09-30T15:24:29.954Z,True
120070411804:001:024,1020140172827,SEL-036,솔탑,120070411804,1,02_raw_data/kipris_patent_full/120070411804_page_001.json,2026-09-30T15:24:20.530Z,True
120010011066:002:006,1020140173383,SEL-060,이오시스템,120010011066,2,02_raw_data/kipris_patent_full/120010011066_page_002.json,2026-09-30T15:27:40.539Z,True
120010011066:001:006,1020140173384,SEL-060,이오시스템,120010011066,1,02_raw_data/kipris_patent_full/120010011066_page_001.json,2026-09-30T15:27:37.204Z,True
120010011066:001:058,1020140173385,SEL-060,이오시스템,120010011066,1,02_raw_data/kipris_patent_full/120010011066_page_001.json,2026-09-30T15:27:37.204Z,True
120010011066:001:068,1020140173392,SEL-060,이오시스템,120010011066,1,02_raw_data/kipris_patent_full/120010011066_page_001.json,2026-09-30T15:27:37.204Z,True
120010011066:001:085,1020140175332,SEL-060,이오시스템,120010011066,1,02_raw_data/kipris_patent_full/120010011066_page_001.json,2026-09-30T15:27:37.204Z,True
120010011066:001:076,1020140175333,SEL-060,이오시스템,120010011066,1,02_raw_data/kipris_patent_full/120010011066_page_001.json,2026-09-30T15:27:37.204Z,True
120060069154:001:005,1020140179548,SEL-012,영풍전자,120060069154,1,02_raw_data/kipris_patent_full/120060069154_page_001.json,2026-09-30T15:04:01.035Z,True
120060312737:001:007,1020140180000,SEL-040,펀진,120060312737,1,02_raw_data/kipris_patent_full/120060312737_page_001.json,2026-09-30T15:24:29.954Z,True
120010011066:001:026,1020140180745,SEL-060,이오시스템,120010011066,1,02_raw_data/kipris_patent_full/120010011066_page_001.json,2026-09-30T15:27:37.204Z,True
120010011066:001:028,1020140181859,SEL-060,이오시스템,120010011066,1,02_raw_data/kipris_patent_full/120010011066_page_001.json,2026-09-30T15:27:37.204Z,True
120010011066:001:008,1020140184884,SEL-060,이오시스템,120010011066,1,02_raw_data/kipris_patent_full/120010011066_page_001.json,2026-09-30T15:27:37.204Z,True
120000218885:001:036,1020140190746,SEL-011,대한광통신,120000218885,1,02_raw_data/kipris_patent_full/120000218885_page_001.json,2026-09-30T15:22:28.790Z,True
120000407777:001:024,1020140192002,SEL-082,이루온,120000407777,1,02_raw_data/kipris_patent_full/120000407777_page_001.json,2026-09-30T15:30:04.874Z,True
120060312737:001:019,1020140193005,SEL-040,펀진,120060312737,1,02_raw_data/kipris_patent_full/120060312737_page_001.json,2026-09-30T15:24:29.954Z,True
120060312737:001:056,1020140193006,SEL-040,펀진,120060312737,1,02_raw_data/kipris_patent_full/120060312737_page_001.json,2026-09-30T15:24:29.954Z,True
119990582540:001:054,1020140194268,SEL-021,코난테크놀로지,119990582540,1,02_raw_data/kipris_patent_full/119990582540_page_001.json,2026-09-30T15:23:09.237Z,True
119990582540:001:044,1020140194269,SEL-021,코난테크놀로지,119990582540,1,02_raw_data/kipris_patent_full/119990582540_page_001.json,2026-09-30T15:23:09.237Z,True
120000407777:001:011,1020140194890,SEL-082,이루온,120000407777,1,02_raw_data/kipris_patent_full/120000407777_page_001.json,2026-09-30T15:30:04.874Z,True
120020464156:001:021,1020150001152,SEL-077,케이알엠,120020464156,1,02_raw_data/kipris_patent_full/120020464156_page_001.json,2026-09-30T15:14:53.005Z,True
120000497105:001:007,1020150003159,SEL-015,아이블포토닉스,120000497105,1,02_raw_data/kipris_patent_full/120000497105_page_001.json,2026-09-30T15:22:44.285Z,True
119980992982:003:010,1020150004441,SEL-070,부전전자,119980992982,3,02_raw_data/kipris_patent_full/119980992982_page_003.json,2026-09-30T15:28:34.552Z,True
119990263757:001:082,1020150009213,SEL-071,마크애니,119990263757,1,02_raw_data/kipris_patent_full/119990263757_page_001.json,2026-09-30T15:28:56.695Z,True
120070411804:001:004,1020150013338,SEL-036,솔탑,120070411804,1,02_raw_data/kipris_patent_full/120070411804_page_001.json,2026-09-30T15:24:20.530Z,True
120030032210:001:067,1020150015384,SEL-068,인텔리빅스,120030032210,1,02_raw_data/kipris_patent_full/120030032210_page_001.json,2026-09-30T15:28:06.481Z,True
120030032210:001:043,1020150015893,SEL-068,인텔리빅스,120030032210,1,02_raw_data/kipris_patent_full/120030032210_page_001.json,2026-09-30T15:28:06.481Z,True
120030032210:001:066,1020150015895,SEL-068,인텔리빅스,120030032210,1,02_raw_data/kipris_patent_full/120030032210_page_001.json,2026-09-30T15:28:06.481Z,True
119990263757:002:046,1020150020147,SEL-071,마크애니,119990263757,2,02_raw_data/kipris_patent_full/119990263757_page_002.json,2026-09-30T15:29:01.322Z,True
119990263757:002:078,1020150020149,SEL-071,마크애니,119990263757,2,02_raw_data/kipris_patent_full/119990263757_page_002.json,2026-09-30T15:29:01.322Z,True
119980992982:002:045,1020150021539,SEL-070,부전전자,119980992982,2,02_raw_data/kipris_patent_full/119980992982_page_002.json,2026-09-30T15:28:30.243Z,True
120000407777:001:051,1020150022548,SEL-082,이루온,120000407777,1,02_raw_data/kipris_patent_full/120000407777_page_001.json,2026-09-30T15:30:04.874Z,True
119980992982:003:014,1020150023544,SEL-070,부전전자,119980992982,3,02_raw_data/kipris_patent_full/119980992982_page_003.json,2026-09-30T15:28:34.552Z,True
120010011066:001:074,1020150024368,SEL-060,이오시스템,120010011066,1,02_raw_data/kipris_patent_full/120010011066_page_001.json,2026-09-30T15:27:37.204Z,True
119980992982:003:013,1020150024997,SEL-070,부전전자,119980992982,3,02_raw_data/kipris_patent_full/119980992982_page_003.json,2026-09-30T15:28:34.552Z,True
119990263757:001:029,1020150029002,SEL-071,마크애니,119990263757,1,02_raw_data/kipris_patent_full/119990263757_page_001.json,2026-09-30T15:28:56.695Z,True
119990263757:001:034,1020150033809,SEL-071,마크애니,119990263757,1,02_raw_data/kipris_patent_full/119990263757_page_001.json,2026-09-30T15:28:56.695Z,True
120010011066:001:050,1020150036986,SEL-060,이오시스템,120010011066,1,02_raw_data/kipris_patent_full/120010011066_page_001.json,2026-09-30T15:27:37.204Z,True
120170493817:001:055,1020150037511,SEL-008,RFHIC,120170493817,1,02_raw_data/kipris_patent_full/120170493817_page_001.json,2026-09-30T15:22:03.697Z,True
120130036036:001:028,1020150051592,SEL-058,덕산넵코어스,120130036036,1,02_raw_data/kipris_patent_full/120130036036_page_001.json,2026-09-30T15:10:29.319Z,True
120140025378:001:052,1020150053349,SEL-001,ANH스트럭쳐,120140025378,1,02_raw_data/kipris_patent_full/120140025378_page_001.json,2026-09-30T14:59:26.805Z,True
120010011066:001:088,1020150053416,SEL-060,이오시스템,120010011066,1,02_raw_data/kipris_patent_full/120010011066_page_001.json,2026-09-30T15:27:37.204Z,True
120120365459:001:002,1020150063179,SEL-020,루미르,120120365459,1,02_raw_data/kipris_patent_full/120120365459_page_001.json,2026-09-30T15:05:02.889Z,True
120040367533:001:009,1020150063808,SEL-051,소나테크,120040367533,1,02_raw_data/kipris_patent_full/120040367533_page_001.json,2026-09-30T15:08:47.197Z,True
120080109856:001:007,1020150064831,SEL-018,성신디펜스솔루션,120080109856,1,02_raw_data/kipris_patent_full/120080109856_page_001.json,2026-09-30T15:04:49.233Z,True
120080109856:001:006,1020150064843,SEL-018,성신디펜스솔루션,120080109856,1,02_raw_data/kipris_patent_full/120080109856_page_001.json,2026-09-30T15:04:49.233Z,True
120080109856:001:011,1020150068973,SEL-018,성신디펜스솔루션,120080109856,1,02_raw_data/kipris_patent_full/120080109856_page_001.json,2026-09-30T15:04:49.233Z,True
120070411804:001:025,1020150069451,SEL-036,솔탑,120070411804,1,02_raw_data/kipris_patent_full/120070411804_page_001.json,2026-09-30T15:24:20.530Z,True
120080109856:001:002,1020150069808,SEL-018,성신디펜스솔루션,120080109856,1,02_raw_data/kipris_patent_full/120080109856_page_001.json,2026-09-30T15:04:49.233Z,True
120000218885:001:063,1020150080899,SEL-011,대한광통신,120000218885,1,02_raw_data/kipris_patent_full/120000218885_page_001.json,2026-09-30T15:22:28.790Z,True
120010224632:001:014,1020150082648,SEL-037,두시텍,120010224632,1,02_raw_data/kipris_patent_full/120010224632_page_001.json,2026-09-30T15:07:01.235Z,True
120010224632:001:025,1020150082652,SEL-037,두시텍,120010224632,1,02_raw_data/kipris_patent_full/120010224632_page_001.json,2026-09-30T15:07:01.235Z,True
120010224632:001:022,1020150082663,SEL-037,두시텍,120010224632,1,02_raw_data/kipris_patent_full/120010224632_page_001.json,2026-09-30T15:07:01.235Z,True
120010011066:001:023,1020150092479,SEL-060,이오시스템,120010011066,1,02_raw_data/kipris_patent_full/120010011066_page_001.json,2026-09-30T15:27:37.204Z,True
120000218885:001:061,1020150101020,SEL-011,대한광통신,120000218885,1,02_raw_data/kipris_patent_full/120000218885_page_001.json,2026-09-30T15:22:28.790Z,True
120000497105:001:011,1020150101215,SEL-015,아이블포토닉스,120000497105,1,02_raw_data/kipris_patent_full/120000497105_page_001.json,2026-09-30T15:22:44.285Z,True
120010023639:001:012,1020150104859,SEL-010,코모텍,120010023639,1,02_raw_data/kipris_patent_full/120010023639_page_001.json,2026-09-30T15:02:54.107Z,True
119990263757:002:079,1020150109532,SEL-071,마크애니,119990263757,2,02_raw_data/kipris_patent_full/119990263757_page_002.json,2026-09-30T15:29:01.322Z,True
119980992982:001:033,1020150111428,SEL-070,부전전자,119980992982,1,02_raw_data/kipris_patent_full/119980992982_page_001.json,2026-09-30T15:28:25.879Z,True
120080201130:001:012,1020150119457,SEL-017,우리별,120080201130,1,02_raw_data/kipris_patent_full/120080201130_page_001.json,2026-09-30T15:04:45.581Z,True
120000218885:001:062,1020150119977,SEL-011,대한광통신,120000218885,1,02_raw_data/kipris_patent_full/120000218885_page_001.json,2026-09-30T15:22:28.790Z,True
119990263757:001:015,1020150124575,SEL-071,마크애니,119990263757,1,02_raw_data/kipris_patent_full/119990263757_page_001.json,2026-09-30T15:28:56.695Z,True
120030032210:001:062,1020150131003,SEL-068,인텔리빅스,120030032210,1,02_raw_data/kipris_patent_full/120030032210_page_001.json,2026-09-30T15:28:06.481Z,True
120020328376:001:013,1020150133810,SEL-002,단암시스템즈,120020328376,1,02_raw_data/kipris_patent_full/120020328376_page_001.json,2026-09-30T15:02:00.539Z,True
120140025378:001:050,1020150137411,SEL-001,ANH스트럭쳐,120140025378,1,02_raw_data/kipris_patent_full/120140025378_page_001.json,2026-09-30T14:59:26.805Z,True
120140025378:001:051,1020150137417,SEL-001,ANH스트럭쳐,120140025378,1,02_raw_data/kipris_patent_full/120140025378_page_001.json,2026-09-30T14:59:26.805Z,True
119980992982:002:087,1020150144863,SEL-070,부전전자,119980992982,2,02_raw_data/kipris_patent_full/119980992982_page_002.json,2026-09-30T15:28:30.243Z,True
120010224632:001:010,1020150145667,SEL-037,두시텍,120010224632,1,02_raw_data/kipris_patent_full/120010224632_page_001.json,2026-09-30T15:07:01.235Z,True
120040367533:001:003,1020150151616,SEL-051,소나테크,120040367533,1,02_raw_data/kipris_patent_full/120040367533_page_001.json,2026-09-30T15:08:47.197Z,True
120010011066:001:033,1020150152611,SEL-060,이오시스템,120010011066,1,02_raw_data/kipris_patent_full/120010011066_page_001.json,2026-09-30T15:27:37.204Z,True
120110075931:001:009,1020150154959,SEL-019,하나에이엠티,120110075931,1,02_raw_data/kipris_patent_full/120110075931_page_001.json,2026-09-30T15:04:59.392Z,True
120040367533:001:014,1020150156992,SEL-051,소나테크,120040367533,1,02_raw_data/kipris_patent_full/120040367533_page_001.json,2026-09-30T15:08:47.197Z,True
120150512756:001:038,1020150157018,SEL-030,니어스랩,120150512756,1,02_raw_data/kipris_patent_full/120150512756_page_001.json,2026-09-30T15:24:05.144Z,True
120170273402:001:030,1020150157764,SEL-007,웨이비스,120170273402,1,02_raw_data/kipris_patent_full/120170273402_page_001.json,2026-09-30T15:02:32.539Z,True
120150512756:001:039,1020150158327,SEL-030,니어스랩,120150512756,1,02_raw_data/kipris_patent_full/120150512756_page_001.json,2026-09-30T15:24:05.144Z,True
120150512756:001:037,1020150158328,SEL-030,니어스랩,120150512756,1,02_raw_data/kipris_patent_full/120150512756_page_001.json,2026-09-30T15:24:05.144Z,True
119990582540:001:033,1020150159201,SEL-021,코난테크놀로지,119990582540,1,02_raw_data/kipris_patent_full/119990582540_page_001.json,2026-09-30T15:23:09.237Z,True
119990263757:001:077,1020150160240,SEL-071,마크애니,119990263757,1,02_raw_data/kipris_patent_full/119990263757_page_001.json,2026-09-30T15:28:56.695Z,True
119990263757:001:063,1020150160810,SEL-071,마크애니,119990263757,1,02_raw_data/kipris_patent_full/119990263757_page_001.json,2026-09-30T15:28:56.695Z,True
120100520372:001:007,1020150166023,SEL-014,네스앤텍,120100520372,1,02_raw_data/kipris_patent_full/120100520372_page_001.json,2026-09-30T15:04:27.081Z,True
119990263757:003:054,1020150173183,SEL-071,마크애니,119990263757,3,02_raw_data/kipris_patent_full/119990263757_page_003.json,2026-09-30T15:29:06.668Z,True
119990263757:003:010,1020150173805,SEL-071,마크애니,119990263757,3,02_raw_data/kipris_patent_full/119990263757_page_003.json,2026-09-30T15:29:06.668Z,True
120130036036:001:020,1020150177975,SEL-058,덕산넵코어스,120130036036,1,02_raw_data/kipris_patent_full/120130036036_page_001.json,2026-09-30T15:10:29.319Z,True
120000469797:001:017,1020150180373,SEL-013,빅텍,120000469797,1,02_raw_data/kipris_patent_full/120000469797_page_001.json,2026-09-30T15:04:08.483Z,True
120000469797:001:002,1020150180379,SEL-013,빅텍,120000469797,1,02_raw_data/kipris_patent_full/120000469797_page_001.json,2026-09-30T15:04:08.483Z,True
120000469797:001:005,1020150180396,SEL-013,빅텍,120000469797,1,02_raw_data/kipris_patent_full/120000469797_page_001.json,2026-09-30T15:04:08.483Z,True
119990263757:003:051,1020150183430,SEL-071,마크애니,119990263757,3,02_raw_data/kipris_patent_full/119990263757_page_003.json,2026-09-30T15:29:06.668Z,True
120150784556:001:008,1020150183518,SEL-027,컨트로맥스,120150784556,1,02_raw_data/kipris_patent_full/120150784556_page_001.json,2026-09-30T15:06:00.606Z,True
120060312737:001:025,1020150187698,SEL-040,펀진,120060312737,1,02_raw_data/kipris_patent_full/120060312737_page_001.json,2026-09-30T15:24:29.954Z,True
120060312737:001:047,1020150188173,SEL-040,펀진,120060312737,1,02_raw_data/kipris_patent_full/120060312737_page_001.json,2026-09-30T15:24:29.954Z,True
120170273402:001:031,1020150188218,SEL-007,웨이비스,120170273402,1,02_raw_data/kipris_patent_full/120170273402_page_001.json,2026-09-30T15:02:32.539Z,True
119990263757:001:033,1020150188688,SEL-071,마크애니,119990263757,1,02_raw_data/kipris_patent_full/119990263757_page_001.json,2026-09-30T15:28:56.695Z,True
119990263757:001:035,1020150188697,SEL-071,마크애니,119990263757,1,02_raw_data/kipris_patent_full/119990263757_page_001.json,2026-09-30T15:28:56.695Z,True
120000497105:001:057,1020150188842,SEL-015,아이블포토닉스,120000497105,1,02_raw_data/kipris_patent_full/120000497105_page_001.json,2026-09-30T15:22:44.285Z,True
120000497105:001:008,1020150188873,SEL-015,아이블포토닉스,120000497105,1,02_raw_data/kipris_patent_full/120000497105_page_001.json,2026-09-30T15:22:44.285Z,True
120030032210:001:028,1020157014026,SEL-068,인텔리빅스,120030032210,1,02_raw_data/kipris_patent_full/120030032210_page_001.json,2026-09-30T15:28:06.481Z,True
120060312737:001:038,1020160002149,SEL-040,펀진,120060312737,1,02_raw_data/kipris_patent_full/120060312737_page_001.json,2026-09-30T15:24:29.954Z,True
119990263757:001:041,1020160002257,SEL-071,마크애니,119990263757,1,02_raw_data/kipris_patent_full/119990263757_page_001.json,2026-09-30T15:28:56.695Z,True
120000218885:001:060,1020160004447,SEL-011,대한광통신,120000218885,1,02_raw_data/kipris_patent_full/120000218885_page_001.json,2026-09-30T15:22:28.790Z,True
120020464156:001:001,1020160009413,SEL-077,케이알엠,120020464156,1,02_raw_data/kipris_patent_full/120020464156_page_001.json,2026-09-30T15:14:53.005Z,True
119990263757:001:024,1020160010108,SEL-071,마크애니,119990263757,1,02_raw_data/kipris_patent_full/119990263757_page_001.json,2026-09-30T15:28:56.695Z,True
119990263757:002:022,1020160011797,SEL-071,마크애니,119990263757,2,02_raw_data/kipris_patent_full/119990263757_page_002.json,2026-09-30T15:29:01.322Z,True
120000218885:001:048,1020160016148,SEL-011,대한광통신,120000218885,1,02_raw_data/kipris_patent_full/120000218885_page_001.json,2026-09-30T15:22:28.790Z,True
120170273402:001:032,1020160016943,SEL-007,웨이비스,120170273402,1,02_raw_data/kipris_patent_full/120170273402_page_001.json,2026-09-30T15:02:32.539Z,True
119980992982:003:009,1020160020874,SEL-070,부전전자,119980992982,3,02_raw_data/kipris_patent_full/119980992982_page_003.json,2026-09-30T15:28:34.552Z,True
120150784556:001:005,1020160025392,SEL-027,컨트로맥스,120150784556,1,02_raw_data/kipris_patent_full/120150784556_page_001.json,2026-09-30T15:06:00.606Z,True
119990263757:003:052,1020160031363,SEL-071,마크애니,119990263757,3,02_raw_data/kipris_patent_full/119990263757_page_003.json,2026-09-30T15:29:06.668Z,True
119980992982:002:076,1020160040244,SEL-070,부전전자,119980992982,2,02_raw_data/kipris_patent_full/119980992982_page_002.json,2026-09-30T15:28:30.243Z,True
120000572308:001:010,1020160041394,SEL-046,옵토웰,120000572308,1,02_raw_data/kipris_patent_full/120000572308_page_001.json,2026-09-30T15:26:16.022Z,True
119980992982:002:074,1020160042227,SEL-070,부전전자,119980992982,2,02_raw_data/kipris_patent_full/119980992982_page_002.json,2026-09-30T15:28:30.243Z,True
120120621794:001:004,1020160045139,SEL-022,다비오,120120621794,1,02_raw_data/kipris_patent_full/120120621794_page_001.json,2026-09-30T15:23:16.798Z,True
120160256051:001:085,1020160045978,SEL-078,센서뷰,120160256051,1,02_raw_data/kipris_patent_full/120160256051_page_001.json,2026-09-30T15:29:41.938Z,True
120170273402:001:012,1020160047549,SEL-007,웨이비스,120170273402,1,02_raw_data/kipris_patent_full/120170273402_page_001.json,2026-09-30T15:02:32.539Z,True
120170273402:001:010,1020160047550,SEL-007,웨이비스,120170273402,1,02_raw_data/kipris_patent_full/120170273402_page_001.json,2026-09-30T15:02:32.539Z,True
120170273402:001:027,1020160047552,SEL-007,웨이비스,120170273402,1,02_raw_data/kipris_patent_full/120170273402_page_001.json,2026-09-30T15:02:32.539Z,True
120170273402:001:028,1020160047555,SEL-007,웨이비스,120170273402,1,02_raw_data/kipris_patent_full/120170273402_page_001.json,2026-09-30T15:02:32.539Z,True
120000407777:001:023,1020160048978,SEL-082,이루온,120000407777,1,02_raw_data/kipris_patent_full/120000407777_page_001.json,2026-09-30T15:30:04.874Z,True
120100520372:001:026,1020160051707,SEL-014,네스앤텍,120100520372,1,02_raw_data/kipris_patent_full/120100520372_page_001.json,2026-09-30T15:04:27.081Z,True
120010011066:001:052,1020160054235,SEL-060,이오시스템,120010011066,1,02_raw_data/kipris_patent_full/120010011066_page_001.json,2026-09-30T15:27:37.204Z,True
120010011066:001:066,1020160054239,SEL-060,이오시스템,120010011066,1,02_raw_data/kipris_patent_full/120010011066_page_001.json,2026-09-30T15:27:37.204Z,True
120010224632:001:016,1020160057556,SEL-037,두시텍,120010224632,1,02_raw_data/kipris_patent_full/120010224632_page_001.json,2026-09-30T15:07:01.235Z,True
120000407777:001:003,1020160059682,SEL-082,이루온,120000407777,1,02_raw_data/kipris_patent_full/120000407777_page_001.json,2026-09-30T15:30:04.874Z,True
120170273402:001:026,1020160060148,SEL-007,웨이비스,120170273402,1,02_raw_data/kipris_patent_full/120170273402_page_001.json,2026-09-30T15:02:32.539Z,True
120170273402:001:021,1020160060166,SEL-007,웨이비스,120170273402,1,02_raw_data/kipris_patent_full/120170273402_page_001.json,2026-09-30T15:02:32.539Z,True
120080109856:001:010,1020160061075,SEL-018,성신디펜스솔루션,120080109856,1,02_raw_data/kipris_patent_full/120080109856_page_001.json,2026-09-30T15:04:49.233Z,True
120080201130:001:005,1020160061125,SEL-017,우리별,120080201130,1,02_raw_data/kipris_patent_full/120080201130_page_001.json,2026-09-30T15:04:45.581Z,True
120000497105:001:017,1020160062743,SEL-015,아이블포토닉스,120000497105,1,02_raw_data/kipris_patent_full/120000497105_page_001.json,2026-09-30T15:22:44.285Z,True
120080109856:001:008,1020160064027,SEL-018,성신디펜스솔루션,120080109856,1,02_raw_data/kipris_patent_full/120080109856_page_001.json,2026-09-30T15:04:49.233Z,True
120000407777:001:020,1020160070943,SEL-082,이루온,120000407777,1,02_raw_data/kipris_patent_full/120000407777_page_001.json,2026-09-30T15:30:04.874Z,True
119980992982:001:026,1020160071686,SEL-070,부전전자,119980992982,1,02_raw_data/kipris_patent_full/119980992982_page_001.json,2026-09-30T15:28:25.879Z,True
120000572308:001:024,1020160072123,SEL-046,옵토웰,120000572308,1,02_raw_data/kipris_patent_full/120000572308_page_001.json,2026-09-30T15:26:16.022Z,True
120140451975:001:019,1020160072881,SEL-016,스탠다드시험연구소,120140451975,1,02_raw_data/kipris_patent_full/120140451975_page_001.json,2026-09-30T15:22:57.659Z,True
119990263757:002:004,1020160073781,SEL-071,마크애니,119990263757,2,02_raw_data/kipris_patent_full/119990263757_page_002.json,2026-09-30T15:29:01.322Z,True
120170273402:001:011,1020160077839,SEL-007,웨이비스,120170273402,1,02_raw_data/kipris_patent_full/120170273402_page_001.json,2026-09-30T15:02:32.539Z,True
120150784556:001:003,1020160080632,SEL-027,컨트로맥스,120150784556,1,02_raw_data/kipris_patent_full/120150784556_page_001.json,2026-09-30T15:06:00.606Z,True
120100400701:001:017,1020160081834,SEL-006,아이브스,120100400701,1,02_raw_data/kipris_patent_full/120100400701_page_001.json,2026-09-30T15:02:26.967Z,True
120170012940:001:028,1020160083472,SEL-052,유뱃,120170012940,1,02_raw_data/kipris_patent_full/120170012940_page_001.json,2026-09-30T15:26:50.377Z,True
120170493817:001:039,1020160086661,SEL-008,RFHIC,120170493817,1,02_raw_data/kipris_patent_full/120170493817_page_001.json,2026-09-30T15:22:03.697Z,True
119990263757:002:018,1020160086956,SEL-071,마크애니,119990263757,2,02_raw_data/kipris_patent_full/119990263757_page_002.json,2026-09-30T15:29:01.322Z,True
119990263757:001:069,1020160090173,SEL-071,마크애니,119990263757,1,02_raw_data/kipris_patent_full/119990263757_page_001.json,2026-09-30T15:28:56.695Z,True
120060312737:001:006,1020160093600,SEL-040,펀진,120060312737,1,02_raw_data/kipris_patent_full/120060312737_page_001.json,2026-09-30T15:24:29.954Z,True
120060312737:001:031,1020160093601,SEL-040,펀진,120060312737,1,02_raw_data/kipris_patent_full/120060312737_page_001.json,2026-09-30T15:24:29.954Z,True
119990582540:001:055,1020160094280,SEL-021,코난테크놀로지,119990582540,1,02_raw_data/kipris_patent_full/119990582540_page_001.json,2026-09-30T15:23:09.237Z,True
120000407777:001:029,1020160096695,SEL-082,이루온,120000407777,1,02_raw_data/kipris_patent_full/120000407777_page_001.json,2026-09-30T15:30:04.874Z,True
119990582540:001:024,1020160100204,SEL-021,코난테크놀로지,119990582540,1,02_raw_data/kipris_patent_full/119990582540_page_001.json,2026-09-30T15:23:09.237Z,True
120160684045:001:018,1020160104319,SEL-024,웨이브피아,120160684045,1,02_raw_data/kipris_patent_full/120160684045_page_001.json,2026-09-30T15:05:46.995Z,True
120060503193:001:009,1020160110856,SEL-083,유저스,120060503193,1,02_raw_data/kipris_patent_full/120060503193_page_001.json,2026-09-30T15:15:58.429Z,True
120080201130:001:004,1020160113066,SEL-017,우리별,120080201130,1,02_raw_data/kipris_patent_full/120080201130_page_001.json,2026-09-30T15:04:45.581Z,True
120080201130:001:007,1020160113071,SEL-017,우리별,120080201130,1,02_raw_data/kipris_patent_full/120080201130_page_001.json,2026-09-30T15:04:45.581Z,True
120020464156:001:012,1020160114459,SEL-077,케이알엠,120020464156,1,02_raw_data/kipris_patent_full/120020464156_page_001.json,2026-09-30T15:14:53.005Z,True
120160256051:001:065,1020160115528,SEL-078,센서뷰,120160256051,1,02_raw_data/kipris_patent_full/120160256051_page_001.json,2026-09-30T15:29:41.938Z,True
120050038282:001:016,1020160115653,SEL-025,쿠오핀,120050038282,1,02_raw_data/kipris_patent_full/120050038282_page_001.json,2026-09-30T15:23:50.184Z,True
120050038282:001:015,1020160115656,SEL-025,쿠오핀,120050038282,1,02_raw_data/kipris_patent_full/120050038282_page_001.json,2026-09-30T15:23:50.184Z,True
120120324551:001:001,1020160129977,SEL-038,아이스펙,120120324551,1,02_raw_data/kipris_patent_full/120120324551_page_001.json,2026-09-30T15:07:05.454Z,True
120000218885:001:035,1020160130806,SEL-011,대한광통신,120000218885,1,02_raw_data/kipris_patent_full/120000218885_page_001.json,2026-09-30T15:22:28.790Z,True
120160256051:002:018,1020160132703,SEL-078,센서뷰,120160256051,2,02_raw_data/kipris_patent_full/120160256051_page_002.json,2026-09-30T15:29:45.308Z,True
119990263757:001:046,1020160132927,SEL-071,마크애니,119990263757,1,02_raw_data/kipris_patent_full/119990263757_page_001.json,2026-09-30T15:28:56.695Z,True
119980992982:002:046,1020160133842,SEL-070,부전전자,119980992982,2,02_raw_data/kipris_patent_full/119980992982_page_002.json,2026-09-30T15:28:30.243Z,True
119980992982:001:067,1020160133844,SEL-070,부전전자,119980992982,1,02_raw_data/kipris_patent_full/119980992982_page_001.json,2026-09-30T15:28:25.879Z,True
119980992982:003:007,1020160133848,SEL-070,부전전자,119980992982,3,02_raw_data/kipris_patent_full/119980992982_page_003.json,2026-09-30T15:28:34.552Z,True
119990263757:002:014,1020160135617,SEL-071,마크애니,119990263757,2,02_raw_data/kipris_patent_full/119990263757_page_002.json,2026-09-30T15:29:01.322Z,True
120140451975:001:051,1020160138275,SEL-016,스탠다드시험연구소,120140451975,1,02_raw_data/kipris_patent_full/120140451975_page_001.json,2026-09-30T15:22:57.659Z,True
120000469797:001:011,1020160139247,SEL-013,빅텍,120000469797,1,02_raw_data/kipris_patent_full/120000469797_page_001.json,2026-09-30T15:04:08.483Z,True
120160834252:001:012,1020160140893,SEL-009,에스오에스랩,120160834252,1,02_raw_data/kipris_patent_full/120160834252_page_001.json,2026-09-30T15:22:14.632Z,True
119990263757:001:057,1020160141149,SEL-071,마크애니,119990263757,1,02_raw_data/kipris_patent_full/119990263757_page_001.json,2026-09-30T15:28:56.695Z,True
120110075931:001:014,1020160142080,SEL-019,하나에이엠티,120110075931,1,02_raw_data/kipris_patent_full/120110075931_page_001.json,2026-09-30T15:04:59.392Z,True
120120324551:001:004,1020160146346,SEL-038,아이스펙,120120324551,1,02_raw_data/kipris_patent_full/120120324551_page_001.json,2026-09-30T15:07:05.454Z,True
120160256051:002:007,1020160151879,SEL-078,센서뷰,120160256051,2,02_raw_data/kipris_patent_full/120160256051_page_002.json,2026-09-30T15:29:45.308Z,True
120160256051:001:057,1020160151880,SEL-078,센서뷰,120160256051,1,02_raw_data/kipris_patent_full/120160256051_page_001.json,2026-09-30T15:29:41.938Z,True
120140451975:001:038,1020160154743,SEL-016,스탠다드시험연구소,120140451975,1,02_raw_data/kipris_patent_full/120140451975_page_001.json,2026-09-30T15:22:57.659Z,True
120160894020:001:015,1020160155817,SEL-034,아이디케이,120160894020,1,02_raw_data/kipris_patent_full/120160894020_page_001.json,2026-09-30T15:06:37.982Z,True
119980992982:003:008,1020160157707,SEL-070,부전전자,119980992982,3,02_raw_data/kipris_patent_full/119980992982_page_003.json,2026-09-30T15:28:34.552Z,True
120000572308:001:016,1020160157969,SEL-046,옵토웰,120000572308,1,02_raw_data/kipris_patent_full/120000572308_page_001.json,2026-09-30T15:26:16.022Z,True
120000572308:001:030,1020160157970,SEL-046,옵토웰,120000572308,1,02_raw_data/kipris_patent_full/120000572308_page_001.json,2026-09-30T15:26:16.022Z,True
120160684045:001:024,1020160160614,SEL-024,웨이브피아,120160684045,1,02_raw_data/kipris_patent_full/120160684045_page_001.json,2026-09-30T15:05:46.995Z,True
120160684045:001:026,1020160160750,SEL-024,웨이브피아,120160684045,1,02_raw_data/kipris_patent_full/120160684045_page_001.json,2026-09-30T15:05:46.995Z,True
120060312737:001:023,1020160161508,SEL-040,펀진,120060312737,1,02_raw_data/kipris_patent_full/120060312737_page_001.json,2026-09-30T15:24:29.954Z,True
120130036036:001:010,1020160162522,SEL-058,덕산넵코어스,120130036036,1,02_raw_data/kipris_patent_full/120130036036_page_001.json,2026-09-30T15:10:29.319Z,True
120100520372:001:027,1020160164818,SEL-014,네스앤텍,120100520372,1,02_raw_data/kipris_patent_full/120100520372_page_001.json,2026-09-30T15:04:27.081Z,True
120000407777:001:064,1020160165350,SEL-082,이루온,120000407777,1,02_raw_data/kipris_patent_full/120000407777_page_001.json,2026-09-30T15:30:04.874Z,True
120170273402:001:025,1020160165995,SEL-007,웨이비스,120170273402,1,02_raw_data/kipris_patent_full/120170273402_page_001.json,2026-09-30T15:02:32.539Z,True
120110075931:001:013,1020160166178,SEL-019,하나에이엠티,120110075931,1,02_raw_data/kipris_patent_full/120110075931_page_001.json,2026-09-30T15:04:59.392Z,True
119980992982:002:090,1020160167161,SEL-070,부전전자,119980992982,2,02_raw_data/kipris_patent_full/119980992982_page_002.json,2026-09-30T15:28:30.243Z,True
120170273402:001:002,1020160169806,SEL-007,웨이비스,120170273402,1,02_raw_data/kipris_patent_full/120170273402_page_001.json,2026-09-30T15:02:32.539Z,True
120170273402:001:023,1020160169819,SEL-007,웨이비스,120170273402,1,02_raw_data/kipris_patent_full/120170273402_page_001.json,2026-09-30T15:02:32.539Z,True
120170273402:001:024,1020160169835,SEL-007,웨이비스,120170273402,1,02_raw_data/kipris_patent_full/120170273402_page_001.json,2026-09-30T15:02:32.539Z,True
119990263757:003:009,1020160171755,SEL-071,마크애니,119990263757,3,02_raw_data/kipris_patent_full/119990263757_page_003.json,2026-09-30T15:29:06.668Z,True
119990263757:003:008,1020160171765,SEL-071,마크애니,119990263757,3,02_raw_data/kipris_patent_full/119990263757_page_003.json,2026-09-30T15:29:06.668Z,True
120130332921:001:018,1020160174358,SEL-032,센서피아,120130332921,1,02_raw_data/kipris_patent_full/120130332921_page_001.json,2026-09-30T15:06:33.650Z,True
120130332921:001:015,1020160174359,SEL-032,센서피아,120130332921,1,02_raw_data/kipris_patent_full/120130332921_page_001.json,2026-09-30T15:06:33.650Z,True
120130332921:001:019,1020160174360,SEL-032,센서피아,120130332921,1,02_raw_data/kipris_patent_full/120130332921_page_001.json,2026-09-30T15:06:33.650Z,True
120030032210:001:026,1020160179630,SEL-068,인텔리빅스,120030032210,1,02_raw_data/kipris_patent_full/120030032210_page_001.json,2026-09-30T15:28:06.481Z,True
120050027351:001:006,1020160180134,SEL-003,제노코,120050027351,1,02_raw_data/kipris_patent_full/120050027351_page_001.json,2026-09-30T15:02:04.215Z,True
120000407777:001:006,1020160182121,SEL-082,이루온,120000407777,1,02_raw_data/kipris_patent_full/120000407777_page_001.json,2026-09-30T15:30:04.874Z,True
120020328376:001:026,1020160182718,SEL-002,단암시스템즈,120020328376,1,02_raw_data/kipris_patent_full/120020328376_page_001.json,2026-09-30T15:02:00.539Z,True
119990582540:001:050,1020160182804,SEL-021,코난테크놀로지,119990582540,1,02_raw_data/kipris_patent_full/119990582540_page_001.json,2026-09-30T15:23:09.237Z,True
120040367533:001:030,1020160182952,SEL-051,소나테크,120040367533,1,02_raw_data/kipris_patent_full/120040367533_page_001.json,2026-09-30T15:08:47.197Z,True
120060312737:001:046,1020160183543,SEL-040,펀진,120060312737,1,02_raw_data/kipris_patent_full/120060312737_page_001.json,2026-09-30T15:24:29.954Z,True
120060312737:001:037,1020160183544,SEL-040,펀진,120060312737,1,02_raw_data/kipris_patent_full/120060312737_page_001.json,2026-09-30T15:24:29.954Z,True
120160256051:002:020,1020160184256,SEL-078,센서뷰,120160256051,2,02_raw_data/kipris_patent_full/120160256051_page_002.json,2026-09-30T15:29:45.308Z,True
120060312737:001:049,1020170000677,SEL-040,펀진,120060312737,1,02_raw_data/kipris_patent_full/120060312737_page_001.json,2026-09-30T15:24:29.954Z,True
120160256051:001:072,1020170001755,SEL-078,센서뷰,120160256051,1,02_raw_data/kipris_patent_full/120160256051_page_001.json,2026-09-30T15:29:41.938Z,True
120170008840:001:013,1020170004336,SEL-061,휴라,120170008840,1,02_raw_data/kipris_patent_full/120170008840_page_001.json,2026-09-30T15:10:34.689Z,True
120030032210:001:016,1020170008942,SEL-068,인텔리빅스,120030032210,1,02_raw_data/kipris_patent_full/120030032210_page_001.json,2026-09-30T15:28:06.481Z,True
119990263757:001:054,1020170012401,SEL-071,마크애니,119990263757,1,02_raw_data/kipris_patent_full/119990263757_page_001.json,2026-09-30T15:28:56.695Z,True
120020464156:001:005,1020170013978,SEL-077,케이알엠,120020464156,1,02_raw_data/kipris_patent_full/120020464156_page_001.json,2026-09-30T15:14:53.005Z,True
120160834252:002:007,1020170014209,SEL-009,에스오에스랩,120160834252,2,02_raw_data/kipris_patent_full/120160834252_page_002.json,2026-09-30T15:22:19.050Z,True
120150784556:001:010,1020170014477,SEL-027,컨트로맥스,120150784556,1,02_raw_data/kipris_patent_full/120150784556_page_001.json,2026-09-30T15:06:00.606Z,True
120140451975:001:018,1020170018217,SEL-016,스탠다드시험연구소,120140451975,1,02_raw_data/kipris_patent_full/120140451975_page_001.json,2026-09-30T15:22:57.659Z,True
120160256051:001:040,1020170018528,SEL-078,센서뷰,120160256051,1,02_raw_data/kipris_patent_full/120160256051_page_001.json,2026-09-30T15:29:41.938Z,True
119990263757:002:059,1020170019530,SEL-071,마크애니,119990263757,2,02_raw_data/kipris_patent_full/119990263757_page_002.json,2026-09-30T15:29:01.322Z,True
120160834252:002:009,1020170019777,SEL-009,에스오에스랩,120160834252,2,02_raw_data/kipris_patent_full/120160834252_page_002.json,2026-09-30T15:22:19.050Z,True
119980992982:002:003,1020170020698,SEL-070,부전전자,119980992982,2,02_raw_data/kipris_patent_full/119980992982_page_002.json,2026-09-30T15:28:30.243Z,True
120140451975:001:005,1020170026955,SEL-016,스탠다드시험연구소,120140451975,1,02_raw_data/kipris_patent_full/120140451975_page_001.json,2026-09-30T15:22:57.659Z,True
120140451975:001:017,1020170026957,SEL-016,스탠다드시험연구소,120140451975,1,02_raw_data/kipris_patent_full/120140451975_page_001.json,2026-09-30T15:22:57.659Z,True
120140451975:001:033,1020170028132,SEL-016,스탠다드시험연구소,120140451975,1,02_raw_data/kipris_patent_full/120140451975_page_001.json,2026-09-30T15:22:57.659Z,True
120140451975:001:032,1020170028143,SEL-016,스탠다드시험연구소,120140451975,1,02_raw_data/kipris_patent_full/120140451975_page_001.json,2026-09-30T15:22:57.659Z,True
120190790667:002:071,1020170028273,SEL-047,웨이브로드,120190790667,2,02_raw_data/kipris_patent_full/120190790667_page_002.json,2026-09-30T15:26:40.319Z,True
120170013191:001:007,1020170028745,SEL-028,링크플로우,120170013191,1,02_raw_data/kipris_patent_full/120170013191_page_001.json,2026-09-30T15:06:05.002Z,True
120170013191:001:025,1020170028756,SEL-028,링크플로우,120170013191,1,02_raw_data/kipris_patent_full/120170013191_page_001.json,2026-09-30T15:06:05.002Z,True
120060503193:001:011,1020170029009,SEL-083,유저스,120060503193,1,02_raw_data/kipris_patent_full/120060503193_page_001.json,2026-09-30T15:15:58.429Z,True
120140451975:001:034,1020170029892,SEL-016,스탠다드시험연구소,120140451975,1,02_raw_data/kipris_patent_full/120140451975_page_001.json,2026-09-30T15:22:57.659Z,True
119980992982:001:080,1020170031066,SEL-070,부전전자,119980992982,1,02_raw_data/kipris_patent_full/119980992982_page_001.json,2026-09-30T15:28:25.879Z,True
120140025378:001:046,1020170032405,SEL-001,ANH스트럭쳐,120140025378,1,02_raw_data/kipris_patent_full/120140025378_page_001.json,2026-09-30T14:59:26.805Z,True
120140025378:001:043,1020170032501,SEL-001,ANH스트럭쳐,120140025378,1,02_raw_data/kipris_patent_full/120140025378_page_001.json,2026-09-30T14:59:26.805Z,True
120140025378:001:045,1020170032516,SEL-001,ANH스트럭쳐,120140025378,1,02_raw_data/kipris_patent_full/120140025378_page_001.json,2026-09-30T14:59:26.805Z,True
120170129445:001:003,1020170039871,SEL-065,나라스페이스 테크놀로지,120170129445,1,02_raw_data/kipris_patent_full/120170129445_page_001.json,2026-09-30T15:11:02.513Z,True
120160085076:001:002,1020170041545,SEL-072,써로마인드,120160085076,1,02_raw_data/kipris_patent_full/120160085076_page_001.json,2026-09-30T15:12:12.286Z,True
120020464156:001:022,1020170044816,SEL-077,케이알엠,120020464156,1,02_raw_data/kipris_patent_full/120020464156_page_001.json,2026-09-30T15:14:53.005Z,True
120170013191:001:017,1020170045614,SEL-028,링크플로우,120170013191,1,02_raw_data/kipris_patent_full/120170013191_page_001.json,2026-09-30T15:06:05.002Z,True
119980992982:001:078,1020170045776,SEL-070,부전전자,119980992982,1,02_raw_data/kipris_patent_full/119980992982_page_001.json,2026-09-30T15:28:25.879Z,True
119981108964:001:035,1020170047141,SEL-076,삼현,119981108964,1,02_raw_data/kipris_patent_full/119981108964_page_001.json,2026-09-30T15:14:46.351Z,True
120020464156:001:008,1020170047475,SEL-077,케이알엠,120020464156,1,02_raw_data/kipris_patent_full/120020464156_page_001.json,2026-09-30T15:14:53.005Z,True
120160256051:002:006,1020170049299,SEL-078,센서뷰,120160256051,2,02_raw_data/kipris_patent_full/120160256051_page_002.json,2026-09-30T15:29:45.308Z,True
120150512756:001:023,1020170054918,SEL-030,니어스랩,120150512756,1,02_raw_data/kipris_patent_full/120150512756_page_001.json,2026-09-30T15:24:05.144Z,True
119981108964:001:051,1020170055529,SEL-076,삼현,119981108964,1,02_raw_data/kipris_patent_full/119981108964_page_001.json,2026-09-30T15:14:46.351Z,True
119980992982:002:048,1020170055840,SEL-070,부전전자,119980992982,2,02_raw_data/kipris_patent_full/119980992982_page_002.json,2026-09-30T15:28:30.243Z,True
120100400701:001:008,1020170057445,SEL-006,아이브스,120100400701,1,02_raw_data/kipris_patent_full/120100400701_page_001.json,2026-09-30T15:02:26.967Z,True
120100520372:001:013,1020170058992,SEL-014,네스앤텍,120100520372,1,02_raw_data/kipris_patent_full/120100520372_page_001.json,2026-09-30T15:04:27.081Z,True
120160256051:001:083,1020170059538,SEL-078,센서뷰,120160256051,1,02_raw_data/kipris_patent_full/120160256051_page_001.json,2026-09-30T15:29:41.938Z,True
120000218885:001:046,1020170059965,SEL-011,대한광통신,120000218885,1,02_raw_data/kipris_patent_full/120000218885_page_001.json,2026-09-30T15:22:28.790Z,True
120150784556:001:011,1020170061463,SEL-027,컨트로맥스,120150784556,1,02_raw_data/kipris_patent_full/120150784556_page_001.json,2026-09-30T15:06:00.606Z,True
120170013191:001:024,1020170063288,SEL-028,링크플로우,120170013191,1,02_raw_data/kipris_patent_full/120170013191_page_001.json,2026-09-30T15:06:05.002Z,True
120160461924:001:001,1020170064384,SEL-050,유비파이,120160461924,1,02_raw_data/kipris_patent_full/120160461924_page_001.json,2026-09-30T15:08:43.064Z,True
120020464156:001:013,1020170064795,SEL-077,케이알엠,120020464156,1,02_raw_data/kipris_patent_full/120020464156_page_001.json,2026-09-30T15:14:53.005Z,True
120010224632:001:005,1020170067097,SEL-037,두시텍,120010224632,1,02_raw_data/kipris_patent_full/120010224632_page_001.json,2026-09-30T15:07:01.235Z,True
120140025378:001:038,1020170067310,SEL-001,ANH스트럭쳐,120140025378,1,02_raw_data/kipris_patent_full/120140025378_page_001.json,2026-09-30T14:59:26.805Z,True
120140025378:001:049,1020170067318,SEL-001,ANH스트럭쳐,120140025378,1,02_raw_data/kipris_patent_full/120140025378_page_001.json,2026-09-30T14:59:26.805Z,True
119980992982:002:053,1020170067472,SEL-070,부전전자,119980992982,2,02_raw_data/kipris_patent_full/119980992982_page_002.json,2026-09-30T15:28:30.243Z,True
120120621794:001:027,1020170069644,SEL-022,다비오,120120621794,1,02_raw_data/kipris_patent_full/120120621794_page_001.json,2026-09-30T15:23:16.798Z,True
120140025378:001:007,1020170070514,SEL-001,ANH스트럭쳐,120140025378,1,02_raw_data/kipris_patent_full/120140025378_page_001.json,2026-09-30T14:59:26.805Z,True
119980992982:001:082,1020170081610,SEL-070,부전전자,119980992982,1,02_raw_data/kipris_patent_full/119980992982_page_001.json,2026-09-30T15:28:25.879Z,True
120160834252:001:072,1020170082040,SEL-009,에스오에스랩,120160834252,1,02_raw_data/kipris_patent_full/120160834252_page_001.json,2026-09-30T15:22:14.632Z,True
120160834252:002:021,1020170082041,SEL-009,에스오에스랩,120160834252,2,02_raw_data/kipris_patent_full/120160834252_page_002.json,2026-09-30T15:22:19.050Z,True
120170013191:001:011,1020170082441,SEL-028,링크플로우,120170013191,1,02_raw_data/kipris_patent_full/120170013191_page_001.json,2026-09-30T15:06:05.002Z,True
120170013191:001:013,1020170082448,SEL-028,링크플로우,120170013191,1,02_raw_data/kipris_patent_full/120170013191_page_001.json,2026-09-30T15:06:05.002Z,True
120170013191:001:016,1020170082454,SEL-028,링크플로우,120170013191,1,02_raw_data/kipris_patent_full/120170013191_page_001.json,2026-09-30T15:06:05.002Z,True
120060312737:001:036,1020170085069,SEL-040,펀진,120060312737,1,02_raw_data/kipris_patent_full/120060312737_page_001.json,2026-09-30T15:24:29.954Z,True
120170380334:001:014,1020170086169,SEL-029,두타기술,120170380334,1,02_raw_data/kipris_patent_full/120170380334_page_001.json,2026-09-30T15:06:16.754Z,True
120170012940:001:036,1020170087021,SEL-052,유뱃,120170012940,1,02_raw_data/kipris_patent_full/120170012940_page_001.json,2026-09-30T15:26:50.377Z,True
120070411804:001:018,1020170087545,SEL-036,솔탑,120070411804,1,02_raw_data/kipris_patent_full/120070411804_page_001.json,2026-09-30T15:24:20.530Z,True
119980992982:002:042,1020170089422,SEL-070,부전전자,119980992982,2,02_raw_data/kipris_patent_full/119980992982_page_002.json,2026-09-30T15:28:30.243Z,True
120160085076:001:012,1020170089699,SEL-072,써로마인드,120160085076,1,02_raw_data/kipris_patent_full/120160085076_page_001.json,2026-09-30T15:12:12.286Z,True
119990582540:001:081,1020170090329,SEL-021,코난테크놀로지,119990582540,1,02_raw_data/kipris_patent_full/119990582540_page_001.json,2026-09-30T15:23:09.237Z,True
119990582540:001:031,1020170090330,SEL-021,코난테크놀로지,119990582540,1,02_raw_data/kipris_patent_full/119990582540_page_001.json,2026-09-30T15:23:09.237Z,True
119980992982:001:081,1020170093080,SEL-070,부전전자,119980992982,1,02_raw_data/kipris_patent_full/119980992982_page_001.json,2026-09-30T15:28:25.879Z,True
119980992982:001:059,1020170093081,SEL-070,부전전자,119980992982,1,02_raw_data/kipris_patent_full/119980992982_page_001.json,2026-09-30T15:28:25.879Z,True
119980992982:001:057,1020170093082,SEL-070,부전전자,119980992982,1,02_raw_data/kipris_patent_full/119980992982_page_001.json,2026-09-30T15:28:25.879Z,True
120160834252:002:006,1020170094119,SEL-009,에스오에스랩,120160834252,2,02_raw_data/kipris_patent_full/120160834252_page_002.json,2026-09-30T15:22:19.050Z,True
120140025378:001:048,1020170094273,SEL-001,ANH스트럭쳐,120140025378,1,02_raw_data/kipris_patent_full/120140025378_page_001.json,2026-09-30T14:59:26.805Z,True
120140025378:001:047,1020170094298,SEL-001,ANH스트럭쳐,120140025378,1,02_raw_data/kipris_patent_full/120140025378_page_001.json,2026-09-30T14:59:26.805Z,True
120140451975:001:011,1020170095106,SEL-016,스탠다드시험연구소,120140451975,1,02_raw_data/kipris_patent_full/120140451975_page_001.json,2026-09-30T15:22:57.659Z,True
120140025378:001:036,1020170097945,SEL-001,ANH스트럭쳐,120140025378,1,02_raw_data/kipris_patent_full/120140025378_page_001.json,2026-09-30T14:59:26.805Z,True
120160834252:001:071,1020170097950,SEL-009,에스오에스랩,120160834252,1,02_raw_data/kipris_patent_full/120160834252_page_001.json,2026-09-30T15:22:14.632Z,True
120160834252:001:016,1020170097951,SEL-009,에스오에스랩,120160834252,1,02_raw_data/kipris_patent_full/120160834252_page_001.json,2026-09-30T15:22:14.632Z,True
120140025378:001:042,1020170097956,SEL-001,ANH스트럭쳐,120140025378,1,02_raw_data/kipris_patent_full/120140025378_page_001.json,2026-09-30T14:59:26.805Z,True
120170493817:001:056,1020170098753,SEL-008,RFHIC,120170493817,1,02_raw_data/kipris_patent_full/120170493817_page_001.json,2026-09-30T15:22:03.697Z,True
119980992982:002:040,1020170100610,SEL-070,부전전자,119980992982,2,02_raw_data/kipris_patent_full/119980992982_page_002.json,2026-09-30T15:28:30.243Z,True
120060069154:001:008,1020170100917,SEL-012,영풍전자,120060069154,1,02_raw_data/kipris_patent_full/120060069154_page_001.json,2026-09-30T15:04:01.035Z,True
120060069154:001:009,1020170100918,SEL-012,영풍전자,120060069154,1,02_raw_data/kipris_patent_full/120060069154_page_001.json,2026-09-30T15:04:01.035Z,True
120140451975:001:053,1020170101143,SEL-016,스탠다드시험연구소,120140451975,1,02_raw_data/kipris_patent_full/120140451975_page_001.json,2026-09-30T15:22:57.659Z,True
120170013191:001:012,1020170106398,SEL-028,링크플로우,120170013191,1,02_raw_data/kipris_patent_full/120170013191_page_001.json,2026-09-30T15:06:05.002Z,True
120140451975:001:057,1020170107045,SEL-016,스탠다드시험연구소,120140451975,1,02_raw_data/kipris_patent_full/120140451975_page_001.json,2026-09-30T15:22:57.659Z,True
120000218885:001:045,1020170107801,SEL-011,대한광통신,120000218885,1,02_raw_data/kipris_patent_full/120000218885_page_001.json,2026-09-30T15:22:28.790Z,True
120160256051:001:002,1020170108474,SEL-078,센서뷰,120160256051,1,02_raw_data/kipris_patent_full/120160256051_page_001.json,2026-09-30T15:29:41.938Z,True
120140451975:001:058,1020170113425,SEL-016,스탠다드시험연구소,120140451975,1,02_raw_data/kipris_patent_full/120140451975_page_001.json,2026-09-30T15:22:57.659Z,True
120120621794:001:018,1020170117124,SEL-022,다비오,120120621794,1,02_raw_data/kipris_patent_full/120120621794_page_001.json,2026-09-30T15:23:16.798Z,True
120160684045:001:002,1020170117727,SEL-024,웨이브피아,120160684045,1,02_raw_data/kipris_patent_full/120160684045_page_001.json,2026-09-30T15:05:46.995Z,True
119980992982:001:083,1020170121849,SEL-070,부전전자,119980992982,1,02_raw_data/kipris_patent_full/119980992982_page_001.json,2026-09-30T15:28:25.879Z,True
120140451975:001:063,1020170122126,SEL-016,스탠다드시험연구소,120140451975,1,02_raw_data/kipris_patent_full/120140451975_page_001.json,2026-09-30T15:22:57.659Z,True
120160256051:001:084,1020170125482,SEL-078,센서뷰,120160256051,1,02_raw_data/kipris_patent_full/120160256051_page_001.json,2026-09-30T15:29:41.938Z,True
120160834252:002:003,1020170126403,SEL-009,에스오에스랩,120160834252,2,02_raw_data/kipris_patent_full/120160834252_page_002.json,2026-09-30T15:22:19.050Z,True
120120621794:001:005,1020170127184,SEL-022,다비오,120120621794,1,02_raw_data/kipris_patent_full/120120621794_page_001.json,2026-09-30T15:23:16.798Z,True
120060503193:001:001,1020170127768,SEL-083,유저스,120060503193,1,02_raw_data/kipris_patent_full/120060503193_page_001.json,2026-09-30T15:15:58.429Z,True
120060312737:001:016,1020170135095,SEL-040,펀진,120060312737,1,02_raw_data/kipris_patent_full/120060312737_page_001.json,2026-09-30T15:24:29.954Z,True
120190790667:001:080,1020170136503,SEL-047,웨이브로드,120190790667,1,02_raw_data/kipris_patent_full/120190790667_page_001.json,2026-09-30T15:26:35.321Z,True
120170493817:001:057,1020170136730,SEL-008,RFHIC,120170493817,1,02_raw_data/kipris_patent_full/120170493817_page_001.json,2026-09-30T15:22:03.697Z,True
120140451975:001:036,1020170137324,SEL-016,스탠다드시험연구소,120140451975,1,02_raw_data/kipris_patent_full/120140451975_page_001.json,2026-09-30T15:22:57.659Z,True
120130036036:001:027,1020170142232,SEL-058,덕산넵코어스,120130036036,1,02_raw_data/kipris_patent_full/120130036036_page_001.json,2026-09-30T15:10:29.319Z,True
120040367533:001:005,1020170143706,SEL-051,소나테크,120040367533,1,02_raw_data/kipris_patent_full/120040367533_page_001.json,2026-09-30T15:08:47.197Z,True
120010224632:001:018,1020170144184,SEL-037,두시텍,120010224632,1,02_raw_data/kipris_patent_full/120010224632_page_001.json,2026-09-30T15:07:01.235Z,True
120010224632:001:009,1020170144556,SEL-037,두시텍,120010224632,1,02_raw_data/kipris_patent_full/120010224632_page_001.json,2026-09-30T15:07:01.235Z,True
119990582540:001:043,1020170145471,SEL-021,코난테크놀로지,119990582540,1,02_raw_data/kipris_patent_full/119990582540_page_001.json,2026-09-30T15:23:09.237Z,True
120040367533:001:008,1020170146885,SEL-051,소나테크,120040367533,1,02_raw_data/kipris_patent_full/120040367533_page_001.json,2026-09-30T15:08:47.197Z,True
119981108964:001:020,1020170153275,SEL-076,삼현,119981108964,1,02_raw_data/kipris_patent_full/119981108964_page_001.json,2026-09-30T15:14:46.351Z,True
120170012940:001:022,1020170153882,SEL-052,유뱃,120170012940,1,02_raw_data/kipris_patent_full/120170012940_page_001.json,2026-09-30T15:26:50.377Z,True
120000218885:001:024,1020170154080,SEL-011,대한광통신,120000218885,1,02_raw_data/kipris_patent_full/120000218885_page_001.json,2026-09-30T15:22:28.790Z,True
120160256051:001:070,1020170155855,SEL-078,센서뷰,120160256051,1,02_raw_data/kipris_patent_full/120160256051_page_001.json,2026-09-30T15:29:41.938Z,True
120010023639:001:008,1020170159492,SEL-010,코모텍,120010023639,1,02_raw_data/kipris_patent_full/120010023639_page_001.json,2026-09-30T15:02:54.107Z,True
120110075931:001:003,1020170159571,SEL-019,하나에이엠티,120110075931,1,02_raw_data/kipris_patent_full/120110075931_page_001.json,2026-09-30T15:04:59.392Z,True
120000407777:001:038,1020170161476,SEL-082,이루온,120000407777,1,02_raw_data/kipris_patent_full/120000407777_page_001.json,2026-09-30T15:30:04.874Z,True
120000572308:001:007,1020170162086,SEL-046,옵토웰,120000572308,1,02_raw_data/kipris_patent_full/120000572308_page_001.json,2026-09-30T15:26:16.022Z,True
120170013191:001:019,1020170164246,SEL-028,링크플로우,120170013191,1,02_raw_data/kipris_patent_full/120170013191_page_001.json,2026-09-30T15:06:05.002Z,True
120170013191:001:027,1020170164249,SEL-028,링크플로우,120170013191,1,02_raw_data/kipris_patent_full/120170013191_page_001.json,2026-09-30T15:06:05.002Z,True
120170013191:001:028,1020170164258,SEL-028,링크플로우,120170013191,1,02_raw_data/kipris_patent_full/120170013191_page_001.json,2026-09-30T15:06:05.002Z,True
120010011066:001:029,1020170168546,SEL-060,이오시스템,120010011066,1,02_raw_data/kipris_patent_full/120010011066_page_001.json,2026-09-30T15:27:37.204Z,True
120170013191:001:015,1020170169690,SEL-028,링크플로우,120170013191,1,02_raw_data/kipris_patent_full/120170013191_page_001.json,2026-09-30T15:06:05.002Z,True
120170230641:001:081,1020170170631,SEL-059,버넥트,120170230641,1,02_raw_data/kipris_patent_full/120170230641_page_001.json,2026-09-30T15:27:25.051Z,True
119990263757:003:005,1020170171615,SEL-071,마크애니,119990263757,3,02_raw_data/kipris_patent_full/119990263757_page_003.json,2026-09-30T15:29:06.668Z,True
119980992982:001:076,1020170175736,SEL-070,부전전자,119980992982,1,02_raw_data/kipris_patent_full/119980992982_page_001.json,2026-09-30T15:28:25.879Z,True
120140025378:001:044,1020170176240,SEL-001,ANH스트럭쳐,120140025378,1,02_raw_data/kipris_patent_full/120140025378_page_001.json,2026-09-30T14:59:26.805Z,True
120160834252:001:078,1020170176361,SEL-009,에스오에스랩,120160834252,1,02_raw_data/kipris_patent_full/120160834252_page_001.json,2026-09-30T15:22:14.632Z,True
120160834252:001:024,1020170178772,SEL-009,에스오에스랩,120160834252,1,02_raw_data/kipris_patent_full/120160834252_page_001.json,2026-09-30T15:22:14.632Z,True
119980992982:001:032,1020170178907,SEL-070,부전전자,119980992982,1,02_raw_data/kipris_patent_full/119980992982_page_001.json,2026-09-30T15:28:25.879Z,True
120070411804:001:005,1020170179829,SEL-036,솔탑,120070411804,1,02_raw_data/kipris_patent_full/120070411804_page_001.json,2026-09-30T15:24:20.530Z,True
120170230641:001:048,1020170180859,SEL-059,버넥트,120170230641,1,02_raw_data/kipris_patent_full/120170230641_page_001.json,2026-09-30T15:27:25.051Z,True
120170230641:001:060,1020170180892,SEL-059,버넥트,120170230641,1,02_raw_data/kipris_patent_full/120170230641_page_001.json,2026-09-30T15:27:25.051Z,True
120170230641:001:049,1020170180906,SEL-059,버넥트,120170230641,1,02_raw_data/kipris_patent_full/120170230641_page_001.json,2026-09-30T15:27:25.051Z,True
120170230641:001:008,1020170180939,SEL-059,버넥트,120170230641,1,02_raw_data/kipris_patent_full/120170230641_page_001.json,2026-09-30T15:27:25.051Z,True
120170230641:001:056,1020170180948,SEL-059,버넥트,120170230641,1,02_raw_data/kipris_patent_full/120170230641_page_001.json,2026-09-30T15:27:25.051Z,True
120170230641:001:014,1020170183289,SEL-059,버넥트,120170230641,1,02_raw_data/kipris_patent_full/120170230641_page_001.json,2026-09-30T15:27:25.051Z,True
120170230641:001:015,1020170183293,SEL-059,버넥트,120170230641,1,02_raw_data/kipris_patent_full/120170230641_page_001.json,2026-09-30T15:27:25.051Z,True
120170230641:001:006,1020170183308,SEL-059,버넥트,120170230641,1,02_raw_data/kipris_patent_full/120170230641_page_001.json,2026-09-30T15:27:25.051Z,True
120000218885:001:056,1020170184638,SEL-011,대한광통신,120000218885,1,02_raw_data/kipris_patent_full/120000218885_page_001.json,2026-09-30T15:22:28.790Z,True
120170493817:001:016,1020177016848,SEL-008,RFHIC,120170493817,1,02_raw_data/kipris_patent_full/120170493817_page_001.json,2026-09-30T15:22:03.697Z,True
120170493817:001:038,1020177016849,SEL-008,RFHIC,120170493817,1,02_raw_data/kipris_patent_full/120170493817_page_001.json,2026-09-30T15:22:03.697Z,True
120170493817:001:007,1020177032831,SEL-008,RFHIC,120170493817,1,02_raw_data/kipris_patent_full/120170493817_page_001.json,2026-09-30T15:22:03.697Z,True
119990263757:001:014,1020177033516,SEL-071,마크애니,119990263757,1,02_raw_data/kipris_patent_full/119990263757_page_001.json,2026-09-30T15:28:56.695Z,True
120160834252:001:086,1020180002494,SEL-009,에스오에스랩,120160834252,1,02_raw_data/kipris_patent_full/120160834252_page_001.json,2026-09-30T15:22:14.632Z,True
119990263757:002:066,1020180002766,SEL-071,마크애니,119990263757,2,02_raw_data/kipris_patent_full/119990263757_page_002.json,2026-09-30T15:29:01.322Z,True
119990263757:001:040,1020180003157,SEL-071,마크애니,119990263757,1,02_raw_data/kipris_patent_full/119990263757_page_001.json,2026-09-30T15:28:56.695Z,True
120140025378:001:034,1020180003218,SEL-001,ANH스트럭쳐,120140025378,1,02_raw_data/kipris_patent_full/120140025378_page_001.json,2026-09-30T14:59:26.805Z,True
120140025378:001:041,1020180003232,SEL-001,ANH스트럭쳐,120140025378,1,02_raw_data/kipris_patent_full/120140025378_page_001.json,2026-09-30T14:59:26.805Z,True
120140025378:001:033,1020180003239,SEL-001,ANH스트럭쳐,120140025378,1,02_raw_data/kipris_patent_full/120140025378_page_001.json,2026-09-30T14:59:26.805Z,True
119980992982:002:077,1020180006316,SEL-070,부전전자,119980992982,2,02_raw_data/kipris_patent_full/119980992982_page_002.json,2026-09-30T15:28:30.243Z,True
120170380334:001:011,1020180008611,SEL-029,두타기술,120170380334,1,02_raw_data/kipris_patent_full/120170380334_page_001.json,2026-09-30T15:06:16.754Z,True
120170273402:001:022,1020180008845,SEL-007,웨이비스,120170273402,1,02_raw_data/kipris_patent_full/120170273402_page_001.json,2026-09-30T15:02:32.539Z,True
119980992982:001:018,1020180009013,SEL-070,부전전자,119980992982,1,02_raw_data/kipris_patent_full/119980992982_page_001.json,2026-09-30T15:28:25.879Z,True
119980992982:001:054,1020180011032,SEL-070,부전전자,119980992982,1,02_raw_data/kipris_patent_full/119980992982_page_001.json,2026-09-30T15:28:25.879Z,True
120130179229:001:009,1020180012469,SEL-053,아이티사이언스,120130179229,1,02_raw_data/kipris_patent_full/120130179229_page_001.json,2026-09-30T15:08:56.724Z,True
120130179229:001:010,1020180012473,SEL-053,아이티사이언스,120130179229,1,02_raw_data/kipris_patent_full/120130179229_page_001.json,2026-09-30T15:08:56.724Z,True
119980992982:001:079,1020180019630,SEL-070,부전전자,119980992982,1,02_raw_data/kipris_patent_full/119980992982_page_001.json,2026-09-30T15:28:25.879Z,True
119980992982:002:089,1020180019643,SEL-070,부전전자,119980992982,2,02_raw_data/kipris_patent_full/119980992982_page_002.json,2026-09-30T15:28:30.243Z,True
120060312737:001:053,1020180020706,SEL-040,펀진,120060312737,1,02_raw_data/kipris_patent_full/120060312737_page_001.json,2026-09-30T15:24:29.954Z,True
120170013191:001:001,1020180022318,SEL-028,링크플로우,120170013191,1,02_raw_data/kipris_patent_full/120170013191_page_001.json,2026-09-30T15:06:05.002Z,True
120130036036:001:019,1020180022837,SEL-058,덕산넵코어스,120130036036,1,02_raw_data/kipris_patent_full/120130036036_page_001.json,2026-09-30T15:10:29.319Z,True
120130036036:001:018,1020180022841,SEL-058,덕산넵코어스,120130036036,1,02_raw_data/kipris_patent_full/120130036036_page_001.json,2026-09-30T15:10:29.319Z,True
120060312737:001:052,1020180023386,SEL-040,펀진,120060312737,1,02_raw_data/kipris_patent_full/120060312737_page_001.json,2026-09-30T15:24:29.954Z,True
120170013191:001:032,1020180023398,SEL-028,링크플로우,120170013191,1,02_raw_data/kipris_patent_full/120170013191_page_001.json,2026-09-30T15:06:05.002Z,True
120160834252:001:062,1020180026560,SEL-009,에스오에스랩,120160834252,1,02_raw_data/kipris_patent_full/120160834252_page_001.json,2026-09-30T15:22:14.632Z,True
120160834252:001:083,1020180027385,SEL-009,에스오에스랩,120160834252,1,02_raw_data/kipris_patent_full/120160834252_page_001.json,2026-09-30T15:22:14.632Z,True
119990582540:001:006,1020180028044,SEL-021,코난테크놀로지,119990582540,1,02_raw_data/kipris_patent_full/119990582540_page_001.json,2026-09-30T15:23:09.237Z,True
119980992982:001:069,1020180028625,SEL-070,부전전자,119980992982,1,02_raw_data/kipris_patent_full/119980992982_page_001.json,2026-09-30T15:28:25.879Z,True
120060503193:001:006,1020180029027,SEL-083,유저스,120060503193,1,02_raw_data/kipris_patent_full/120060503193_page_001.json,2026-09-30T15:15:58.429Z,True
120190790667:002:064,1020180029288,SEL-047,웨이브로드,120190790667,2,02_raw_data/kipris_patent_full/120190790667_page_002.json,2026-09-30T15:26:40.319Z,True
119980992982:002:073,1020180029521,SEL-070,부전전자,119980992982,2,02_raw_data/kipris_patent_full/119980992982_page_002.json,2026-09-30T15:28:30.243Z,True
120190790667:001:053,1020180030003,SEL-047,웨이브로드,120190790667,1,02_raw_data/kipris_patent_full/120190790667_page_001.json,2026-09-30T15:26:35.321Z,True
120150784556:001:004,1020180030004,SEL-027,컨트로맥스,120150784556,1,02_raw_data/kipris_patent_full/120150784556_page_001.json,2026-09-30T15:06:00.606Z,True
119980992982:001:063,1020180030334,SEL-070,부전전자,119980992982,1,02_raw_data/kipris_patent_full/119980992982_page_001.json,2026-09-30T15:28:25.879Z,True
120150512756:001:051,1020180030397,SEL-030,니어스랩,120150512756,1,02_raw_data/kipris_patent_full/120150512756_page_001.json,2026-09-30T15:24:05.144Z,True
120150512756:001:059,1020180030398,SEL-030,니어스랩,120150512756,1,02_raw_data/kipris_patent_full/120150512756_page_001.json,2026-09-30T15:24:05.144Z,True
119980992982:001:073,1020180030546,SEL-070,부전전자,119980992982,1,02_raw_data/kipris_patent_full/119980992982_page_001.json,2026-09-30T15:28:25.879Z,True
120170013191:001:022,1020180031286,SEL-028,링크플로우,120170013191,1,02_raw_data/kipris_patent_full/120170013191_page_001.json,2026-09-30T15:06:05.002Z,True
120170013191:001:030,1020180031287,SEL-028,링크플로우,120170013191,1,02_raw_data/kipris_patent_full/120170013191_page_001.json,2026-09-30T15:06:05.002Z,True
120160256051:001:082,1020180033512,SEL-078,센서뷰,120160256051,1,02_raw_data/kipris_patent_full/120160256051_page_001.json,2026-09-30T15:29:41.938Z,True
120160684045:001:021,1020180033701,SEL-024,웨이브피아,120160684045,1,02_raw_data/kipris_patent_full/120160684045_page_001.json,2026-09-30T15:05:46.995Z,True
120160834252:001:006,1020180036891,SEL-009,에스오에스랩,120160834252,1,02_raw_data/kipris_patent_full/120160834252_page_001.json,2026-09-30T15:22:14.632Z,True
120080209284:001:001,1020180039311,SEL-081,모아컴코리아,120080209284,1,02_raw_data/kipris_patent_full/120080209284_page_001.json,2026-09-30T15:15:46.057Z,True
120140451975:001:027,1020180039416,SEL-016,스탠다드시험연구소,120140451975,1,02_raw_data/kipris_patent_full/120140451975_page_001.json,2026-09-30T15:22:57.659Z,True
120170013191:001:031,1020180040649,SEL-028,링크플로우,120170013191,1,02_raw_data/kipris_patent_full/120170013191_page_001.json,2026-09-30T15:06:05.002Z,True
120170013191:001:033,1020180040650,SEL-028,링크플로우,120170013191,1,02_raw_data/kipris_patent_full/120170013191_page_001.json,2026-09-30T15:06:05.002Z,True
120130036036:001:011,1020180041523,SEL-058,덕산넵코어스,120130036036,1,02_raw_data/kipris_patent_full/120130036036_page_001.json,2026-09-30T15:10:29.319Z,True
120130036036:001:007,1020180041525,SEL-058,덕산넵코어스,120130036036,1,02_raw_data/kipris_patent_full/120130036036_page_001.json,2026-09-30T15:10:29.319Z,True
119980992982:002:083,1020180043511,SEL-070,부전전자,119980992982,2,02_raw_data/kipris_patent_full/119980992982_page_002.json,2026-09-30T15:28:30.243Z,True
120140451975:001:031,1020180043652,SEL-016,스탠다드시험연구소,120140451975,1,02_raw_data/kipris_patent_full/120140451975_page_001.json,2026-09-30T15:22:57.659Z,True
119980992982:002:002,1020180044368,SEL-070,부전전자,119980992982,2,02_raw_data/kipris_patent_full/119980992982_page_002.json,2026-09-30T15:28:30.243Z,True
119980992982:002:001,1020180044888,SEL-070,부전전자,119980992982,2,02_raw_data/kipris_patent_full/119980992982_page_002.json,2026-09-30T15:28:30.243Z,True
120000572308:001:002,1020180045635,SEL-046,옵토웰,120000572308,1,02_raw_data/kipris_patent_full/120000572308_page_001.json,2026-09-30T15:26:16.022Z,True
120000572308:001:003,1020180045636,SEL-046,옵토웰,120000572308,1,02_raw_data/kipris_patent_full/120000572308_page_001.json,2026-09-30T15:26:16.022Z,True
120000572308:001:032,1020180046768,SEL-046,옵토웰,120000572308,1,02_raw_data/kipris_patent_full/120000572308_page_001.json,2026-09-30T15:26:16.022Z,True
119980992982:002:084,1020180048350,SEL-070,부전전자,119980992982,2,02_raw_data/kipris_patent_full/119980992982_page_002.json,2026-09-30T15:28:30.243Z,True
120010011066:001:071,1020180049328,SEL-060,이오시스템,120010011066,1,02_raw_data/kipris_patent_full/120010011066_page_001.json,2026-09-30T15:27:37.204Z,True
120160684045:001:011,1020180053608,SEL-024,웨이브피아,120160684045,1,02_raw_data/kipris_patent_full/120160684045_page_001.json,2026-09-30T15:05:46.995Z,True
120140451975:001:055,1020180055693,SEL-016,스탠다드시험연구소,120140451975,1,02_raw_data/kipris_patent_full/120140451975_page_001.json,2026-09-30T15:22:57.659Z,True
120160684045:001:031,1020180057089,SEL-024,웨이브피아,120160684045,1,02_raw_data/kipris_patent_full/120160684045_page_001.json,2026-09-30T15:05:46.995Z,True
120170380334:001:013,1020180058039,SEL-029,두타기술,120170380334,1,02_raw_data/kipris_patent_full/120170380334_page_001.json,2026-09-30T15:06:16.754Z,True
119980992982:001:089,1020180058668,SEL-070,부전전자,119980992982,1,02_raw_data/kipris_patent_full/119980992982_page_001.json,2026-09-30T15:28:25.879Z,True
120180184433:001:006,1020180059775,SEL-045,퓨리오사에이아이,120180184433,1,02_raw_data/kipris_patent_full/120180184433_page_001.json,2026-09-30T15:07:57.321Z,True
120140025378:001:029,1020180060901,SEL-001,ANH스트럭쳐,120140025378,1,02_raw_data/kipris_patent_full/120140025378_page_001.json,2026-09-30T14:59:26.805Z,True
120190790667:001:081,1020180062279,SEL-047,웨이브로드,120190790667,1,02_raw_data/kipris_patent_full/120190790667_page_001.json,2026-09-30T15:26:35.321Z,True
120130036036:001:029,1020180062764,SEL-058,덕산넵코어스,120130036036,1,02_raw_data/kipris_patent_full/120130036036_page_001.json,2026-09-30T15:10:29.319Z,True
120070411804:001:014,1020180063236,SEL-036,솔탑,120070411804,1,02_raw_data/kipris_patent_full/120070411804_page_001.json,2026-09-30T15:24:20.530Z,True
120170380334:001:006,1020180063520,SEL-029,두타기술,120170380334,1,02_raw_data/kipris_patent_full/120170380334_page_001.json,2026-09-30T15:06:16.754Z,True
120030032210:001:011,1020180065298,SEL-068,인텔리빅스,120030032210,1,02_raw_data/kipris_patent_full/120030032210_page_001.json,2026-09-30T15:28:06.481Z,True
120030032210:001:012,1020180065301,SEL-068,인텔리빅스,120030032210,1,02_raw_data/kipris_patent_full/120030032210_page_001.json,2026-09-30T15:28:06.481Z,True
119980992982:001:055,1020180070451,SEL-070,부전전자,119980992982,1,02_raw_data/kipris_patent_full/119980992982_page_001.json,2026-09-30T15:28:25.879Z,True
120160256051:001:014,1020180071833,SEL-078,센서뷰,120160256051,1,02_raw_data/kipris_patent_full/120160256051_page_001.json,2026-09-30T15:29:41.938Z,True
120030032210:001:045,1020180072476,SEL-068,인텔리빅스,120030032210,1,02_raw_data/kipris_patent_full/120030032210_page_001.json,2026-09-30T15:28:06.481Z,True
120170493817:001:025,1020180073438,SEL-008,RFHIC,120170493817,1,02_raw_data/kipris_patent_full/120170493817_page_001.json,2026-09-30T15:22:03.697Z,True
120140451975:001:004,1020180074415,SEL-016,스탠다드시험연구소,120140451975,1,02_raw_data/kipris_patent_full/120140451975_page_001.json,2026-09-30T15:22:57.659Z,True
120080109856:001:005,1020180074834,SEL-018,성신디펜스솔루션,120080109856,1,02_raw_data/kipris_patent_full/120080109856_page_001.json,2026-09-30T15:04:49.233Z,True
119980992982:001:060,1020180075397,SEL-070,부전전자,119980992982,1,02_raw_data/kipris_patent_full/119980992982_page_001.json,2026-09-30T15:28:25.879Z,True
119980992982:002:030,1020180078500,SEL-070,부전전자,119980992982,2,02_raw_data/kipris_patent_full/119980992982_page_002.json,2026-09-30T15:28:30.243Z,True
120010011066:001:011,1020180079035,SEL-060,이오시스템,120010011066,1,02_raw_data/kipris_patent_full/120010011066_page_001.json,2026-09-30T15:27:37.204Z,True
120180221908:001:038,1020180080482,SEL-044,마키나락스,120180221908,1,02_raw_data/kipris_patent_full/120180221908_page_001.json,2026-09-30T15:26:05.300Z,True
120160834252:002:008,1020180081896,SEL-009,에스오에스랩,120160834252,2,02_raw_data/kipris_patent_full/120160834252_page_002.json,2026-09-30T15:22:19.050Z,True
120160834252:002:005,1020180081897,SEL-009,에스오에스랩,120160834252,2,02_raw_data/kipris_patent_full/120160834252_page_002.json,2026-09-30T15:22:19.050Z,True
120160834252:001:073,1020180081898,SEL-009,에스오에스랩,120160834252,1,02_raw_data/kipris_patent_full/120160834252_page_001.json,2026-09-30T15:22:14.632Z,True
120160256051:001:026,1020180089279,SEL-078,센서뷰,120160256051,1,02_raw_data/kipris_patent_full/120160256051_page_001.json,2026-09-30T15:29:41.938Z,True
120120621794:001:006,1020180090434,SEL-022,다비오,120120621794,1,02_raw_data/kipris_patent_full/120120621794_page_001.json,2026-09-30T15:23:16.798Z,True
120170230641:001:051,1020180090591,SEL-059,버넥트,120170230641,1,02_raw_data/kipris_patent_full/120170230641_page_001.json,2026-09-30T15:27:25.051Z,True
120100520372:001:020,1020180091041,SEL-014,네스앤텍,120100520372,1,02_raw_data/kipris_patent_full/120100520372_page_001.json,2026-09-30T15:04:27.081Z,True
120180068537:001:013,1020180091420,SEL-043,코클,120180068537,1,02_raw_data/kipris_patent_full/120180068537_page_001.json,2026-09-30T15:07:35.530Z,True
119990263757:002:044,1020180091565,SEL-071,마크애니,119990263757,2,02_raw_data/kipris_patent_full/119990263757_page_002.json,2026-09-30T15:29:01.322Z,True
120170012940:001:029,1020180091915,SEL-052,유뱃,120170012940,1,02_raw_data/kipris_patent_full/120170012940_page_001.json,2026-09-30T15:26:50.377Z,True
120010011066:001:061,1020180092070,SEL-060,이오시스템,120010011066,1,02_raw_data/kipris_patent_full/120010011066_page_001.json,2026-09-30T15:27:37.204Z,True
120010011066:001:062,1020180092071,SEL-060,이오시스템,120010011066,1,02_raw_data/kipris_patent_full/120010011066_page_001.json,2026-09-30T15:27:37.204Z,True
120010011066:001:065,1020180092072,SEL-060,이오시스템,120010011066,1,02_raw_data/kipris_patent_full/120010011066_page_001.json,2026-09-30T15:27:37.204Z,True
120000497105:001:041,1020180092493,SEL-015,아이블포토닉스,120000497105,1,02_raw_data/kipris_patent_full/120000497105_page_001.json,2026-09-30T15:22:44.285Z,True
120130036036:001:036,1020180092764,SEL-058,덕산넵코어스,120130036036,1,02_raw_data/kipris_patent_full/120130036036_page_001.json,2026-09-30T15:10:29.319Z,True
120030032210:001:014,1020180092893,SEL-068,인텔리빅스,120030032210,1,02_raw_data/kipris_patent_full/120030032210_page_001.json,2026-09-30T15:28:06.481Z,True
120140451975:001:049,1020180094044,SEL-016,스탠다드시험연구소,120140451975,1,02_raw_data/kipris_patent_full/120140451975_page_001.json,2026-09-30T15:22:57.659Z,True
120160256051:001:025,1020180094893,SEL-078,센서뷰,120160256051,1,02_raw_data/kipris_patent_full/120160256051_page_001.json,2026-09-30T15:29:41.938Z,True
120160834252:001:079,1020180095385,SEL-009,에스오에스랩,120160834252,1,02_raw_data/kipris_patent_full/120160834252_page_001.json,2026-09-30T15:22:14.632Z,True
120180468784:001:056,1020180095444,SEL-074,딥엑스,120180468784,1,02_raw_data/kipris_patent_full/120180468784_page_001.json,2026-09-30T15:29:28.979Z,True
120170230641:001:059,1020180098752,SEL-059,버넥트,120170230641,1,02_raw_data/kipris_patent_full/120170230641_page_001.json,2026-09-30T15:27:25.051Z,True
120160834252:001:077,1020180099212,SEL-009,에스오에스랩,120160834252,1,02_raw_data/kipris_patent_full/120160834252_page_001.json,2026-09-30T15:22:14.632Z,True
120170230641:001:045,1020180099262,SEL-059,버넥트,120170230641,1,02_raw_data/kipris_patent_full/120170230641_page_001.json,2026-09-30T15:27:25.051Z,True
120160834252:001:059,1020180099340,SEL-009,에스오에스랩,120160834252,1,02_raw_data/kipris_patent_full/120160834252_page_001.json,2026-09-30T15:22:14.632Z,True
120050038282:001:011,1020180100081,SEL-025,쿠오핀,120050038282,1,02_raw_data/kipris_patent_full/120050038282_page_001.json,2026-09-30T15:23:50.184Z,True
120040367533:001:012,1020180100239,SEL-051,소나테크,120040367533,1,02_raw_data/kipris_patent_full/120040367533_page_001.json,2026-09-30T15:08:47.197Z,True
120160834252:001:074,1020180100701,SEL-009,에스오에스랩,120160834252,1,02_raw_data/kipris_patent_full/120160834252_page_001.json,2026-09-30T15:22:14.632Z,True
119980992982:002:072,1020180101098,SEL-070,부전전자,119980992982,2,02_raw_data/kipris_patent_full/119980992982_page_002.json,2026-09-30T15:28:30.243Z,True
120160256051:001:033,1020180103826,SEL-078,센서뷰,120160256051,1,02_raw_data/kipris_patent_full/120160256051_page_001.json,2026-09-30T15:29:41.938Z,True
120160256051:001:081,1020180103892,SEL-078,센서뷰,120160256051,1,02_raw_data/kipris_patent_full/120160256051_page_001.json,2026-09-30T15:29:41.938Z,True
120160256051:002:017,1020180103923,SEL-078,센서뷰,120160256051,2,02_raw_data/kipris_patent_full/120160256051_page_002.json,2026-09-30T15:29:45.308Z,True
120160256051:001:056,1020180103930,SEL-078,센서뷰,120160256051,1,02_raw_data/kipris_patent_full/120160256051_page_001.json,2026-09-30T15:29:41.938Z,True
120170230641:001:030,1020180104041,SEL-059,버넥트,120170230641,1,02_raw_data/kipris_patent_full/120170230641_page_001.json,2026-09-30T15:27:25.051Z,True
120170230641:001:072,1020180104042,SEL-059,버넥트,120170230641,1,02_raw_data/kipris_patent_full/120170230641_page_001.json,2026-09-30T15:27:25.051Z,True
120160684045:001:028,1020180105454,SEL-024,웨이브피아,120160684045,1,02_raw_data/kipris_patent_full/120160684045_page_001.json,2026-09-30T15:05:46.995Z,True
120100491643:001:003,1020180105626,SEL-049,포멀웍스,120100491643,1,02_raw_data/kipris_patent_full/120100491643_page_001.json,2026-09-30T15:08:23.879Z,True
120130179229:001:005,1020180106132,SEL-053,아이티사이언스,120130179229,1,02_raw_data/kipris_patent_full/120130179229_page_001.json,2026-09-30T15:08:56.724Z,True
120130179229:001:006,1020180106133,SEL-053,아이티사이언스,120130179229,1,02_raw_data/kipris_patent_full/120130179229_page_001.json,2026-09-30T15:08:56.724Z,True
120160684045:001:023,1020180106444,SEL-024,웨이브피아,120160684045,1,02_raw_data/kipris_patent_full/120160684045_page_001.json,2026-09-30T15:05:46.995Z,True
120170012940:001:002,1020180107230,SEL-052,유뱃,120170012940,1,02_raw_data/kipris_patent_full/120170012940_page_001.json,2026-09-30T15:26:50.377Z,True
120100491643:001:006,1020180108126,SEL-049,포멀웍스,120100491643,1,02_raw_data/kipris_patent_full/120100491643_page_001.json,2026-09-30T15:08:23.879Z,True
120170013191:001:014,1020180109022,SEL-028,링크플로우,120170013191,1,02_raw_data/kipris_patent_full/120170013191_page_001.json,2026-09-30T15:06:05.002Z,True
120140451975:001:052,1020180110584,SEL-016,스탠다드시험연구소,120140451975,1,02_raw_data/kipris_patent_full/120140451975_page_001.json,2026-09-30T15:22:57.659Z,True
120140451975:001:044,1020180110585,SEL-016,스탠다드시험연구소,120140451975,1,02_raw_data/kipris_patent_full/120140451975_page_001.json,2026-09-30T15:22:57.659Z,True
120140451975:001:043,1020180110586,SEL-016,스탠다드시험연구소,120140451975,1,02_raw_data/kipris_patent_full/120140451975_page_001.json,2026-09-30T15:22:57.659Z,True
120160256051:001:080,1020180110702,SEL-078,센서뷰,120160256051,1,02_raw_data/kipris_patent_full/120160256051_page_001.json,2026-09-30T15:29:41.938Z,True
120000407777:001:041,1020180116940,SEL-082,이루온,120000407777,1,02_raw_data/kipris_patent_full/120000407777_page_001.json,2026-09-30T15:30:04.874Z,True
120180510935:001:011,1020180117186,SEL-031,파블로항공,120180510935,1,02_raw_data/kipris_patent_full/120180510935_page_001.json,2026-09-30T15:06:28.194Z,True
120140451975:001:026,1020180118286,SEL-016,스탠다드시험연구소,120140451975,1,02_raw_data/kipris_patent_full/120140451975_page_001.json,2026-09-30T15:22:57.659Z,True
120160834252:001:084,1020180120184,SEL-009,에스오에스랩,120160834252,1,02_raw_data/kipris_patent_full/120160834252_page_001.json,2026-09-30T15:22:14.632Z,True
120130332921:001:007,1020180123184,SEL-032,센서피아,120130332921,1,02_raw_data/kipris_patent_full/120130332921_page_001.json,2026-09-30T15:06:33.650Z,True
120070411804:001:026,1020180124191,SEL-036,솔탑,120070411804,1,02_raw_data/kipris_patent_full/120070411804_page_001.json,2026-09-30T15:24:20.530Z,True
120160256051:001:068,1020180124672,SEL-078,센서뷰,120160256051,1,02_raw_data/kipris_patent_full/120160256051_page_001.json,2026-09-30T15:29:41.938Z,True
119980992982:002:006,1020180125351,SEL-070,부전전자,119980992982,2,02_raw_data/kipris_patent_full/119980992982_page_002.json,2026-09-30T15:28:30.243Z,True
120100149207:001:020,1020180125428,SEL-004,솔빛시스템,120100149207,1,02_raw_data/kipris_patent_full/120100149207_page_001.json,2026-09-30T15:02:07.704Z,True
120030032210:001:032,1020180125702,SEL-068,인텔리빅스,120030032210,1,02_raw_data/kipris_patent_full/120030032210_page_001.json,2026-09-30T15:28:06.481Z,True
120030032210:001:035,1020180125707,SEL-068,인텔리빅스,120030032210,1,02_raw_data/kipris_patent_full/120030032210_page_001.json,2026-09-30T15:28:06.481Z,True
120160834252:001:070,1020180126278,SEL-009,에스오에스랩,120160834252,1,02_raw_data/kipris_patent_full/120160834252_page_001.json,2026-09-30T15:22:14.632Z,True
120060503193:001:010,1020180126724,SEL-083,유저스,120060503193,1,02_raw_data/kipris_patent_full/120060503193_page_001.json,2026-09-30T15:15:58.429Z,True
120160834252:002:046,1020180128476,SEL-009,에스오에스랩,120160834252,2,02_raw_data/kipris_patent_full/120160834252_page_002.json,2026-09-30T15:22:19.050Z,True
120180184433:001:012,1020180131156,SEL-045,퓨리오사에이아이,120180184433,1,02_raw_data/kipris_patent_full/120180184433_page_001.json,2026-09-30T15:07:57.321Z,True
120180533683:001:016,1020180131990,SEL-042,모라이,120180533683,1,02_raw_data/kipris_patent_full/120180533683_page_001.json,2026-09-30T15:24:55.317Z,True
120100149207:001:001,1020180132312,SEL-004,솔빛시스템,120100149207,1,02_raw_data/kipris_patent_full/120100149207_page_001.json,2026-09-30T15:02:07.704Z,True
120010224632:001:015,1020180133077,SEL-037,두시텍,120010224632,1,02_raw_data/kipris_patent_full/120010224632_page_001.json,2026-09-30T15:07:01.235Z,True
120100149207:001:017,1020180133589,SEL-004,솔빛시스템,120100149207,1,02_raw_data/kipris_patent_full/120100149207_page_001.json,2026-09-30T15:02:07.704Z,True
119990582540:001:080,1020180137334,SEL-021,코난테크놀로지,119990582540,1,02_raw_data/kipris_patent_full/119990582540_page_001.json,2026-09-30T15:23:09.237Z,True
119990582540:001:023,1020180138114,SEL-021,코난테크놀로지,119990582540,1,02_raw_data/kipris_patent_full/119990582540_page_001.json,2026-09-30T15:23:09.237Z,True
120030032210:001:031,1020180139043,SEL-068,인텔리빅스,120030032210,1,02_raw_data/kipris_patent_full/120030032210_page_001.json,2026-09-30T15:28:06.481Z,True
119980992982:002:033,1020180141799,SEL-070,부전전자,119980992982,2,02_raw_data/kipris_patent_full/119980992982_page_002.json,2026-09-30T15:28:30.243Z,True
120100149207:001:022,1020180143756,SEL-004,솔빛시스템,120100149207,1,02_raw_data/kipris_patent_full/120100149207_page_001.json,2026-09-30T15:02:07.704Z,True
120100149207:001:018,1020180143757,SEL-004,솔빛시스템,120100149207,1,02_raw_data/kipris_patent_full/120100149207_page_001.json,2026-09-30T15:02:07.704Z,True
120160834252:001:075,1020180143972,SEL-009,에스오에스랩,120160834252,1,02_raw_data/kipris_patent_full/120160834252_page_001.json,2026-09-30T15:22:14.632Z,True
120160834252:001:090,1020180143973,SEL-009,에스오에스랩,120160834252,1,02_raw_data/kipris_patent_full/120160834252_page_001.json,2026-09-30T15:22:14.632Z,True
120160834252:001:082,1020180143974,SEL-009,에스오에스랩,120160834252,1,02_raw_data/kipris_patent_full/120160834252_page_001.json,2026-09-30T15:22:14.632Z,True
120160834252:001:015,1020180143975,SEL-009,에스오에스랩,120160834252,1,02_raw_data/kipris_patent_full/120160834252_page_001.json,2026-09-30T15:22:14.632Z,True
120140025378:001:040,1020180144823,SEL-001,ANH스트럭쳐,120140025378,1,02_raw_data/kipris_patent_full/120140025378_page_001.json,2026-09-30T14:59:26.805Z,True
120140025378:001:039,1020180144862,SEL-001,ANH스트럭쳐,120140025378,1,02_raw_data/kipris_patent_full/120140025378_page_001.json,2026-09-30T14:59:26.805Z,True
120160256051:001:052,1020180146111,SEL-078,센서뷰,120160256051,1,02_raw_data/kipris_patent_full/120160256051_page_001.json,2026-09-30T15:29:41.938Z,True
119990263757:002:009,1020180147238,SEL-071,마크애니,119990263757,2,02_raw_data/kipris_patent_full/119990263757_page_002.json,2026-09-30T15:29:01.322Z,True
120160256051:002:003,1020180147643,SEL-078,센서뷰,120160256051,2,02_raw_data/kipris_patent_full/120160256051_page_002.json,2026-09-30T15:29:45.308Z,True
119990582540:001:058,1020180148540,SEL-021,코난테크놀로지,119990582540,1,02_raw_data/kipris_patent_full/119990582540_page_001.json,2026-09-30T15:23:09.237Z,True
120040367533:001:028,1020180149093,SEL-051,소나테크,120040367533,1,02_raw_data/kipris_patent_full/120040367533_page_001.json,2026-09-30T15:08:47.197Z,True
120110075931:001:002,1020180149421,SEL-019,하나에이엠티,120110075931,1,02_raw_data/kipris_patent_full/120110075931_page_001.json,2026-09-30T15:04:59.392Z,True
120160256051:001:055,1020180149840,SEL-078,센서뷰,120160256051,1,02_raw_data/kipris_patent_full/120160256051_page_001.json,2026-09-30T15:29:41.938Z,True
120160684045:001:009,1020180150331,SEL-024,웨이브피아,120160684045,1,02_raw_data/kipris_patent_full/120160684045_page_001.json,2026-09-30T15:05:46.995Z,True
120000079535:001:005,1020180152292,SEL-039,코모텍,120000079535,1,02_raw_data/kipris_patent_full/120000079535_page_001.json,2026-09-30T15:07:09.023Z,True
119990582540:001:053,1020180157350,SEL-021,코난테크놀로지,119990582540,1,02_raw_data/kipris_patent_full/119990582540_page_001.json,2026-09-30T15:23:09.237Z,True
119990582540:001:038,1020180157351,SEL-021,코난테크놀로지,119990582540,1,02_raw_data/kipris_patent_full/119990582540_page_001.json,2026-09-30T15:23:09.237Z,True
120150512756:001:063,1020180157438,SEL-030,니어스랩,120150512756,1,02_raw_data/kipris_patent_full/120150512756_page_001.json,2026-09-30T15:24:05.144Z,True
120150512756:001:017,1020180157439,SEL-030,니어스랩,120150512756,1,02_raw_data/kipris_patent_full/120150512756_page_001.json,2026-09-30T15:24:05.144Z,True
120000218885:001:011,1020180158796,SEL-011,대한광통신,120000218885,1,02_raw_data/kipris_patent_full/120000218885_page_001.json,2026-09-30T15:22:28.790Z,True
120030032210:001:030,1020180159267,SEL-068,인텔리빅스,120030032210,1,02_raw_data/kipris_patent_full/120030032210_page_001.json,2026-09-30T15:28:06.481Z,True
120030032210:001:025,1020180159993,SEL-068,인텔리빅스,120030032210,1,02_raw_data/kipris_patent_full/120030032210_page_001.json,2026-09-30T15:28:06.481Z,True
120130332921:001:014,1020180160783,SEL-032,센서피아,120130332921,1,02_raw_data/kipris_patent_full/120130332921_page_001.json,2026-09-30T15:06:33.650Z,True
120170230641:001:044,1020180160980,SEL-059,버넥트,120170230641,1,02_raw_data/kipris_patent_full/120170230641_page_001.json,2026-09-30T15:27:25.051Z,True
120040367533:001:011,1020180161194,SEL-051,소나테크,120040367533,1,02_raw_data/kipris_patent_full/120040367533_page_001.json,2026-09-30T15:08:47.197Z,True
120170230641:001:029,1020180161358,SEL-059,버넥트,120170230641,1,02_raw_data/kipris_patent_full/120170230641_page_001.json,2026-09-30T15:27:25.051Z,True
120170230641:001:041,1020180163359,SEL-059,버넥트,120170230641,1,02_raw_data/kipris_patent_full/120170230641_page_001.json,2026-09-30T15:27:25.051Z,True
119981108964:001:055,1020180164187,SEL-076,삼현,119981108964,1,02_raw_data/kipris_patent_full/119981108964_page_001.json,2026-09-30T15:14:46.351Z,True
119981108964:001:037,1020180164188,SEL-076,삼현,119981108964,1,02_raw_data/kipris_patent_full/119981108964_page_001.json,2026-09-30T15:14:46.351Z,True
119990263757:001:068,1020180164969,SEL-071,마크애니,119990263757,1,02_raw_data/kipris_patent_full/119990263757_page_001.json,2026-09-30T15:28:56.695Z,True
120110075931:001:010,1020180165340,SEL-019,하나에이엠티,120110075931,1,02_raw_data/kipris_patent_full/120110075931_page_001.json,2026-09-30T15:04:59.392Z,True
119990263757:001:025,1020180166529,SEL-071,마크애니,119990263757,1,02_raw_data/kipris_patent_full/119990263757_page_001.json,2026-09-30T15:28:56.695Z,True
120180510935:001:010,1020180169106,SEL-031,파블로항공,120180510935,1,02_raw_data/kipris_patent_full/120180510935_page_001.json,2026-09-30T15:06:28.194Z,True
120180510935:001:031,1020180169108,SEL-031,파블로항공,120180510935,1,02_raw_data/kipris_patent_full/120180510935_page_001.json,2026-09-30T15:06:28.194Z,True
120000218885:001:059,1020180170681,SEL-011,대한광통신,120000218885,1,02_raw_data/kipris_patent_full/120000218885_page_001.json,2026-09-30T15:22:28.790Z,True
119980992982:001:074,1020180170710,SEL-070,부전전자,119980992982,1,02_raw_data/kipris_patent_full/119980992982_page_001.json,2026-09-30T15:28:25.879Z,True
120140025378:001:006,1020180171308,SEL-001,ANH스트럭쳐,120140025378,1,02_raw_data/kipris_patent_full/120140025378_page_001.json,2026-09-30T14:59:26.805Z,True
120140025378:001:005,1020180171314,SEL-001,ANH스트럭쳐,120140025378,1,02_raw_data/kipris_patent_full/120140025378_page_001.json,2026-09-30T14:59:26.805Z,True
120040367533:001:016,1020180171424,SEL-051,소나테크,120040367533,1,02_raw_data/kipris_patent_full/120040367533_page_001.json,2026-09-30T15:08:47.197Z,True
120130036036:001:035,1020180171774,SEL-058,덕산넵코어스,120130036036,1,02_raw_data/kipris_patent_full/120130036036_page_001.json,2026-09-30T15:10:29.319Z,True
120110075931:001:001,1020180172293,SEL-019,하나에이엠티,120110075931,1,02_raw_data/kipris_patent_full/120110075931_page_001.json,2026-09-30T15:04:59.392Z,True
120180468784:001:029,1020180172937,SEL-074,딥엑스,120180468784,1,02_raw_data/kipris_patent_full/120180468784_page_001.json,2026-09-30T15:29:28.979Z,True
120140025378:001:008,1020180173086,SEL-001,ANH스트럭쳐,120140025378,1,02_raw_data/kipris_patent_full/120140025378_page_001.json,2026-09-30T14:59:26.805Z,True
120180221908:001:076,1020180173338,SEL-044,마키나락스,120180221908,1,02_raw_data/kipris_patent_full/120180221908_page_001.json,2026-09-30T15:26:05.300Z,True
120170493817:001:037,1020187013864,SEL-008,RFHIC,120170493817,1,02_raw_data/kipris_patent_full/120170493817_page_001.json,2026-09-30T15:22:03.697Z,True
120170493817:001:013,1020187034394,SEL-008,RFHIC,120170493817,1,02_raw_data/kipris_patent_full/120170493817_page_001.json,2026-09-30T15:22:03.697Z,True
119980992982:001:053,1020190000991,SEL-070,부전전자,119980992982,1,02_raw_data/kipris_patent_full/119980992982_page_001.json,2026-09-30T15:28:25.879Z,True
120140025378:001:010,1020190001020,SEL-001,ANH스트럭쳐,120140025378,1,02_raw_data/kipris_patent_full/120140025378_page_001.json,2026-09-30T14:59:26.805Z,True
119990263757:003:029,1020190001116,SEL-071,마크애니,119990263757,3,02_raw_data/kipris_patent_full/119990263757_page_003.json,2026-09-30T15:29:06.668Z,True
120160461924:001:006,1020190001458,SEL-050,유비파이,120160461924,1,02_raw_data/kipris_patent_full/120160461924_page_001.json,2026-09-30T15:08:43.064Z,True
120170493817:001:004,1020190005869,SEL-008,RFHIC,120170493817,1,02_raw_data/kipris_patent_full/120170493817_page_001.json,2026-09-30T15:22:03.697Z,True
119980992982:002:058,1020190006752,SEL-070,부전전자,119980992982,2,02_raw_data/kipris_patent_full/119980992982_page_002.json,2026-09-30T15:28:30.243Z,True
120030032210:001:019,1020190006781,SEL-068,인텔리빅스,120030032210,1,02_raw_data/kipris_patent_full/120030032210_page_001.json,2026-09-30T15:28:06.481Z,True
120170493817:001:005,1020190006987,SEL-008,RFHIC,120170493817,1,02_raw_data/kipris_patent_full/120170493817_page_001.json,2026-09-30T15:22:03.697Z,True
119990263757:002:069,1020190007377,SEL-071,마크애니,119990263757,2,02_raw_data/kipris_patent_full/119990263757_page_002.json,2026-09-30T15:29:01.322Z,True
120170493817:001:018,1020190007899,SEL-008,RFHIC,120170493817,1,02_raw_data/kipris_patent_full/120170493817_page_001.json,2026-09-30T15:22:03.697Z,True
119980992982:002:004,1020190008133,SEL-070,부전전자,119980992982,2,02_raw_data/kipris_patent_full/119980992982_page_002.json,2026-09-30T15:28:30.243Z,True
120040032146:001:011,1020190008207,SEL-035,심네트,120040032146,1,02_raw_data/kipris_patent_full/120040032146_page_001.json,2026-09-30T15:06:52.334Z,True
120160256051:001:051,1020190014011,SEL-078,센서뷰,120160256051,1,02_raw_data/kipris_patent_full/120160256051_page_001.json,2026-09-30T15:29:41.938Z,True
119990263757:002:077,1020190014432,SEL-071,마크애니,119990263757,2,02_raw_data/kipris_patent_full/119990263757_page_002.json,2026-09-30T15:29:01.322Z,True
120000572308:001:031,1020190017343,SEL-046,옵토웰,120000572308,1,02_raw_data/kipris_patent_full/120000572308_page_001.json,2026-09-30T15:26:16.022Z,True
120160834252:001:088,1020190017433,SEL-009,에스오에스랩,120160834252,1,02_raw_data/kipris_patent_full/120160834252_page_001.json,2026-09-30T15:22:14.632Z,True
120160834252:001:087,1020190017703,SEL-009,에스오에스랩,120160834252,1,02_raw_data/kipris_patent_full/120160834252_page_001.json,2026-09-30T15:22:14.632Z,True
120170012940:001:023,1020190017941,SEL-052,유뱃,120170012940,1,02_raw_data/kipris_patent_full/120170012940_page_001.json,2026-09-30T15:26:50.377Z,True
120170012940:001:024,1020190018076,SEL-052,유뱃,120170012940,1,02_raw_data/kipris_patent_full/120170012940_page_001.json,2026-09-30T15:26:50.377Z,True
120170012940:001:015,1020190018087,SEL-052,유뱃,120170012940,1,02_raw_data/kipris_patent_full/120170012940_page_001.json,2026-09-30T15:26:50.377Z,True
120170012940:001:008,1020190020709,SEL-052,유뱃,120170012940,1,02_raw_data/kipris_patent_full/120170012940_page_001.json,2026-09-30T15:26:50.377Z,True
120170013191:001:009,1020190021459,SEL-028,링크플로우,120170013191,1,02_raw_data/kipris_patent_full/120170013191_page_001.json,2026-09-30T15:06:05.002Z,True
119990263757:001:011,1020190023148,SEL-071,마크애니,119990263757,1,02_raw_data/kipris_patent_full/119990263757_page_001.json,2026-09-30T15:28:56.695Z,True
120160256051:001:032,1020190026814,SEL-078,센서뷰,120160256051,1,02_raw_data/kipris_patent_full/120160256051_page_001.json,2026-09-30T15:29:41.938Z,True
120160256051:001:047,1020190026815,SEL-078,센서뷰,120160256051,1,02_raw_data/kipris_patent_full/120160256051_page_001.json,2026-09-30T15:29:41.938Z,True
119980992982:001:065,1020190026885,SEL-070,부전전자,119980992982,1,02_raw_data/kipris_patent_full/119980992982_page_001.json,2026-09-30T15:28:25.879Z,True
120000497105:001:031,1020190029847,SEL-015,아이블포토닉스,120000497105,1,02_raw_data/kipris_patent_full/120000497105_page_001.json,2026-09-30T15:22:44.285Z,True
120160256051:001:015,1020190033436,SEL-078,센서뷰,120160256051,1,02_raw_data/kipris_patent_full/120160256051_page_001.json,2026-09-30T15:29:41.938Z,True
119980992982:001:006,1020190033697,SEL-070,부전전자,119980992982,1,02_raw_data/kipris_patent_full/119980992982_page_001.json,2026-09-30T15:28:25.879Z,True
120140451975:001:014,1020190033795,SEL-016,스탠다드시험연구소,120140451975,1,02_raw_data/kipris_patent_full/120140451975_page_001.json,2026-09-30T15:22:57.659Z,True
120150512756:001:016,1020190033961,SEL-030,니어스랩,120150512756,1,02_raw_data/kipris_patent_full/120150512756_page_001.json,2026-09-30T15:24:05.144Z,True
120130332921:001:017,1020190034114,SEL-032,센서피아,120130332921,1,02_raw_data/kipris_patent_full/120130332921_page_001.json,2026-09-30T15:06:33.650Z,True
120150784556:001:009,1020190035494,SEL-027,컨트로맥스,120150784556,1,02_raw_data/kipris_patent_full/120150784556_page_001.json,2026-09-30T15:06:00.606Z,True
120100149207:001:002,1020190036305,SEL-004,솔빛시스템,120100149207,1,02_raw_data/kipris_patent_full/120100149207_page_001.json,2026-09-30T15:02:07.704Z,True
120040367533:001:007,1020190037006,SEL-051,소나테크,120040367533,1,02_raw_data/kipris_patent_full/120040367533_page_001.json,2026-09-30T15:08:47.197Z,True
120140025378:001:027,1020190038278,SEL-001,ANH스트럭쳐,120140025378,1,02_raw_data/kipris_patent_full/120140025378_page_001.json,2026-09-30T14:59:26.805Z,True
120100491643:001:004,1020190041021,SEL-049,포멀웍스,120100491643,1,02_raw_data/kipris_patent_full/120100491643_page_001.json,2026-09-30T15:08:23.879Z,True
119981108964:001:036,1020190041955,SEL-076,삼현,119981108964,1,02_raw_data/kipris_patent_full/119981108964_page_001.json,2026-09-30T15:14:46.351Z,True
119981108964:001:005,1020190041956,SEL-076,삼현,119981108964,1,02_raw_data/kipris_patent_full/119981108964_page_001.json,2026-09-30T15:14:46.351Z,True
120170013191:001:008,1020190043839,SEL-028,링크플로우,120170013191,1,02_raw_data/kipris_patent_full/120170013191_page_001.json,2026-09-30T15:06:05.002Z,True
120190790667:002:070,1020190044092,SEL-047,웨이브로드,120190790667,2,02_raw_data/kipris_patent_full/120190790667_page_002.json,2026-09-30T15:26:40.319Z,True
120010011066:001:056,1020190044410,SEL-060,이오시스템,120010011066,1,02_raw_data/kipris_patent_full/120010011066_page_001.json,2026-09-30T15:27:37.204Z,True
120070411804:001:013,1020190044943,SEL-036,솔탑,120070411804,1,02_raw_data/kipris_patent_full/120070411804_page_001.json,2026-09-30T15:24:20.530Z,True
120160256051:001:044,1020190045210,SEL-078,센서뷰,120160256051,1,02_raw_data/kipris_patent_full/120160256051_page_001.json,2026-09-30T15:29:41.938Z,True
120190790667:002:062,1020190046011,SEL-047,웨이브로드,120190790667,2,02_raw_data/kipris_patent_full/120190790667_page_002.json,2026-09-30T15:26:40.319Z,True
120000407777:001:036,1020190047218,SEL-082,이루온,120000407777,1,02_raw_data/kipris_patent_full/120000407777_page_001.json,2026-09-30T15:30:04.874Z,True
120000444501:001:009,1020190047958,SEL-064,극동통신,120000444501,1,02_raw_data/kipris_patent_full/120000444501_page_001.json,2026-09-30T15:10:47.532Z,True
120170013191:001:018,1020190048448,SEL-028,링크플로우,120170013191,1,02_raw_data/kipris_patent_full/120170013191_page_001.json,2026-09-30T15:06:05.002Z,True
120130332921:001:005,1020190048464,SEL-032,센서피아,120130332921,1,02_raw_data/kipris_patent_full/120130332921_page_001.json,2026-09-30T15:06:33.650Z,True
120000218885:001:002,1020190049580,SEL-011,대한광통신,120000218885,1,02_raw_data/kipris_patent_full/120000218885_page_001.json,2026-09-30T15:22:28.790Z,True
120180221908:001:040,1020190050477,SEL-044,마키나락스,120180221908,1,02_raw_data/kipris_patent_full/120180221908_page_001.json,2026-09-30T15:26:05.300Z,True
120160684045:001:010,1020190051422,SEL-024,웨이브피아,120160684045,1,02_raw_data/kipris_patent_full/120160684045_page_001.json,2026-09-30T15:05:46.995Z,True
120000218885:001:053,1020190052045,SEL-011,대한광통신,120000218885,1,02_raw_data/kipris_patent_full/120000218885_page_001.json,2026-09-30T15:22:28.790Z,True
120160834252:001:017,1020190054624,SEL-009,에스오에스랩,120160834252,1,02_raw_data/kipris_patent_full/120160834252_page_001.json,2026-09-30T15:22:14.632Z,True
120100491643:001:010,1020190055751,SEL-049,포멀웍스,120100491643,1,02_raw_data/kipris_patent_full/120100491643_page_001.json,2026-09-30T15:08:23.879Z,True
120000572308:001:001,1020190056875,SEL-046,옵토웰,120000572308,1,02_raw_data/kipris_patent_full/120000572308_page_001.json,2026-09-30T15:26:16.022Z,True
120170129445:001:007,1020190059755,SEL-065,나라스페이스 테크놀로지,120170129445,1,02_raw_data/kipris_patent_full/120170129445_page_001.json,2026-09-30T15:11:02.513Z,True
120070411804:001:006,1020190059820,SEL-036,솔탑,120070411804,1,02_raw_data/kipris_patent_full/120070411804_page_001.json,2026-09-30T15:24:20.530Z,True
120070411804:001:007,1020190059821,SEL-036,솔탑,120070411804,1,02_raw_data/kipris_patent_full/120070411804_page_001.json,2026-09-30T15:24:20.530Z,True
120130332921:001:013,1020190060669,SEL-032,센서피아,120130332921,1,02_raw_data/kipris_patent_full/120130332921_page_001.json,2026-09-30T15:06:33.650Z,True
120120621794:001:011,1020190060846,SEL-022,다비오,120120621794,1,02_raw_data/kipris_patent_full/120120621794_page_001.json,2026-09-30T15:23:16.798Z,True
120170493817:001:003,1020190064158,SEL-008,RFHIC,120170493817,1,02_raw_data/kipris_patent_full/120170493817_page_001.json,2026-09-30T15:22:03.697Z,True
120160256051:001:027,1020190064497,SEL-078,센서뷰,120160256051,1,02_raw_data/kipris_patent_full/120160256051_page_001.json,2026-09-30T15:29:41.938Z,True
120140451975:001:002,1020190065041,SEL-016,스탠다드시험연구소,120140451975,1,02_raw_data/kipris_patent_full/120140451975_page_001.json,2026-09-30T15:22:57.659Z,True
120180468784:001:086,1020190065709,SEL-074,딥엑스,120180468784,1,02_raw_data/kipris_patent_full/120180468784_page_001.json,2026-09-30T15:29:28.979Z,True
120180468784:001:071,1020190066240,SEL-074,딥엑스,120180468784,1,02_raw_data/kipris_patent_full/120180468784_page_001.json,2026-09-30T15:29:28.979Z,True
120180221908:001:020,1020190067175,SEL-044,마키나락스,120180221908,1,02_raw_data/kipris_patent_full/120180221908_page_001.json,2026-09-30T15:26:05.300Z,True
120180468784:001:083,1020190067579,SEL-074,딥엑스,120180468784,1,02_raw_data/kipris_patent_full/120180468784_page_001.json,2026-09-30T15:29:28.979Z,True
120180468784:001:028,1020190067585,SEL-074,딥엑스,120180468784,1,02_raw_data/kipris_patent_full/120180468784_page_001.json,2026-09-30T15:29:28.979Z,True
120180068537:001:009,1020190070060,SEL-043,코클,120180068537,1,02_raw_data/kipris_patent_full/120180068537_page_001.json,2026-09-30T15:07:35.530Z,True
119980992982:001:077,1020190070919,SEL-070,부전전자,119980992982,1,02_raw_data/kipris_patent_full/119980992982_page_001.json,2026-09-30T15:28:25.879Z,True
119980992982:001:072,1020190070940,SEL-070,부전전자,119980992982,1,02_raw_data/kipris_patent_full/119980992982_page_001.json,2026-09-30T15:28:25.879Z,True
119990263757:001:027,1020190071571,SEL-071,마크애니,119990263757,1,02_raw_data/kipris_patent_full/119990263757_page_001.json,2026-09-30T15:28:56.695Z,True
120010023639:001:014,1020190071845,SEL-010,코모텍,120010023639,1,02_raw_data/kipris_patent_full/120010023639_page_001.json,2026-09-30T15:02:54.107Z,True
120180184433:001:008,1020190072062,SEL-045,퓨리오사에이아이,120180184433,1,02_raw_data/kipris_patent_full/120180184433_page_001.json,2026-09-30T15:07:57.321Z,True
120170013191:001:020,1020190073727,SEL-028,링크플로우,120170013191,1,02_raw_data/kipris_patent_full/120170013191_page_001.json,2026-09-30T15:06:05.002Z,True
120080209284:001:010,1020190074235,SEL-081,모아컴코리아,120080209284,1,02_raw_data/kipris_patent_full/120080209284_page_001.json,2026-09-30T15:15:46.057Z,True
120080209284:001:014,1020190074236,SEL-081,모아컴코리아,120080209284,1,02_raw_data/kipris_patent_full/120080209284_page_001.json,2026-09-30T15:15:46.057Z,True
120080209284:001:012,1020190074237,SEL-081,모아컴코리아,120080209284,1,02_raw_data/kipris_patent_full/120080209284_page_001.json,2026-09-30T15:15:46.057Z,True
120160256051:001:024,1020190075728,SEL-078,센서뷰,120160256051,1,02_raw_data/kipris_patent_full/120160256051_page_001.json,2026-09-30T15:29:41.938Z,True
120140451975:001:015,1020190076039,SEL-016,스탠다드시험연구소,120140451975,1,02_raw_data/kipris_patent_full/120140451975_page_001.json,2026-09-30T15:22:57.659Z,True
120170230641:001:061,1020190077218,SEL-059,버넥트,120170230641,1,02_raw_data/kipris_patent_full/120170230641_page_001.json,2026-09-30T15:27:25.051Z,True
120010011066:001:057,1020190078639,SEL-060,이오시스템,120010011066,1,02_raw_data/kipris_patent_full/120010011066_page_001.json,2026-09-30T15:27:37.204Z,True
120170380334:001:007,1020190080430,SEL-029,두타기술,120170380334,1,02_raw_data/kipris_patent_full/120170380334_page_001.json,2026-09-30T15:06:16.754Z,True
120130219032:001:001,1020190080458,SEL-056,삼정오토메이션,120130219032,1,02_raw_data/kipris_patent_full/120130219032_page_001.json,2026-09-30T15:09:29.490Z,True
120130219032:001:004,1020190080459,SEL-056,삼정오토메이션,120130219032,1,02_raw_data/kipris_patent_full/120130219032_page_001.json,2026-09-30T15:09:29.490Z,True
120160256051:001:013,1020190080829,SEL-078,센서뷰,120160256051,1,02_raw_data/kipris_patent_full/120160256051_page_001.json,2026-09-30T15:29:41.938Z,True
120130219032:001:002,1020190082514,SEL-056,삼정오토메이션,120130219032,1,02_raw_data/kipris_patent_full/120130219032_page_001.json,2026-09-30T15:09:29.490Z,True
120000497105:001:023,1020190083078,SEL-015,아이블포토닉스,120000497105,1,02_raw_data/kipris_patent_full/120000497105_page_001.json,2026-09-30T15:22:44.285Z,True
120170013191:001:010,1020190083459,SEL-028,링크플로우,120170013191,1,02_raw_data/kipris_patent_full/120170013191_page_001.json,2026-09-30T15:06:05.002Z,True
120140451975:001:062,1020190083732,SEL-016,스탠다드시험연구소,120140451975,1,02_raw_data/kipris_patent_full/120140451975_page_001.json,2026-09-30T15:22:57.659Z,True
119981108964:001:021,1020190093552,SEL-076,삼현,119981108964,1,02_raw_data/kipris_patent_full/119981108964_page_001.json,2026-09-30T15:14:46.351Z,True
120120621794:001:010,1020190093758,SEL-022,다비오,120120621794,1,02_raw_data/kipris_patent_full/120120621794_page_001.json,2026-09-30T15:23:16.798Z,True
120160834252:001:061,1020190093991,SEL-009,에스오에스랩,120160834252,1,02_raw_data/kipris_patent_full/120160834252_page_001.json,2026-09-30T15:22:14.632Z,True
120160834252:001:064,1020190093992,SEL-009,에스오에스랩,120160834252,1,02_raw_data/kipris_patent_full/120160834252_page_001.json,2026-09-30T15:22:14.632Z,True
119990582540:001:027,1020190095579,SEL-021,코난테크놀로지,119990582540,1,02_raw_data/kipris_patent_full/119990582540_page_001.json,2026-09-30T15:23:09.237Z,True
120080209284:001:009,1020190095652,SEL-081,모아컴코리아,120080209284,1,02_raw_data/kipris_patent_full/120080209284_page_001.json,2026-09-30T15:15:46.057Z,True
119980992982:001:070,1020190096290,SEL-070,부전전자,119980992982,1,02_raw_data/kipris_patent_full/119980992982_page_001.json,2026-09-30T15:28:25.879Z,True
120020328376:001:039,1020190096622,SEL-002,단암시스템즈,120020328376,1,02_raw_data/kipris_patent_full/120020328376_page_001.json,2026-09-30T15:02:00.539Z,True
120190790667:002:068,1020190097291,SEL-047,웨이브로드,120190790667,2,02_raw_data/kipris_patent_full/120190790667_page_002.json,2026-09-30T15:26:40.319Z,True
120170493817:001:042,1020190101406,SEL-008,RFHIC,120170493817,1,02_raw_data/kipris_patent_full/120170493817_page_001.json,2026-09-30T15:22:03.697Z,True
120170230641:001:018,1020190101741,SEL-059,버넥트,120170230641,1,02_raw_data/kipris_patent_full/120170230641_page_001.json,2026-09-30T15:27:25.051Z,True
120020328376:001:001,1020190102344,SEL-002,단암시스템즈,120020328376,1,02_raw_data/kipris_patent_full/120020328376_page_001.json,2026-09-30T15:02:00.539Z,True
120100400701:001:015,1020190103259,SEL-006,아이브스,120100400701,1,02_raw_data/kipris_patent_full/120100400701_page_001.json,2026-09-30T15:02:26.967Z,True
120160684045:001:020,1020190104233,SEL-024,웨이브피아,120160684045,1,02_raw_data/kipris_patent_full/120160684045_page_001.json,2026-09-30T15:05:46.995Z,True
120040367533:001:002,1020190104837,SEL-051,소나테크,120040367533,1,02_raw_data/kipris_patent_full/120040367533_page_001.json,2026-09-30T15:08:47.197Z,True
120160256051:001:043,1020190105920,SEL-078,센서뷰,120160256051,1,02_raw_data/kipris_patent_full/120160256051_page_001.json,2026-09-30T15:29:41.938Z,True
120140451975:001:020,1020190106396,SEL-016,스탠다드시험연구소,120140451975,1,02_raw_data/kipris_patent_full/120140451975_page_001.json,2026-09-30T15:22:57.659Z,True
119981108964:001:023,1020190107247,SEL-076,삼현,119981108964,1,02_raw_data/kipris_patent_full/119981108964_page_001.json,2026-09-30T15:14:46.351Z,True
120130332921:001:012,1020190109824,SEL-032,센서피아,120130332921,1,02_raw_data/kipris_patent_full/120130332921_page_001.json,2026-09-30T15:06:33.650Z,True
119990263757:002:039,1020190113418,SEL-071,마크애니,119990263757,2,02_raw_data/kipris_patent_full/119990263757_page_002.json,2026-09-30T15:29:01.322Z,True
120190790667:002:069,1020190113546,SEL-047,웨이브로드,120190790667,2,02_raw_data/kipris_patent_full/120190790667_page_002.json,2026-09-30T15:26:40.319Z,True
119981108964:001:047,1020190116204,SEL-076,삼현,119981108964,1,02_raw_data/kipris_patent_full/119981108964_page_001.json,2026-09-30T15:14:46.351Z,True
120130332921:001:009,1020190116513,SEL-032,센서피아,120130332921,1,02_raw_data/kipris_patent_full/120130332921_page_001.json,2026-09-30T15:06:33.650Z,True
120100149207:001:005,1020190118797,SEL-004,솔빛시스템,120100149207,1,02_raw_data/kipris_patent_full/120100149207_page_001.json,2026-09-30T15:02:07.704Z,True
120040367533:001:015,1020190119296,SEL-051,소나테크,120040367533,1,02_raw_data/kipris_patent_full/120040367533_page_001.json,2026-09-30T15:08:47.197Z,True
120000572308:001:025,1020190121457,SEL-046,옵토웰,120000572308,1,02_raw_data/kipris_patent_full/120000572308_page_001.json,2026-09-30T15:26:16.022Z,True
120170012940:001:016,1020190122440,SEL-052,유뱃,120170012940,1,02_raw_data/kipris_patent_full/120170012940_page_001.json,2026-09-30T15:26:50.377Z,True
120040032146:001:005,1020190125300,SEL-035,심네트,120040032146,1,02_raw_data/kipris_patent_full/120040032146_page_001.json,2026-09-30T15:06:52.334Z,True
120140025378:001:003,1020190125662,SEL-001,ANH스트럭쳐,120140025378,1,02_raw_data/kipris_patent_full/120140025378_page_001.json,2026-09-30T14:59:26.805Z,True
120140451975:001:039,1020190128402,SEL-016,스탠다드시험연구소,120140451975,1,02_raw_data/kipris_patent_full/120140451975_page_001.json,2026-09-30T15:22:57.659Z,True
120190790667:002:088,1020190130828,SEL-047,웨이브로드,120190790667,2,02_raw_data/kipris_patent_full/120190790667_page_002.json,2026-09-30T15:26:40.319Z,True
119980992982:002:016,1020190131181,SEL-070,부전전자,119980992982,2,02_raw_data/kipris_patent_full/119980992982_page_002.json,2026-09-30T15:28:30.243Z,True
119980992982:001:004,1020190131965,SEL-070,부전전자,119980992982,1,02_raw_data/kipris_patent_full/119980992982_page_001.json,2026-09-30T15:28:25.879Z,True
119980992982:001:007,1020190131983,SEL-070,부전전자,119980992982,1,02_raw_data/kipris_patent_full/119980992982_page_001.json,2026-09-30T15:28:25.879Z,True
120100520372:001:012,1020190132195,SEL-014,네스앤텍,120100520372,1,02_raw_data/kipris_patent_full/120100520372_page_001.json,2026-09-30T15:04:27.081Z,True
120100520372:001:011,1020190132200,SEL-014,네스앤텍,120100520372,1,02_raw_data/kipris_patent_full/120100520372_page_001.json,2026-09-30T15:04:27.081Z,True
120160834252:002:001,1020190134227,SEL-009,에스오에스랩,120160834252,2,02_raw_data/kipris_patent_full/120160834252_page_002.json,2026-09-30T15:22:19.050Z,True
120170493817:001:008,1020190138676,SEL-008,RFHIC,120170493817,1,02_raw_data/kipris_patent_full/120170493817_page_001.json,2026-09-30T15:22:03.697Z,True
120000079535:001:002,1020190139584,SEL-039,코모텍,120000079535,1,02_raw_data/kipris_patent_full/120000079535_page_001.json,2026-09-30T15:07:09.023Z,True
120000079535:001:001,1020190139585,SEL-039,코모텍,120000079535,1,02_raw_data/kipris_patent_full/120000079535_page_001.json,2026-09-30T15:07:09.023Z,True
119990582540:001:057,1020190143653,SEL-021,코난테크놀로지,119990582540,1,02_raw_data/kipris_patent_full/119990582540_page_001.json,2026-09-30T15:23:09.237Z,True
120160834252:002:004,1020190144026,SEL-009,에스오에스랩,120160834252,2,02_raw_data/kipris_patent_full/120160834252_page_002.json,2026-09-30T15:22:19.050Z,True
120190282982:001:012,1020190144252,SEL-048,에이유,120190282982,1,02_raw_data/kipris_patent_full/120190282982_page_001.json,2026-09-30T15:08:19.908Z,True
120130036036:001:032,1020190144573,SEL-058,덕산넵코어스,120130036036,1,02_raw_data/kipris_patent_full/120130036036_page_001.json,2026-09-30T15:10:29.319Z,True
120130036036:001:031,1020190144574,SEL-058,덕산넵코어스,120130036036,1,02_raw_data/kipris_patent_full/120130036036_page_001.json,2026-09-30T15:10:29.319Z,True
120110075931:001:005,1020190144879,SEL-019,하나에이엠티,120110075931,1,02_raw_data/kipris_patent_full/120110075931_page_001.json,2026-09-30T15:04:59.392Z,True
120160256051:002:016,1020190145207,SEL-078,센서뷰,120160256051,2,02_raw_data/kipris_patent_full/120160256051_page_002.json,2026-09-30T15:29:45.308Z,True
120160256051:001:079,1020190145208,SEL-078,센서뷰,120160256051,1,02_raw_data/kipris_patent_full/120160256051_page_001.json,2026-09-30T15:29:41.938Z,True
120160256051:002:005,1020190145209,SEL-078,센서뷰,120160256051,2,02_raw_data/kipris_patent_full/120160256051_page_002.json,2026-09-30T15:29:45.308Z,True
120160256051:001:089,1020190145987,SEL-078,센서뷰,120160256051,1,02_raw_data/kipris_patent_full/120160256051_page_001.json,2026-09-30T15:29:41.938Z,True
119981108964:001:022,1020190146226,SEL-076,삼현,119981108964,1,02_raw_data/kipris_patent_full/119981108964_page_001.json,2026-09-30T15:14:46.351Z,True
119981108964:001:012,1020190146228,SEL-076,삼현,119981108964,1,02_raw_data/kipris_patent_full/119981108964_page_001.json,2026-09-30T15:14:46.351Z,True
120100400701:001:010,1020190147881,SEL-006,아이브스,120100400701,1,02_raw_data/kipris_patent_full/120100400701_page_001.json,2026-09-30T15:02:26.967Z,True
119990263757:001:045,1020190148338,SEL-071,마크애니,119990263757,1,02_raw_data/kipris_patent_full/119990263757_page_001.json,2026-09-30T15:28:56.695Z,True
120080209284:001:003,1020190148656,SEL-081,모아컴코리아,120080209284,1,02_raw_data/kipris_patent_full/120080209284_page_001.json,2026-09-30T15:15:46.057Z,True
120180510935:001:020,1020190148942,SEL-031,파블로항공,120180510935,1,02_raw_data/kipris_patent_full/120180510935_page_001.json,2026-09-30T15:06:28.194Z,True
120190282982:001:016,1020190149540,SEL-048,에이유,120190282982,1,02_raw_data/kipris_patent_full/120190282982_page_001.json,2026-09-30T15:08:19.908Z,True
120160256051:001:073,1020190150061,SEL-078,센서뷰,120160256051,1,02_raw_data/kipris_patent_full/120160256051_page_001.json,2026-09-30T15:29:41.938Z,True
120100400701:001:022,1020190150307,SEL-006,아이브스,120100400701,1,02_raw_data/kipris_patent_full/120100400701_page_001.json,2026-09-30T15:02:26.967Z,True
120030032210:001:027,1020190151235,SEL-068,인텔리빅스,120030032210,1,02_raw_data/kipris_patent_full/120030032210_page_001.json,2026-09-30T15:28:06.481Z,True
119990582540:001:014,1020190151430,SEL-021,코난테크놀로지,119990582540,1,02_raw_data/kipris_patent_full/119990582540_page_001.json,2026-09-30T15:23:09.237Z,True
120160834252:001:089,1020190151727,SEL-009,에스오에스랩,120160834252,1,02_raw_data/kipris_patent_full/120160834252_page_001.json,2026-09-30T15:22:14.632Z,True
120030032210:001:009,1020190152026,SEL-068,인텔리빅스,120030032210,1,02_raw_data/kipris_patent_full/120030032210_page_001.json,2026-09-30T15:28:06.481Z,True
120100149207:001:019,1020190152259,SEL-004,솔빛시스템,120100149207,1,02_raw_data/kipris_patent_full/120100149207_page_001.json,2026-09-30T15:02:07.704Z,True
120120324551:001:005,1020190153407,SEL-038,아이스펙,120120324551,1,02_raw_data/kipris_patent_full/120120324551_page_001.json,2026-09-30T15:07:05.454Z,True
120030032210:001:034,1020190153878,SEL-068,인텔리빅스,120030032210,1,02_raw_data/kipris_patent_full/120030032210_page_001.json,2026-09-30T15:28:06.481Z,True
119990263757:001:005,1020190153905,SEL-071,마크애니,119990263757,1,02_raw_data/kipris_patent_full/119990263757_page_001.json,2026-09-30T15:28:56.695Z,True
119981108964:001:046,1020190154974,SEL-076,삼현,119981108964,1,02_raw_data/kipris_patent_full/119981108964_page_001.json,2026-09-30T15:14:46.351Z,True
119981108964:001:053,1020190154976,SEL-076,삼현,119981108964,1,02_raw_data/kipris_patent_full/119981108964_page_001.json,2026-09-30T15:14:46.351Z,True
120140025378:001:013,1020190156700,SEL-001,ANH스트럭쳐,120140025378,1,02_raw_data/kipris_patent_full/120140025378_page_001.json,2026-09-30T14:59:26.805Z,True
120140025378:001:031,1020190156751,SEL-001,ANH스트럭쳐,120140025378,1,02_raw_data/kipris_patent_full/120140025378_page_001.json,2026-09-30T14:59:26.805Z,True
120140025378:001:037,1020190156812,SEL-001,ANH스트럭쳐,120140025378,1,02_raw_data/kipris_patent_full/120140025378_page_001.json,2026-09-30T14:59:26.805Z,True
120060312737:001:041,1020190156823,SEL-040,펀진,120060312737,1,02_raw_data/kipris_patent_full/120060312737_page_001.json,2026-09-30T15:24:29.954Z,True
120140025378:001:032,1020190156904,SEL-001,ANH스트럭쳐,120140025378,1,02_raw_data/kipris_patent_full/120140025378_page_001.json,2026-09-30T14:59:26.805Z,True
120100400701:001:004,1020190158210,SEL-006,아이브스,120100400701,1,02_raw_data/kipris_patent_full/120100400701_page_001.json,2026-09-30T15:02:26.967Z,True
120170013191:001:021,1020190158783,SEL-028,링크플로우,120170013191,1,02_raw_data/kipris_patent_full/120170013191_page_001.json,2026-09-30T15:06:05.002Z,True
120000469797:001:001,1020190159070,SEL-013,빅텍,120000469797,1,02_raw_data/kipris_patent_full/120000469797_page_001.json,2026-09-30T15:04:08.483Z,True
120030032210:001:023,1020190160358,SEL-068,인텔리빅스,120030032210,1,02_raw_data/kipris_patent_full/120030032210_page_001.json,2026-09-30T15:28:06.481Z,True
120190790667:001:021,1020190161050,SEL-047,웨이브로드,120190790667,1,02_raw_data/kipris_patent_full/120190790667_page_001.json,2026-09-30T15:26:35.321Z,True
120190790667:002:010,1020190161052,SEL-047,웨이브로드,120190790667,2,02_raw_data/kipris_patent_full/120190790667_page_002.json,2026-09-30T15:26:40.319Z,True
120190790667:001:035,1020190161053,SEL-047,웨이브로드,120190790667,1,02_raw_data/kipris_patent_full/120190790667_page_001.json,2026-09-30T15:26:35.321Z,True
120140025378:001:019,1020190161757,SEL-001,ANH스트럭쳐,120140025378,1,02_raw_data/kipris_patent_full/120140025378_page_001.json,2026-09-30T14:59:26.805Z,True
120130036036:001:026,1020190163631,SEL-058,덕산넵코어스,120130036036,1,02_raw_data/kipris_patent_full/120130036036_page_001.json,2026-09-30T15:10:29.319Z,True
119980992982:001:075,1020190164489,SEL-070,부전전자,119980992982,1,02_raw_data/kipris_patent_full/119980992982_page_001.json,2026-09-30T15:28:25.879Z,True
120080209284:001:013,1020190166606,SEL-081,모아컴코리아,120080209284,1,02_raw_data/kipris_patent_full/120080209284_page_001.json,2026-09-30T15:15:46.057Z,True
119990582540:001:028,1020190166956,SEL-021,코난테크놀로지,119990582540,1,02_raw_data/kipris_patent_full/119990582540_page_001.json,2026-09-30T15:23:09.237Z,True
120100400701:001:016,1020190168173,SEL-006,아이브스,120100400701,1,02_raw_data/kipris_patent_full/120100400701_page_001.json,2026-09-30T15:02:26.967Z,True
120160256051:002:004,1020190169269,SEL-078,센서뷰,120160256051,2,02_raw_data/kipris_patent_full/120160256051_page_002.json,2026-09-30T15:29:45.308Z,True
120050027351:001:001,1020190169329,SEL-003,제노코,120050027351,1,02_raw_data/kipris_patent_full/120050027351_page_001.json,2026-09-30T15:02:04.215Z,True
120160834252:001:056,1020190169501,SEL-009,에스오에스랩,120160834252,1,02_raw_data/kipris_patent_full/120160834252_page_001.json,2026-09-30T15:22:14.632Z,True
120140451975:001:006,1020190169758,SEL-016,스탠다드시험연구소,120140451975,1,02_raw_data/kipris_patent_full/120140451975_page_001.json,2026-09-30T15:22:57.659Z,True
119980992982:001:056,1020190170324,SEL-070,부전전자,119980992982,1,02_raw_data/kipris_patent_full/119980992982_page_001.json,2026-09-30T15:28:25.879Z,True
120160834252:001:047,1020190171660,SEL-009,에스오에스랩,120160834252,1,02_raw_data/kipris_patent_full/120160834252_page_001.json,2026-09-30T15:22:14.632Z,True
120110075931:001:008,1020190172597,SEL-019,하나에이엠티,120110075931,1,02_raw_data/kipris_patent_full/120110075931_page_001.json,2026-09-30T15:04:59.392Z,True
120160684045:001:003,1020190174269,SEL-024,웨이브피아,120160684045,1,02_raw_data/kipris_patent_full/120160684045_page_001.json,2026-09-30T15:05:46.995Z,True
119990263757:001:013,1020190174988,SEL-071,마크애니,119990263757,1,02_raw_data/kipris_patent_full/119990263757_page_001.json,2026-09-30T15:28:56.695Z,True
120170493817:001:006,1020190175158,SEL-008,RFHIC,120170493817,1,02_raw_data/kipris_patent_full/120170493817_page_001.json,2026-09-30T15:22:03.697Z,True
120150784556:001:006,1020190176528,SEL-027,컨트로맥스,120150784556,1,02_raw_data/kipris_patent_full/120150784556_page_001.json,2026-09-30T15:06:00.606Z,True
120190790667:001:027,1020190177108,SEL-047,웨이브로드,120190790667,1,02_raw_data/kipris_patent_full/120190790667_page_001.json,2026-09-30T15:26:35.321Z,True
120190790667:001:052,1020190177111,SEL-047,웨이브로드,120190790667,1,02_raw_data/kipris_patent_full/120190790667_page_001.json,2026-09-30T15:26:35.321Z,True
120190790667:002:063,1020190177113,SEL-047,웨이브로드,120190790667,2,02_raw_data/kipris_patent_full/120190790667_page_002.json,2026-09-30T15:26:40.319Z,True
120190790667:002:004,1020190177116,SEL-047,웨이브로드,120190790667,2,02_raw_data/kipris_patent_full/120190790667_page_002.json,2026-09-30T15:26:40.319Z,True
119990582540:001:079,1020190177119,SEL-021,코난테크놀로지,119990582540,1,02_raw_data/kipris_patent_full/119990582540_page_001.json,2026-09-30T15:23:09.237Z,True
119990263757:001:039,1020190177367,SEL-071,마크애니,119990263757,1,02_raw_data/kipris_patent_full/119990263757_page_001.json,2026-09-30T15:28:56.695Z,True
120170230641:001:065,1020190177596,SEL-059,버넥트,120170230641,1,02_raw_data/kipris_patent_full/120170230641_page_001.json,2026-09-30T15:27:25.051Z,True
120170230641:001:042,1020190177604,SEL-059,버넥트,120170230641,1,02_raw_data/kipris_patent_full/120170230641_page_001.json,2026-09-30T15:27:25.051Z,True
120180468784:001:072,1020190178014,SEL-074,딥엑스,120180468784,1,02_raw_data/kipris_patent_full/120180468784_page_001.json,2026-09-30T15:29:28.979Z,True
120170230641:001:046,1020190178664,SEL-059,버넥트,120170230641,1,02_raw_data/kipris_patent_full/120170230641_page_001.json,2026-09-30T15:27:25.051Z,True
120170230641:001:012,1020190178679,SEL-059,버넥트,120170230641,1,02_raw_data/kipris_patent_full/120170230641_page_001.json,2026-09-30T15:27:25.051Z,True
120160085076:001:008,1020190178757,SEL-072,써로마인드,120160085076,1,02_raw_data/kipris_patent_full/120160085076_page_001.json,2026-09-30T15:12:12.286Z,True
120160085076:001:006,1020190178758,SEL-072,써로마인드,120160085076,1,02_raw_data/kipris_patent_full/120160085076_page_001.json,2026-09-30T15:12:12.286Z,True
120170493817:001:032,1020190179215,SEL-008,RFHIC,120170493817,1,02_raw_data/kipris_patent_full/120170493817_page_001.json,2026-09-30T15:22:03.697Z,True
120170230641:001:043,1020190179224,SEL-059,버넥트,120170230641,1,02_raw_data/kipris_patent_full/120170230641_page_001.json,2026-09-30T15:27:25.051Z,True
120170230641:001:057,1020190179232,SEL-059,버넥트,120170230641,1,02_raw_data/kipris_patent_full/120170230641_page_001.json,2026-09-30T15:27:25.051Z,True
120170230641:001:027,1020190179249,SEL-059,버넥트,120170230641,1,02_raw_data/kipris_patent_full/120170230641_page_001.json,2026-09-30T15:27:25.051Z,True
120170230641:001:070,1020190179514,SEL-059,버넥트,120170230641,1,02_raw_data/kipris_patent_full/120170230641_page_001.json,2026-09-30T15:27:25.051Z,True
120170230641:001:017,1020190179754,SEL-059,버넥트,120170230641,1,02_raw_data/kipris_patent_full/120170230641_page_001.json,2026-09-30T15:27:25.051Z,True
120000218885:001:041,1020190179989,SEL-011,대한광통신,120000218885,1,02_raw_data/kipris_patent_full/120000218885_page_001.json,2026-09-30T15:22:28.790Z,True
120170230641:001:026,1020190179990,SEL-059,버넥트,120170230641,1,02_raw_data/kipris_patent_full/120170230641_page_001.json,2026-09-30T15:27:25.051Z,True
120000218885:001:055,1020190179995,SEL-011,대한광통신,120000218885,1,02_raw_data/kipris_patent_full/120000218885_page_001.json,2026-09-30T15:22:28.790Z,True
120000218885:001:058,1020190180003,SEL-011,대한광통신,120000218885,1,02_raw_data/kipris_patent_full/120000218885_page_001.json,2026-09-30T15:22:28.790Z,True
120000218885:001:007,1020190180007,SEL-011,대한광통신,120000218885,1,02_raw_data/kipris_patent_full/120000218885_page_001.json,2026-09-30T15:22:28.790Z,True
120170493817:001:012,1020197022609,SEL-008,RFHIC,120170493817,1,02_raw_data/kipris_patent_full/120170493817_page_001.json,2026-09-30T15:22:03.697Z,True
120170493817:001:026,1020197033159,SEL-008,RFHIC,120170493817,1,02_raw_data/kipris_patent_full/120170493817_page_001.json,2026-09-30T15:22:03.697Z,True
120180221908:001:084,1020200000256,SEL-044,마키나락스,120180221908,1,02_raw_data/kipris_patent_full/120180221908_page_001.json,2026-09-30T15:26:05.300Z,True
120180533683:001:008,1020200001206,SEL-042,모라이,120180533683,1,02_raw_data/kipris_patent_full/120180533683_page_001.json,2026-09-30T15:24:55.317Z,True
120120365459:001:005,1020200001274,SEL-020,루미르,120120365459,1,02_raw_data/kipris_patent_full/120120365459_page_001.json,2026-09-30T15:05:02.889Z,True
120120365459:001:006,1020200001278,SEL-020,루미르,120120365459,1,02_raw_data/kipris_patent_full/120120365459_page_001.json,2026-09-30T15:05:02.889Z,True
120100491643:001:005,1020200002367,SEL-049,포멀웍스,120100491643,1,02_raw_data/kipris_patent_full/120100491643_page_001.json,2026-09-30T15:08:23.879Z,True
120070411804:001:012,1020200002752,SEL-036,솔탑,120070411804,1,02_raw_data/kipris_patent_full/120070411804_page_001.json,2026-09-30T15:24:20.530Z,True
120190790667:002:026,1020200002810,SEL-047,웨이브로드,120190790667,2,02_raw_data/kipris_patent_full/120190790667_page_002.json,2026-09-30T15:26:40.319Z,True
120190790667:001:041,1020200002811,SEL-047,웨이브로드,120190790667,1,02_raw_data/kipris_patent_full/120190790667_page_001.json,2026-09-30T15:26:35.321Z,True
120190790667:001:028,1020200002812,SEL-047,웨이브로드,120190790667,1,02_raw_data/kipris_patent_full/120190790667_page_001.json,2026-09-30T15:26:35.321Z,True
120190790667:001:044,1020200002813,SEL-047,웨이브로드,120190790667,1,02_raw_data/kipris_patent_full/120190790667_page_001.json,2026-09-30T15:26:35.321Z,True
120180068537:001:010,1020200003931,SEL-043,코클,120180068537,1,02_raw_data/kipris_patent_full/120180068537_page_001.json,2026-09-30T15:07:35.530Z,True
120130036036:001:022,1020200004468,SEL-058,덕산넵코어스,120130036036,1,02_raw_data/kipris_patent_full/120130036036_page_001.json,2026-09-30T15:10:29.319Z,True
120160461924:001:002,1020200004563,SEL-050,유비파이,120160461924,1,02_raw_data/kipris_patent_full/120160461924_page_001.json,2026-09-30T15:08:43.064Z,True
120160894020:001:022,1020200007132,SEL-034,아이디케이,120160894020,1,02_raw_data/kipris_patent_full/120160894020_page_001.json,2026-09-30T15:06:37.982Z,True
120190282982:001:015,1020200010251,SEL-048,에이유,120190282982,1,02_raw_data/kipris_patent_full/120190282982_page_001.json,2026-09-30T15:08:19.908Z,True
120160461924:001:004,1020200013428,SEL-050,유비파이,120160461924,1,02_raw_data/kipris_patent_full/120160461924_page_001.json,2026-09-30T15:08:43.064Z,True
120170012940:001:035,1020200013505,SEL-052,유뱃,120170012940,1,02_raw_data/kipris_patent_full/120170012940_page_001.json,2026-09-30T15:26:50.377Z,True
120170012940:001:034,1020200013522,SEL-052,유뱃,120170012940,1,02_raw_data/kipris_patent_full/120170012940_page_001.json,2026-09-30T15:26:50.377Z,True
120170493817:001:053,1020200014442,SEL-008,RFHIC,120170493817,1,02_raw_data/kipris_patent_full/120170493817_page_001.json,2026-09-30T15:22:03.697Z,True
120170012940:001:014,1020200014718,SEL-052,유뱃,120170012940,1,02_raw_data/kipris_patent_full/120170012940_page_001.json,2026-09-30T15:26:50.377Z,True
120160834252:001:057,1020200015002,SEL-009,에스오에스랩,120160834252,1,02_raw_data/kipris_patent_full/120160834252_page_001.json,2026-09-30T15:22:14.632Z,True
120000218885:001:057,1020200017465,SEL-011,대한광통신,120000218885,1,02_raw_data/kipris_patent_full/120000218885_page_001.json,2026-09-30T15:22:28.790Z,True
120030032210:001:017,1020200017666,SEL-068,인텔리빅스,120030032210,1,02_raw_data/kipris_patent_full/120030032210_page_001.json,2026-09-30T15:28:06.481Z,True
119980992982:001:005,1020200020448,SEL-070,부전전자,119980992982,1,02_raw_data/kipris_patent_full/119980992982_page_001.json,2026-09-30T15:28:25.879Z,True
120160256051:002:002,1020200021343,SEL-078,센서뷰,120160256051,2,02_raw_data/kipris_patent_full/120160256051_page_002.json,2026-09-30T15:29:45.308Z,True
120190868043:001:028,1020200022206,SEL-005,에스아이에이,120190868043,1,02_raw_data/kipris_patent_full/120190868043_page_001.json,2026-09-30T15:20:09.084Z,True
120190868043:001:029,1020200022207,SEL-005,에스아이에이,120190868043,1,02_raw_data/kipris_patent_full/120190868043_page_001.json,2026-09-30T15:20:09.084Z,True
120180221908:001:028,1020200022451,SEL-044,마키나락스,120180221908,1,02_raw_data/kipris_patent_full/120180221908_page_001.json,2026-09-30T15:26:05.300Z,True
120180221908:001:019,1020200022452,SEL-044,마키나락스,120180221908,1,02_raw_data/kipris_patent_full/120180221908_page_001.json,2026-09-30T15:26:05.300Z,True
120180221908:001:080,1020200022453,SEL-044,마키나락스,120180221908,1,02_raw_data/kipris_patent_full/120180221908_page_001.json,2026-09-30T15:26:05.300Z,True
120180221908:001:037,1020200022501,SEL-044,마키나락스,120180221908,1,02_raw_data/kipris_patent_full/120180221908_page_001.json,2026-09-30T15:26:05.300Z,True
120180221908:001:010,1020200022587,SEL-044,마키나락스,120180221908,1,02_raw_data/kipris_patent_full/120180221908_page_001.json,2026-09-30T15:26:05.300Z,True
120130332921:001:020,1020200023708,SEL-032,센서피아,120130332921,1,02_raw_data/kipris_patent_full/120130332921_page_001.json,2026-09-30T15:06:33.650Z,True
120160256051:001:063,1020200024374,SEL-078,센서뷰,120160256051,1,02_raw_data/kipris_patent_full/120160256051_page_001.json,2026-09-30T15:29:41.938Z,True
120180510935:001:017,1020200024795,SEL-031,파블로항공,120180510935,1,02_raw_data/kipris_patent_full/120180510935_page_001.json,2026-09-30T15:06:28.194Z,True
120160684045:001:007,1020200025184,SEL-024,웨이브피아,120160684045,1,02_raw_data/kipris_patent_full/120160684045_page_001.json,2026-09-30T15:05:46.995Z,True
120160684045:001:006,1020200025185,SEL-024,웨이브피아,120160684045,1,02_raw_data/kipris_patent_full/120160684045_page_001.json,2026-09-30T15:05:46.995Z,True
120160834252:001:068,1020200025274,SEL-009,에스오에스랩,120160834252,1,02_raw_data/kipris_patent_full/120160834252_page_001.json,2026-09-30T15:22:14.632Z,True
120160834252:001:060,1020200025275,SEL-009,에스오에스랩,120160834252,1,02_raw_data/kipris_patent_full/120160834252_page_001.json,2026-09-30T15:22:14.632Z,True
120160834252:001:067,1020200025574,SEL-009,에스오에스랩,120160834252,1,02_raw_data/kipris_patent_full/120160834252_page_001.json,2026-09-30T15:22:14.632Z,True
120180468784:001:082,1020200025961,SEL-074,딥엑스,120180468784,1,02_raw_data/kipris_patent_full/120180468784_page_001.json,2026-09-30T15:29:28.979Z,True
120190790667:001:024,1020200028465,SEL-047,웨이브로드,120190790667,1,02_raw_data/kipris_patent_full/120190790667_page_001.json,2026-09-30T15:26:35.321Z,True
120190790667:002:028,1020200028468,SEL-047,웨이브로드,120190790667,2,02_raw_data/kipris_patent_full/120190790667_page_002.json,2026-09-30T15:26:40.319Z,True
120190790667:002:012,1020200028473,SEL-047,웨이브로드,120190790667,2,02_raw_data/kipris_patent_full/120190790667_page_002.json,2026-09-30T15:26:40.319Z,True
120180068537:001:008,1020200031064,SEL-043,코클,120180068537,1,02_raw_data/kipris_patent_full/120180068537_page_001.json,2026-09-30T15:07:35.530Z,True
120160256051:001:050,1020200031261,SEL-078,센서뷰,120160256051,1,02_raw_data/kipris_patent_full/120160256051_page_001.json,2026-09-30T15:29:41.938Z,True
120160684045:001:005,1020200031838,SEL-024,웨이브피아,120160684045,1,02_raw_data/kipris_patent_full/120160684045_page_001.json,2026-09-30T15:05:46.995Z,True
120150512756:001:032,1020200033718,SEL-030,니어스랩,120150512756,1,02_raw_data/kipris_patent_full/120150512756_page_001.json,2026-09-30T15:24:05.144Z,True
120180068537:001:007,1020200034136,SEL-043,코클,120180068537,1,02_raw_data/kipris_patent_full/120180068537_page_001.json,2026-09-30T15:07:35.530Z,True
120190868043:001:036,1020200035836,SEL-005,에스아이에이,120190868043,1,02_raw_data/kipris_patent_full/120190868043_page_001.json,2026-09-30T15:20:09.084Z,True
120190868043:001:006,1020200036893,SEL-005,에스아이에이,120190868043,1,02_raw_data/kipris_patent_full/120190868043_page_001.json,2026-09-30T15:20:09.084Z,True
120080209284:001:005,1020200036909,SEL-081,모아컴코리아,120080209284,1,02_raw_data/kipris_patent_full/120080209284_page_001.json,2026-09-30T15:15:46.057Z,True
120080209284:001:004,1020200036910,SEL-081,모아컴코리아,120080209284,1,02_raw_data/kipris_patent_full/120080209284_page_001.json,2026-09-30T15:15:46.057Z,True
120130036036:001:023,1020200037283,SEL-058,덕산넵코어스,120130036036,1,02_raw_data/kipris_patent_full/120130036036_page_001.json,2026-09-30T15:10:29.319Z,True
120100400701:001:014,1020200037299,SEL-006,아이브스,120100400701,1,02_raw_data/kipris_patent_full/120100400701_page_001.json,2026-09-30T15:02:26.967Z,True
120200109241:001:005,1020200038801,SEL-054,패리티,120200109241,1,02_raw_data/kipris_patent_full/120200109241_page_001.json,2026-09-30T15:26:59.124Z,True
120200109241:001:001,1020200038808,SEL-054,패리티,120200109241,1,02_raw_data/kipris_patent_full/120200109241_page_001.json,2026-09-30T15:26:59.124Z,True
120200109241:001:020,1020200038825,SEL-054,패리티,120200109241,1,02_raw_data/kipris_patent_full/120200109241_page_001.json,2026-09-30T15:26:59.124Z,True
120200109241:001:023,1020200038854,SEL-054,패리티,120200109241,1,02_raw_data/kipris_patent_full/120200109241_page_001.json,2026-09-30T15:26:59.124Z,True
120190790667:002:061,1020200040306,SEL-047,웨이브로드,120190790667,2,02_raw_data/kipris_patent_full/120190790667_page_002.json,2026-09-30T15:26:40.319Z,True
120130036036:001:024,1020200040466,SEL-058,덕산넵코어스,120130036036,1,02_raw_data/kipris_patent_full/120130036036_page_001.json,2026-09-30T15:10:29.319Z,True
120200109241:001:002,1020200040646,SEL-054,패리티,120200109241,1,02_raw_data/kipris_patent_full/120200109241_page_001.json,2026-09-30T15:26:59.124Z,True
120180510935:001:007,1020200040922,SEL-031,파블로항공,120180510935,1,02_raw_data/kipris_patent_full/120180510935_page_001.json,2026-09-30T15:06:28.194Z,True
120200109241:001:016,1020200041371,SEL-054,패리티,120200109241,1,02_raw_data/kipris_patent_full/120200109241_page_001.json,2026-09-30T15:26:59.124Z,True
120180221908:001:005,1020200041480,SEL-044,마키나락스,120180221908,1,02_raw_data/kipris_patent_full/120180221908_page_001.json,2026-09-30T15:26:05.300Z,True
120130332921:001:008,1020200042083,SEL-032,센서피아,120130332921,1,02_raw_data/kipris_patent_full/120130332921_page_001.json,2026-09-30T15:06:33.650Z,True
120160834252:001:081,1020200043639,SEL-009,에스오에스랩,120160834252,1,02_raw_data/kipris_patent_full/120160834252_page_001.json,2026-09-30T15:22:14.632Z,True
120190790667:001:062,1020200045508,SEL-047,웨이브로드,120190790667,1,02_raw_data/kipris_patent_full/120190790667_page_001.json,2026-09-30T15:26:35.321Z,True
120190790667:001:060,1020200045510,SEL-047,웨이브로드,120190790667,1,02_raw_data/kipris_patent_full/120190790667_page_001.json,2026-09-30T15:26:35.321Z,True
120160684045:001:019,1020200046034,SEL-024,웨이브피아,120160684045,1,02_raw_data/kipris_patent_full/120160684045_page_001.json,2026-09-30T15:05:46.995Z,True
120180510935:001:015,1020200046930,SEL-031,파블로항공,120180510935,1,02_raw_data/kipris_patent_full/120180510935_page_001.json,2026-09-30T15:06:28.194Z,True
119990582540:001:018,1020200047671,SEL-021,코난테크놀로지,119990582540,1,02_raw_data/kipris_patent_full/119990582540_page_001.json,2026-09-30T15:23:09.237Z,True
120200109241:001:031,1020200048056,SEL-054,패리티,120200109241,1,02_raw_data/kipris_patent_full/120200109241_page_001.json,2026-09-30T15:26:59.124Z,True
120160834252:001:044,1020200048870,SEL-009,에스오에스랩,120160834252,1,02_raw_data/kipris_patent_full/120160834252_page_001.json,2026-09-30T15:22:14.632Z,True
120140451975:001:035,1020200048908,SEL-016,스탠다드시험연구소,120140451975,1,02_raw_data/kipris_patent_full/120140451975_page_001.json,2026-09-30T15:22:57.659Z,True
120000218885:001:013,1020200049299,SEL-011,대한광통신,120000218885,1,02_raw_data/kipris_patent_full/120000218885_page_001.json,2026-09-30T15:22:28.790Z,True
120140451975:001:056,1020200049321,SEL-016,스탠다드시험연구소,120140451975,1,02_raw_data/kipris_patent_full/120140451975_page_001.json,2026-09-30T15:22:57.659Z,True
120160256051:001:031,1020200049475,SEL-078,센서뷰,120160256051,1,02_raw_data/kipris_patent_full/120160256051_page_001.json,2026-09-30T15:29:41.938Z,True
120170493817:001:019,1020200049546,SEL-008,RFHIC,120170493817,1,02_raw_data/kipris_patent_full/120170493817_page_001.json,2026-09-30T15:22:03.697Z,True
120180221908:001:060,1020200049902,SEL-044,마키나락스,120180221908,1,02_raw_data/kipris_patent_full/120180221908_page_001.json,2026-09-30T15:26:05.300Z,True
119980992982:001:045,1020200050462,SEL-070,부전전자,119980992982,1,02_raw_data/kipris_patent_full/119980992982_page_001.json,2026-09-30T15:28:25.879Z,True
119990582540:001:074,1020200050489,SEL-021,코난테크놀로지,119990582540,1,02_raw_data/kipris_patent_full/119990582540_page_001.json,2026-09-30T15:23:09.237Z,True
120170493817:001:017,1020200050624,SEL-008,RFHIC,120170493817,1,02_raw_data/kipris_patent_full/120170493817_page_001.json,2026-09-30T15:22:03.697Z,True
120160684045:001:030,1020200051522,SEL-024,웨이브피아,120160684045,1,02_raw_data/kipris_patent_full/120160684045_page_001.json,2026-09-30T15:05:46.995Z,True
120170493817:001:022,1020200052518,SEL-008,RFHIC,120170493817,1,02_raw_data/kipris_patent_full/120170493817_page_001.json,2026-09-30T15:22:03.697Z,True
119980992982:002:010,1020200052978,SEL-070,부전전자,119980992982,2,02_raw_data/kipris_patent_full/119980992982_page_002.json,2026-09-30T15:28:30.243Z,True
119980992982:001:014,1020200052979,SEL-070,부전전자,119980992982,1,02_raw_data/kipris_patent_full/119980992982_page_001.json,2026-09-30T15:28:25.879Z,True
120160256051:001:077,1020200053708,SEL-078,센서뷰,120160256051,1,02_raw_data/kipris_patent_full/120160256051_page_001.json,2026-09-30T15:29:41.938Z,True
119980992982:001:087,1020200054588,SEL-070,부전전자,119980992982,1,02_raw_data/kipris_patent_full/119980992982_page_001.json,2026-09-30T15:28:25.879Z,True
120190790667:001:032,1020200055234,SEL-047,웨이브로드,120190790667,1,02_raw_data/kipris_patent_full/120190790667_page_001.json,2026-09-30T15:26:35.321Z,True
119980992982:001:044,1020200058522,SEL-070,부전전자,119980992982,1,02_raw_data/kipris_patent_full/119980992982_page_001.json,2026-09-30T15:28:25.879Z,True
120160834252:002:045,1020200061856,SEL-009,에스오에스랩,120160834252,2,02_raw_data/kipris_patent_full/120160834252_page_002.json,2026-09-30T15:22:19.050Z,True
120160256051:001:088,1020200062337,SEL-078,센서뷰,120160256051,1,02_raw_data/kipris_patent_full/120160256051_page_001.json,2026-09-30T15:29:41.938Z,True
120160256051:001:064,1020200062338,SEL-078,센서뷰,120160256051,1,02_raw_data/kipris_patent_full/120160256051_page_001.json,2026-09-30T15:29:41.938Z,True
119980992982:001:086,1020200064238,SEL-070,부전전자,119980992982,1,02_raw_data/kipris_patent_full/119980992982_page_001.json,2026-09-30T15:28:25.879Z,True
119980992982:001:062,1020200064245,SEL-070,부전전자,119980992982,1,02_raw_data/kipris_patent_full/119980992982_page_001.json,2026-09-30T15:28:25.879Z,True
119980992982:001:085,1020200064258,SEL-070,부전전자,119980992982,1,02_raw_data/kipris_patent_full/119980992982_page_001.json,2026-09-30T15:28:25.879Z,True
119980992982:001:061,1020200064265,SEL-070,부전전자,119980992982,1,02_raw_data/kipris_patent_full/119980992982_page_001.json,2026-09-30T15:28:25.879Z,True
120000572308:001:040,1020200064900,SEL-046,옵토웰,120000572308,1,02_raw_data/kipris_patent_full/120000572308_page_001.json,2026-09-30T15:26:16.022Z,True
120170129445:001:008,1020200065111,SEL-065,나라스페이스 테크놀로지,120170129445,1,02_raw_data/kipris_patent_full/120170129445_page_001.json,2026-09-30T15:11:02.513Z,True
120180068537:001:006,1020200067150,SEL-043,코클,120180068537,1,02_raw_data/kipris_patent_full/120180068537_page_001.json,2026-09-30T15:07:35.530Z,True
120100491643:001:008,1020200067247,SEL-049,포멀웍스,120100491643,1,02_raw_data/kipris_patent_full/120100491643_page_001.json,2026-09-30T15:08:23.879Z,True
120190790667:001:064,1020200068504,SEL-047,웨이브로드,120190790667,1,02_raw_data/kipris_patent_full/120190790667_page_001.json,2026-09-30T15:26:35.321Z,True
120190868043:001:024,1020200068889,SEL-005,에스아이에이,120190868043,1,02_raw_data/kipris_patent_full/120190868043_page_001.json,2026-09-30T15:20:09.084Z,True
120030032210:001:024,1020200070786,SEL-068,인텔리빅스,120030032210,1,02_raw_data/kipris_patent_full/120030032210_page_001.json,2026-09-30T15:28:06.481Z,True
120200109241:001:021,1020200071083,SEL-054,패리티,120200109241,1,02_raw_data/kipris_patent_full/120200109241_page_001.json,2026-09-30T15:26:59.124Z,True
120160256051:001:076,1020200071304,SEL-078,센서뷰,120160256051,1,02_raw_data/kipris_patent_full/120160256051_page_001.json,2026-09-30T15:29:41.938Z,True
120130036036:001:037,1020200071432,SEL-058,덕산넵코어스,120130036036,1,02_raw_data/kipris_patent_full/120130036036_page_001.json,2026-09-30T15:10:29.319Z,True
120000444501:001:008,1020200072537,SEL-064,극동통신,120000444501,1,02_raw_data/kipris_patent_full/120000444501_page_001.json,2026-09-30T15:10:47.532Z,True
120010011066:001:079,1020200073440,SEL-060,이오시스템,120010011066,1,02_raw_data/kipris_patent_full/120010011066_page_001.json,2026-09-30T15:27:37.204Z,True
120010011066:001:083,1020200073442,SEL-060,이오시스템,120010011066,1,02_raw_data/kipris_patent_full/120010011066_page_001.json,2026-09-30T15:27:37.204Z,True
120180068537:001:005,1020200075196,SEL-043,코클,120180068537,1,02_raw_data/kipris_patent_full/120180068537_page_001.json,2026-09-30T15:07:35.530Z,True
120180184433:001:004,1020200075628,SEL-045,퓨리오사에이아이,120180184433,1,02_raw_data/kipris_patent_full/120180184433_page_001.json,2026-09-30T15:07:57.321Z,True
120180184433:001:005,1020200075629,SEL-045,퓨리오사에이아이,120180184433,1,02_raw_data/kipris_patent_full/120180184433_page_001.json,2026-09-30T15:07:57.321Z,True
120170129445:001:002,1020200076155,SEL-065,나라스페이스 테크놀로지,120170129445,1,02_raw_data/kipris_patent_full/120170129445_page_001.json,2026-09-30T15:11:02.513Z,True
120180468784:001:026,1020200077480,SEL-074,딥엑스,120180468784,1,02_raw_data/kipris_patent_full/120180468784_page_001.json,2026-09-30T15:29:28.979Z,True
120190868043:001:033,1020200078029,SEL-005,에스아이에이,120190868043,1,02_raw_data/kipris_patent_full/120190868043_page_001.json,2026-09-30T15:20:09.084Z,True
120180510935:001:030,1020200078374,SEL-031,파블로항공,120180510935,1,02_raw_data/kipris_patent_full/120180510935_page_001.json,2026-09-30T15:06:28.194Z,True
120140451975:001:028,1020200078433,SEL-016,스탠다드시험연구소,120140451975,1,02_raw_data/kipris_patent_full/120140451975_page_001.json,2026-09-30T15:22:57.659Z,True
120170012940:001:031,1020200079089,SEL-052,유뱃,120170012940,1,02_raw_data/kipris_patent_full/120170012940_page_001.json,2026-09-30T15:26:50.377Z,True
120000497105:001:002,1020200081561,SEL-015,아이블포토닉스,120000497105,1,02_raw_data/kipris_patent_full/120000497105_page_001.json,2026-09-30T15:22:44.285Z,True
120180221908:001:023,1020200081579,SEL-044,마키나락스,120180221908,1,02_raw_data/kipris_patent_full/120180221908_page_001.json,2026-09-30T15:26:05.300Z,True
119980992982:001:037,1020200085242,SEL-070,부전전자,119980992982,1,02_raw_data/kipris_patent_full/119980992982_page_001.json,2026-09-30T15:28:25.879Z,True
120190790667:002:027,1020200085428,SEL-047,웨이브로드,120190790667,2,02_raw_data/kipris_patent_full/120190790667_page_002.json,2026-09-30T15:26:40.319Z,True
120170230641:001:016,1020200089146,SEL-059,버넥트,120170230641,1,02_raw_data/kipris_patent_full/120170230641_page_001.json,2026-09-30T15:27:25.051Z,True
120000218885:001:050,1020200089680,SEL-011,대한광통신,120000218885,1,02_raw_data/kipris_patent_full/120000218885_page_001.json,2026-09-30T15:22:28.790Z,True
120140451975:001:040,1020200092249,SEL-016,스탠다드시험연구소,120140451975,1,02_raw_data/kipris_patent_full/120140451975_page_001.json,2026-09-30T15:22:57.659Z,True
120200109241:001:022,1020200093600,SEL-054,패리티,120200109241,1,02_raw_data/kipris_patent_full/120200109241_page_001.json,2026-09-30T15:26:59.124Z,True
120000444501:001:005,1020200095825,SEL-064,극동통신,120000444501,1,02_raw_data/kipris_patent_full/120000444501_page_001.json,2026-09-30T15:10:47.532Z,True
120150784556:001:007,1020200095895,SEL-027,컨트로맥스,120150784556,1,02_raw_data/kipris_patent_full/120150784556_page_001.json,2026-09-30T15:06:00.606Z,True
120160834252:001:051,1020200096351,SEL-009,에스오에스랩,120160834252,1,02_raw_data/kipris_patent_full/120160834252_page_001.json,2026-09-30T15:22:14.632Z,True
120160834252:001:054,1020200096822,SEL-009,에스오에스랩,120160834252,1,02_raw_data/kipris_patent_full/120160834252_page_001.json,2026-09-30T15:22:14.632Z,True
120170012940:001:027,1020200097308,SEL-052,유뱃,120170012940,1,02_raw_data/kipris_patent_full/120170012940_page_001.json,2026-09-30T15:26:50.377Z,True
120140451975:001:001,1020200100285,SEL-016,스탠다드시험연구소,120140451975,1,02_raw_data/kipris_patent_full/120140451975_page_001.json,2026-09-30T15:22:57.659Z,True
119990263757:002:074,1020200100972,SEL-071,마크애니,119990263757,2,02_raw_data/kipris_patent_full/119990263757_page_002.json,2026-09-30T15:29:01.322Z,True
120130036036:001:012,1020200101502,SEL-058,덕산넵코어스,120130036036,1,02_raw_data/kipris_patent_full/120130036036_page_001.json,2026-09-30T15:10:29.319Z,True
120170493817:001:009,1020200102847,SEL-008,RFHIC,120170493817,1,02_raw_data/kipris_patent_full/120170493817_page_001.json,2026-09-30T15:22:03.697Z,True
120190790667:002:083,1020200103156,SEL-047,웨이브로드,120190790667,2,02_raw_data/kipris_patent_full/120190790667_page_002.json,2026-09-30T15:26:40.319Z,True
119980992982:002:015,1020200103638,SEL-070,부전전자,119980992982,2,02_raw_data/kipris_patent_full/119980992982_page_002.json,2026-09-30T15:28:30.243Z,True
120130179229:001:002,1020200103784,SEL-053,아이티사이언스,120130179229,1,02_raw_data/kipris_patent_full/120130179229_page_001.json,2026-09-30T15:08:56.724Z,True
120160256051:002:014,1020200104306,SEL-078,센서뷰,120160256051,2,02_raw_data/kipris_patent_full/120160256051_page_002.json,2026-09-30T15:29:45.308Z,True
120160256051:001:030,1020200105015,SEL-078,센서뷰,120160256051,1,02_raw_data/kipris_patent_full/120160256051_page_001.json,2026-09-30T15:29:41.938Z,True
120110075931:001:006,1020200105174,SEL-019,하나에이엠티,120110075931,1,02_raw_data/kipris_patent_full/120110075931_page_001.json,2026-09-30T15:04:59.392Z,True
120020328376:001:009,1020200105445,SEL-002,단암시스템즈,120020328376,1,02_raw_data/kipris_patent_full/120020328376_page_001.json,2026-09-30T15:02:00.539Z,True
119980992982:001:084,1020200106018,SEL-070,부전전자,119980992982,1,02_raw_data/kipris_patent_full/119980992982_page_001.json,2026-09-30T15:28:25.879Z,True
120160834252:001:007,1020200108814,SEL-009,에스오에스랩,120160834252,1,02_raw_data/kipris_patent_full/120160834252_page_001.json,2026-09-30T15:22:14.632Z,True
120140451975:001:054,1020200109817,SEL-016,스탠다드시험연구소,120140451975,1,02_raw_data/kipris_patent_full/120140451975_page_001.json,2026-09-30T15:22:57.659Z,True
120190868043:001:016,1020200109820,SEL-005,에스아이에이,120190868043,1,02_raw_data/kipris_patent_full/120190868043_page_001.json,2026-09-30T15:20:09.084Z,True
120180468784:001:058,1020200110330,SEL-074,딥엑스,120180468784,1,02_raw_data/kipris_patent_full/120180468784_page_001.json,2026-09-30T15:29:28.979Z,True
120160834252:002:019,1020200112084,SEL-009,에스오에스랩,120160834252,2,02_raw_data/kipris_patent_full/120160834252_page_002.json,2026-09-30T15:22:19.050Z,True
120160834252:002:020,1020200112085,SEL-009,에스오에스랩,120160834252,2,02_raw_data/kipris_patent_full/120160834252_page_002.json,2026-09-30T15:22:19.050Z,True
120160834252:002:002,1020200112086,SEL-009,에스오에스랩,120160834252,2,02_raw_data/kipris_patent_full/120160834252_page_002.json,2026-09-30T15:22:19.050Z,True
120160834252:001:025,1020200112473,SEL-009,에스오에스랩,120160834252,1,02_raw_data/kipris_patent_full/120160834252_page_001.json,2026-09-30T15:22:14.632Z,True
120010011066:001:025,1020200112585,SEL-060,이오시스템,120010011066,1,02_raw_data/kipris_patent_full/120010011066_page_001.json,2026-09-30T15:27:37.204Z,True
120190790667:002:008,1020200113288,SEL-047,웨이브로드,120190790667,2,02_raw_data/kipris_patent_full/120190790667_page_002.json,2026-09-30T15:26:40.319Z,True
120190790667:002:065,1020200113291,SEL-047,웨이브로드,120190790667,2,02_raw_data/kipris_patent_full/120190790667_page_002.json,2026-09-30T15:26:40.319Z,True
120140451975:001:042,1020200113349,SEL-016,스탠다드시험연구소,120140451975,1,02_raw_data/kipris_patent_full/120140451975_page_001.json,2026-09-30T15:22:57.659Z,True
120180068537:001:001,1020200113961,SEL-043,코클,120180068537,1,02_raw_data/kipris_patent_full/120180068537_page_001.json,2026-09-30T15:07:35.530Z,True
120160684045:001:029,1020200116963,SEL-024,웨이브피아,120160684045,1,02_raw_data/kipris_patent_full/120160684045_page_001.json,2026-09-30T15:05:46.995Z,True
120200109241:001:018,1020200120875,SEL-054,패리티,120200109241,1,02_raw_data/kipris_patent_full/120200109241_page_001.json,2026-09-30T15:26:59.124Z,True
120150512756:001:062,1020200122037,SEL-030,니어스랩,120150512756,1,02_raw_data/kipris_patent_full/120150512756_page_001.json,2026-09-30T15:24:05.144Z,True
120020328376:001:023,1020200122133,SEL-002,단암시스템즈,120020328376,1,02_raw_data/kipris_patent_full/120020328376_page_001.json,2026-09-30T15:02:00.539Z,True
120060312737:001:035,1020200122894,SEL-040,펀진,120060312737,1,02_raw_data/kipris_patent_full/120060312737_page_001.json,2026-09-30T15:24:29.954Z,True
120190868043:001:025,1020200126707,SEL-005,에스아이에이,120190868043,1,02_raw_data/kipris_patent_full/120190868043_page_001.json,2026-09-30T15:20:09.084Z,True
120190790667:001:054,1020200129967,SEL-047,웨이브로드,120190790667,1,02_raw_data/kipris_patent_full/120190790667_page_001.json,2026-09-30T15:26:35.321Z,True
120000407777:001:018,1020200130114,SEL-082,이루온,120000407777,1,02_raw_data/kipris_patent_full/120000407777_page_001.json,2026-09-30T15:30:04.874Z,True
119980992982:001:064,1020200131496,SEL-070,부전전자,119980992982,1,02_raw_data/kipris_patent_full/119980992982_page_001.json,2026-09-30T15:28:25.879Z,True
119980992982:002:014,1020200132264,SEL-070,부전전자,119980992982,2,02_raw_data/kipris_patent_full/119980992982_page_002.json,2026-09-30T15:28:30.243Z,True
119980992982:001:066,1020200133990,SEL-070,부전전자,119980992982,1,02_raw_data/kipris_patent_full/119980992982_page_001.json,2026-09-30T15:28:25.879Z,True
120140451975:001:009,1020200135555,SEL-016,스탠다드시험연구소,120140451975,1,02_raw_data/kipris_patent_full/120140451975_page_001.json,2026-09-30T15:22:57.659Z,True
119980992982:001:068,1020200136359,SEL-070,부전전자,119980992982,1,02_raw_data/kipris_patent_full/119980992982_page_001.json,2026-09-30T15:28:25.879Z,True
120130036036:001:005,1020200136515,SEL-058,덕산넵코어스,120130036036,1,02_raw_data/kipris_patent_full/120130036036_page_001.json,2026-09-30T15:10:29.319Z,True
120190282982:001:014,1020200136581,SEL-048,에이유,120190282982,1,02_raw_data/kipris_patent_full/120190282982_page_001.json,2026-09-30T15:08:19.908Z,True
120190282982:001:018,1020200136582,SEL-048,에이유,120190282982,1,02_raw_data/kipris_patent_full/120190282982_page_001.json,2026-09-30T15:08:19.908Z,True
120190282982:001:019,1020200136583,SEL-048,에이유,120190282982,1,02_raw_data/kipris_patent_full/120190282982_page_001.json,2026-09-30T15:08:19.908Z,True
120160256051:001:054,1020200139380,SEL-078,센서뷰,120160256051,1,02_raw_data/kipris_patent_full/120160256051_page_001.json,2026-09-30T15:29:41.938Z,True
120160256051:001:078,1020200141372,SEL-078,센서뷰,120160256051,1,02_raw_data/kipris_patent_full/120160256051_page_001.json,2026-09-30T15:29:41.938Z,True
120200973794:001:018,1020200141699,SEL-080,비이아이랩,120200973794,1,02_raw_data/kipris_patent_full/120200973794_page_001.json,2026-09-30T15:15:41.477Z,True
120190868043:001:052,1020200141901,SEL-005,에스아이에이,120190868043,1,02_raw_data/kipris_patent_full/120190868043_page_001.json,2026-09-30T15:20:09.084Z,True
120190790667:001:063,1020200142041,SEL-047,웨이브로드,120190790667,1,02_raw_data/kipris_patent_full/120190790667_page_001.json,2026-09-30T15:26:35.321Z,True
120190790667:001:066,1020200142043,SEL-047,웨이브로드,120190790667,1,02_raw_data/kipris_patent_full/120190790667_page_001.json,2026-09-30T15:26:35.321Z,True
120180221908:001:049,1020200142112,SEL-044,마키나락스,120180221908,1,02_raw_data/kipris_patent_full/120180221908_page_001.json,2026-09-30T15:26:05.300Z,True
120150784556:001:014,1020200143184,SEL-027,컨트로맥스,120150784556,1,02_raw_data/kipris_patent_full/120150784556_page_001.json,2026-09-30T15:06:00.606Z,True
120170380334:001:012,1020200143316,SEL-029,두타기술,120170380334,1,02_raw_data/kipris_patent_full/120170380334_page_001.json,2026-09-30T15:06:16.754Z,True
120010224632:001:019,1020200144453,SEL-037,두시텍,120010224632,1,02_raw_data/kipris_patent_full/120010224632_page_001.json,2026-09-30T15:07:01.235Z,True
120010224632:001:017,1020200144458,SEL-037,두시텍,120010224632,1,02_raw_data/kipris_patent_full/120010224632_page_001.json,2026-09-30T15:07:01.235Z,True
119981108964:001:050,1020200144766,SEL-076,삼현,119981108964,1,02_raw_data/kipris_patent_full/119981108964_page_001.json,2026-09-30T15:14:46.351Z,True
119981108964:001:041,1020200144784,SEL-076,삼현,119981108964,1,02_raw_data/kipris_patent_full/119981108964_page_001.json,2026-09-30T15:14:46.351Z,True
119981108964:001:010,1020200144796,SEL-076,삼현,119981108964,1,02_raw_data/kipris_patent_full/119981108964_page_001.json,2026-09-30T15:14:46.351Z,True
119981108964:001:030,1020200144801,SEL-076,삼현,119981108964,1,02_raw_data/kipris_patent_full/119981108964_page_001.json,2026-09-30T15:14:46.351Z,True
120160834252:001:018,1020200146383,SEL-009,에스오에스랩,120160834252,1,02_raw_data/kipris_patent_full/120160834252_page_001.json,2026-09-30T15:22:14.632Z,True
120170493817:001:041,1020200146414,SEL-008,RFHIC,120170493817,1,02_raw_data/kipris_patent_full/120170493817_page_001.json,2026-09-30T15:22:03.697Z,True
120190790667:002:089,1020200148563,SEL-047,웨이브로드,120190790667,2,02_raw_data/kipris_patent_full/120190790667_page_002.json,2026-09-30T15:26:40.319Z,True
119990582540:001:032,1020200148785,SEL-021,코난테크놀로지,119990582540,1,02_raw_data/kipris_patent_full/119990582540_page_001.json,2026-09-30T15:23:09.237Z,True
119990582540:001:049,1020200148786,SEL-021,코난테크놀로지,119990582540,1,02_raw_data/kipris_patent_full/119990582540_page_001.json,2026-09-30T15:23:09.237Z,True
120000079535:001:003,1020200149376,SEL-039,코모텍,120000079535,1,02_raw_data/kipris_patent_full/120000079535_page_001.json,2026-09-30T15:07:09.023Z,True
119981108964:001:001,1020200149562,SEL-076,삼현,119981108964,1,02_raw_data/kipris_patent_full/119981108964_page_001.json,2026-09-30T15:14:46.351Z,True
119981108964:001:024,1020200149567,SEL-076,삼현,119981108964,1,02_raw_data/kipris_patent_full/119981108964_page_001.json,2026-09-30T15:14:46.351Z,True
120140451975:001:003,1020200149980,SEL-016,스탠다드시험연구소,120140451975,1,02_raw_data/kipris_patent_full/120140451975_page_001.json,2026-09-30T15:22:57.659Z,True
120140451975:001:059,1020200149981,SEL-016,스탠다드시험연구소,120140451975,1,02_raw_data/kipris_patent_full/120140451975_page_001.json,2026-09-30T15:22:57.659Z,True
120160834252:001:045,1020200151368,SEL-009,에스오에스랩,120160834252,1,02_raw_data/kipris_patent_full/120160834252_page_001.json,2026-09-30T15:22:14.632Z,True
120160834252:001:076,1020200151369,SEL-009,에스오에스랩,120160834252,1,02_raw_data/kipris_patent_full/120160834252_page_001.json,2026-09-30T15:22:14.632Z,True
120160834252:001:041,1020200151370,SEL-009,에스오에스랩,120160834252,1,02_raw_data/kipris_patent_full/120160834252_page_001.json,2026-09-30T15:22:14.632Z,True
120160834252:001:049,1020200151371,SEL-009,에스오에스랩,120160834252,1,02_raw_data/kipris_patent_full/120160834252_page_001.json,2026-09-30T15:22:14.632Z,True
120030032210:001:003,1020200152171,SEL-068,인텔리빅스,120030032210,1,02_raw_data/kipris_patent_full/120030032210_page_001.json,2026-09-30T15:28:06.481Z,True
120060312737:001:024,1020200152601,SEL-040,펀진,120060312737,1,02_raw_data/kipris_patent_full/120060312737_page_001.json,2026-09-30T15:24:29.954Z,True
120140025378:001:022,1020200153976,SEL-001,ANH스트럭쳐,120140025378,1,02_raw_data/kipris_patent_full/120140025378_page_001.json,2026-09-30T14:59:26.805Z,True
120000497105:001:043,1020200154212,SEL-015,아이블포토닉스,120000497105,1,02_raw_data/kipris_patent_full/120000497105_page_001.json,2026-09-30T15:22:44.285Z,True
119990263757:001:053,1020200154461,SEL-071,마크애니,119990263757,1,02_raw_data/kipris_patent_full/119990263757_page_001.json,2026-09-30T15:28:56.695Z,True
120160834252:001:039,1020200154880,SEL-009,에스오에스랩,120160834252,1,02_raw_data/kipris_patent_full/120160834252_page_001.json,2026-09-30T15:22:14.632Z,True
120030032210:001:013,1020200155167,SEL-068,인텔리빅스,120030032210,1,02_raw_data/kipris_patent_full/120030032210_page_001.json,2026-09-30T15:28:06.481Z,True
119990263757:001:009,1020200155224,SEL-071,마크애니,119990263757,1,02_raw_data/kipris_patent_full/119990263757_page_001.json,2026-09-30T15:28:56.695Z,True
119990263757:001:021,1020200157123,SEL-071,마크애니,119990263757,1,02_raw_data/kipris_patent_full/119990263757_page_001.json,2026-09-30T15:28:56.695Z,True
120120365459:001:001,1020200159327,SEL-020,루미르,120120365459,1,02_raw_data/kipris_patent_full/120120365459_page_001.json,2026-09-30T15:05:02.889Z,True
120040032146:001:006,1020200159987,SEL-035,심네트,120040032146,1,02_raw_data/kipris_patent_full/120040032146_page_001.json,2026-09-30T15:06:52.334Z,True
120040032146:001:007,1020200160093,SEL-035,심네트,120040032146,1,02_raw_data/kipris_patent_full/120040032146_page_001.json,2026-09-30T15:06:52.334Z,True
120060312737:001:005,1020200160110,SEL-040,펀진,120060312737,1,02_raw_data/kipris_patent_full/120060312737_page_001.json,2026-09-30T15:24:29.954Z,True
120160256051:001:053,1020200160330,SEL-078,센서뷰,120160256051,1,02_raw_data/kipris_patent_full/120160256051_page_001.json,2026-09-30T15:29:41.938Z,True
120160256051:001:071,1020200160331,SEL-078,센서뷰,120160256051,1,02_raw_data/kipris_patent_full/120160256051_page_001.json,2026-09-30T15:29:41.938Z,True
119990582540:001:078,1020200161035,SEL-021,코난테크놀로지,119990582540,1,02_raw_data/kipris_patent_full/119990582540_page_001.json,2026-09-30T15:23:09.237Z,True
120130219032:001:003,1020200161823,SEL-056,삼정오토메이션,120130219032,1,02_raw_data/kipris_patent_full/120130219032_page_001.json,2026-09-30T15:09:29.490Z,True
120150784556:001:015,1020200163750,SEL-027,컨트로맥스,120150784556,1,02_raw_data/kipris_patent_full/120150784556_page_001.json,2026-09-30T15:06:00.606Z,True
120160085076:001:010,1020200164084,SEL-072,써로마인드,120160085076,1,02_raw_data/kipris_patent_full/120160085076_page_001.json,2026-09-30T15:12:12.286Z,True
120100400701:001:001,1020200164445,SEL-006,아이브스,120100400701,1,02_raw_data/kipris_patent_full/120100400701_page_001.json,2026-09-30T15:02:26.967Z,True
120160894020:001:016,1020200164842,SEL-034,아이디케이,120160894020,1,02_raw_data/kipris_patent_full/120160894020_page_001.json,2026-09-30T15:06:37.982Z,True
120030032210:001:015,1020200167428,SEL-068,인텔리빅스,120030032210,1,02_raw_data/kipris_patent_full/120030032210_page_001.json,2026-09-30T15:28:06.481Z,True
119990263757:001:037,1020200167555,SEL-071,마크애니,119990263757,1,02_raw_data/kipris_patent_full/119990263757_page_001.json,2026-09-30T15:28:56.695Z,True
120200328994:001:016,1020200168655,SEL-067,텔레픽스,120200328994,1,02_raw_data/kipris_patent_full/120200328994_page_001.json,2026-09-30T15:27:57.104Z,True
120170230641:001:052,1020200169192,SEL-059,버넥트,120170230641,1,02_raw_data/kipris_patent_full/120170230641_page_001.json,2026-09-30T15:27:25.051Z,True
120170230641:001:053,1020200169194,SEL-059,버넥트,120170230641,1,02_raw_data/kipris_patent_full/120170230641_page_001.json,2026-09-30T15:27:25.051Z,True
120130219032:001:005,1020200171146,SEL-056,삼정오토메이션,120130219032,1,02_raw_data/kipris_patent_full/120130219032_page_001.json,2026-09-30T15:09:29.490Z,True
120120324551:001:003,1020200175187,SEL-038,아이스펙,120120324551,1,02_raw_data/kipris_patent_full/120120324551_page_001.json,2026-09-30T15:07:05.454Z,True
120160256051:002:019,1020200175226,SEL-078,센서뷰,120160256051,2,02_raw_data/kipris_patent_full/120160256051_page_002.json,2026-09-30T15:29:45.308Z,True
120160085076:001:007,1020200175868,SEL-072,써로마인드,120160085076,1,02_raw_data/kipris_patent_full/120160085076_page_001.json,2026-09-30T15:12:12.286Z,True
120170230641:001:024,1020200176144,SEL-059,버넥트,120170230641,1,02_raw_data/kipris_patent_full/120170230641_page_001.json,2026-09-30T15:27:25.051Z,True
120160834252:001:052,1020200176835,SEL-009,에스오에스랩,120160834252,1,02_raw_data/kipris_patent_full/120160834252_page_001.json,2026-09-30T15:22:14.632Z,True
120200109241:001:019,1020200177094,SEL-054,패리티,120200109241,1,02_raw_data/kipris_patent_full/120200109241_page_001.json,2026-09-30T15:26:59.124Z,True
120040367533:001:024,1020200177942,SEL-051,소나테크,120040367533,1,02_raw_data/kipris_patent_full/120040367533_page_001.json,2026-09-30T15:08:47.197Z,True
120160256051:002:013,1020200178186,SEL-078,센서뷰,120160256051,2,02_raw_data/kipris_patent_full/120160256051_page_002.json,2026-09-30T15:29:45.308Z,True
120000218885:001:021,1020200179403,SEL-011,대한광통신,120000218885,1,02_raw_data/kipris_patent_full/120000218885_page_001.json,2026-09-30T15:22:28.790Z,True
120140451975:001:060,1020200180191,SEL-016,스탠다드시험연구소,120140451975,1,02_raw_data/kipris_patent_full/120140451975_page_001.json,2026-09-30T15:22:57.659Z,True
120160834252:001:019,1020200180406,SEL-009,에스오에스랩,120160834252,1,02_raw_data/kipris_patent_full/120160834252_page_001.json,2026-09-30T15:22:14.632Z,True
120030032210:001:049,1020200182052,SEL-068,인텔리빅스,120030032210,1,02_raw_data/kipris_patent_full/120030032210_page_001.json,2026-09-30T15:28:06.481Z,True
120060069154:001:007,1020200182734,SEL-012,영풍전자,120060069154,1,02_raw_data/kipris_patent_full/120060069154_page_001.json,2026-09-30T15:04:01.035Z,True
120060069154:001:016,1020200182792,SEL-012,영풍전자,120060069154,1,02_raw_data/kipris_patent_full/120060069154_page_001.json,2026-09-30T15:04:01.035Z,True
120000218885:001:029,1020200183148,SEL-011,대한광통신,120000218885,1,02_raw_data/kipris_patent_full/120000218885_page_001.json,2026-09-30T15:22:28.790Z,True
120000218885:001:020,1020200183158,SEL-011,대한광통신,120000218885,1,02_raw_data/kipris_patent_full/120000218885_page_001.json,2026-09-30T15:22:28.790Z,True
120140451975:001:021,1020200183374,SEL-016,스탠다드시험연구소,120140451975,1,02_raw_data/kipris_patent_full/120140451975_page_001.json,2026-09-30T15:22:57.659Z,True
120140025378:001:021,1020200183554,SEL-001,ANH스트럭쳐,120140025378,1,02_raw_data/kipris_patent_full/120140025378_page_001.json,2026-09-30T14:59:26.805Z,True
120170493817:001:024,1020200184855,SEL-008,RFHIC,120170493817,1,02_raw_data/kipris_patent_full/120170493817_page_001.json,2026-09-30T15:22:03.697Z,True
120130332921:001:011,1020200185062,SEL-032,센서피아,120130332921,1,02_raw_data/kipris_patent_full/120130332921_page_001.json,2026-09-30T15:06:33.650Z,True
119990263757:001:078,1020200185353,SEL-071,마크애니,119990263757,1,02_raw_data/kipris_patent_full/119990263757_page_001.json,2026-09-30T15:28:56.695Z,True
119990263757:001:052,1020200185355,SEL-071,마크애니,119990263757,1,02_raw_data/kipris_patent_full/119990263757_page_001.json,2026-09-30T15:28:56.695Z,True
120160834252:001:069,1020200185743,SEL-009,에스오에스랩,120160834252,1,02_raw_data/kipris_patent_full/120160834252_page_001.json,2026-09-30T15:22:14.632Z,True
120130219032:001:006,1020200185896,SEL-056,삼정오토메이션,120130219032,1,02_raw_data/kipris_patent_full/120130219032_page_001.json,2026-09-30T15:09:29.490Z,True
120170230641:001:021,1020200186099,SEL-059,버넥트,120170230641,1,02_raw_data/kipris_patent_full/120170230641_page_001.json,2026-09-30T15:27:25.051Z,True
120170230641:001:011,1020200186292,SEL-059,버넥트,120170230641,1,02_raw_data/kipris_patent_full/120170230641_page_001.json,2026-09-30T15:27:25.051Z,True
120180468784:001:069,1020200186375,SEL-074,딥엑스,120180468784,1,02_raw_data/kipris_patent_full/120180468784_page_001.json,2026-09-30T15:29:28.979Z,True
119990582540:001:013,1020200186403,SEL-021,코난테크놀로지,119990582540,1,02_raw_data/kipris_patent_full/119990582540_page_001.json,2026-09-30T15:23:09.237Z,True
120170230641:001:055,1020200186435,SEL-059,버넥트,120170230641,1,02_raw_data/kipris_patent_full/120170230641_page_001.json,2026-09-30T15:27:25.051Z,True
120050038282:001:014,1020200187143,SEL-025,쿠오핀,120050038282,1,02_raw_data/kipris_patent_full/120050038282_page_001.json,2026-09-30T15:23:50.184Z,True
120050038282:001:001,1020200187144,SEL-025,쿠오핀,120050038282,1,02_raw_data/kipris_patent_full/120050038282_page_001.json,2026-09-30T15:23:50.184Z,True
120200109241:001:026,1020200187186,SEL-054,패리티,120200109241,1,02_raw_data/kipris_patent_full/120200109241_page_001.json,2026-09-30T15:26:59.124Z,True
120000218885:001:049,1020200187215,SEL-011,대한광통신,120000218885,1,02_raw_data/kipris_patent_full/120000218885_page_001.json,2026-09-30T15:22:28.790Z,True
120080201130:001:010,1020200187518,SEL-017,우리별,120080201130,1,02_raw_data/kipris_patent_full/120080201130_page_001.json,2026-09-30T15:04:45.581Z,True
120080201130:001:008,1020200187519,SEL-017,우리별,120080201130,1,02_raw_data/kipris_patent_full/120080201130_page_001.json,2026-09-30T15:04:45.581Z,True
120170230641:001:010,1020200187660,SEL-059,버넥트,120170230641,1,02_raw_data/kipris_patent_full/120170230641_page_001.json,2026-09-30T15:27:25.051Z,True
120170230641:001:025,1020200187727,SEL-059,버넥트,120170230641,1,02_raw_data/kipris_patent_full/120170230641_page_001.json,2026-09-30T15:27:25.051Z,True
120070411804:001:034,1020200188011,SEL-036,솔탑,120070411804,1,02_raw_data/kipris_patent_full/120070411804_page_001.json,2026-09-30T15:24:20.530Z,True
120170230641:001:040,1020200188504,SEL-059,버넥트,120170230641,1,02_raw_data/kipris_patent_full/120170230641_page_001.json,2026-09-30T15:27:25.051Z,True
120170493817:001:043,1020207015401,SEL-008,RFHIC,120170493817,1,02_raw_data/kipris_patent_full/120170493817_page_001.json,2026-09-30T15:22:03.697Z,True
120180221908:001:031,1020207021874,SEL-044,마키나락스,120180221908,1,02_raw_data/kipris_patent_full/120180221908_page_001.json,2026-09-30T15:26:05.300Z,True
120170008840:001:004,1020210001383,SEL-061,휴라,120170008840,1,02_raw_data/kipris_patent_full/120170008840_page_001.json,2026-09-30T15:10:34.689Z,True
120140025378:001:011,1020210002107,SEL-001,ANH스트럭쳐,120140025378,1,02_raw_data/kipris_patent_full/120140025378_page_001.json,2026-09-30T14:59:26.805Z,True
120140025378:001:009,1020210002117,SEL-001,ANH스트럭쳐,120140025378,1,02_raw_data/kipris_patent_full/120140025378_page_001.json,2026-09-30T14:59:26.805Z,True
120000218885:001:009,1020210002451,SEL-011,대한광통신,120000218885,1,02_raw_data/kipris_patent_full/120000218885_page_001.json,2026-09-30T15:22:28.790Z,True
120180468784:001:070,1020210003853,SEL-074,딥엑스,120180468784,1,02_raw_data/kipris_patent_full/120180468784_page_001.json,2026-09-30T15:29:28.979Z,True
120200973794:001:005,1020210005380,SEL-080,비이아이랩,120200973794,1,02_raw_data/kipris_patent_full/120200973794_page_001.json,2026-09-30T15:15:41.477Z,True
120160256051:002:012,1020210006556,SEL-078,센서뷰,120160256051,2,02_raw_data/kipris_patent_full/120160256051_page_002.json,2026-09-30T15:29:45.308Z,True
120160256051:001:037,1020210006557,SEL-078,센서뷰,120160256051,1,02_raw_data/kipris_patent_full/120160256051_page_001.json,2026-09-30T15:29:41.938Z,True
120130036036:001:025,1020210007532,SEL-058,덕산넵코어스,120130036036,1,02_raw_data/kipris_patent_full/120130036036_page_001.json,2026-09-30T15:10:29.319Z,True
120190868043:001:031,1020210007565,SEL-005,에스아이에이,120190868043,1,02_raw_data/kipris_patent_full/120190868043_page_001.json,2026-09-30T15:20:09.084Z,True
120160256051:001:036,1020210007889,SEL-078,센서뷰,120160256051,1,02_raw_data/kipris_patent_full/120160256051_page_001.json,2026-09-30T15:29:41.938Z,True
120160256051:002:001,1020210008413,SEL-078,센서뷰,120160256051,2,02_raw_data/kipris_patent_full/120160256051_page_002.json,2026-09-30T15:29:45.308Z,True
120140451975:001:016,1020210009546,SEL-016,스탠다드시험연구소,120140451975,1,02_raw_data/kipris_patent_full/120140451975_page_001.json,2026-09-30T15:22:57.659Z,True
120070411804:001:017,1020210009562,SEL-036,솔탑,120070411804,1,02_raw_data/kipris_patent_full/120070411804_page_001.json,2026-09-30T15:24:20.530Z,True
120160894020:001:020,1020210010558,SEL-034,아이디케이,120160894020,1,02_raw_data/kipris_patent_full/120160894020_page_001.json,2026-09-30T15:06:37.982Z,True
120190868043:001:046,1020210011524,SEL-005,에스아이에이,120190868043,1,02_raw_data/kipris_patent_full/120190868043_page_001.json,2026-09-30T15:20:09.084Z,True
120160894020:001:014,1020210011574,SEL-034,아이디케이,120160894020,1,02_raw_data/kipris_patent_full/120160894020_page_001.json,2026-09-30T15:06:37.982Z,True
120010011066:001:078,1020210011930,SEL-060,이오시스템,120010011066,1,02_raw_data/kipris_patent_full/120010011066_page_001.json,2026-09-30T15:27:37.204Z,True
120170008840:001:002,1020210012045,SEL-061,휴라,120170008840,1,02_raw_data/kipris_patent_full/120170008840_page_001.json,2026-09-30T15:10:34.689Z,True
119980992982:001:050,1020210013464,SEL-070,부전전자,119980992982,1,02_raw_data/kipris_patent_full/119980992982_page_001.json,2026-09-30T15:28:25.879Z,True
120160256051:001:042,1020210014150,SEL-078,센서뷰,120160256051,1,02_raw_data/kipris_patent_full/120160256051_page_001.json,2026-09-30T15:29:41.938Z,True
120170012940:001:033,1020210014167,SEL-052,유뱃,120170012940,1,02_raw_data/kipris_patent_full/120170012940_page_001.json,2026-09-30T15:26:50.377Z,True
120170493817:001:002,1020210015242,SEL-008,RFHIC,120170493817,1,02_raw_data/kipris_patent_full/120170493817_page_001.json,2026-09-30T15:22:03.697Z,True
120190868043:001:004,1020210015275,SEL-005,에스아이에이,120190868043,1,02_raw_data/kipris_patent_full/120190868043_page_001.json,2026-09-30T15:20:09.084Z,True
120190790667:002:009,1020210015821,SEL-047,웨이브로드,120190790667,2,02_raw_data/kipris_patent_full/120190790667_page_002.json,2026-09-30T15:26:40.319Z,True
120160256051:001:049,1020210017981,SEL-078,센서뷰,120160256051,1,02_raw_data/kipris_patent_full/120160256051_page_001.json,2026-09-30T15:29:41.938Z,True
120080142918:001:051,1020210019296,SEL-023,인피닉,120080142918,1,02_raw_data/kipris_patent_full/120080142918_page_001.json,2026-09-30T15:23:39.053Z,True
120080142918:001:031,1020210019298,SEL-023,인피닉,120080142918,1,02_raw_data/kipris_patent_full/120080142918_page_001.json,2026-09-30T15:23:39.053Z,True
120080142918:001:019,1020210019300,SEL-023,인피닉,120080142918,1,02_raw_data/kipris_patent_full/120080142918_page_001.json,2026-09-30T15:23:39.053Z,True
120080142918:001:043,1020210019303,SEL-023,인피닉,120080142918,1,02_raw_data/kipris_patent_full/120080142918_page_001.json,2026-09-30T15:23:39.053Z,True
120080142918:002:026,1020210019306,SEL-023,인피닉,120080142918,2,02_raw_data/kipris_patent_full/120080142918_page_002.json,2026-09-30T15:23:43.335Z,True
120080142918:001:018,1020210019310,SEL-023,인피닉,120080142918,1,02_raw_data/kipris_patent_full/120080142918_page_001.json,2026-09-30T15:23:39.053Z,True
120180468784:002:021,1020210019469,SEL-074,딥엑스,120180468784,2,02_raw_data/kipris_patent_full/120180468784_page_002.json,2026-09-30T15:29:32.702Z,True
120170013191:001:026,1020210021592,SEL-028,링크플로우,120170013191,1,02_raw_data/kipris_patent_full/120170013191_page_001.json,2026-09-30T15:06:05.002Z,True
120040367533:001:010,1020210022759,SEL-051,소나테크,120040367533,1,02_raw_data/kipris_patent_full/120040367533_page_001.json,2026-09-30T15:08:47.197Z,True
120190868043:001:007,1020210022765,SEL-005,에스아이에이,120190868043,1,02_raw_data/kipris_patent_full/120190868043_page_001.json,2026-09-30T15:20:09.084Z,True
120190868043:001:008,1020210023316,SEL-005,에스아이에이,120190868043,1,02_raw_data/kipris_patent_full/120190868043_page_001.json,2026-09-30T15:20:09.084Z,True
119980992982:001:043,1020210024551,SEL-070,부전전자,119980992982,1,02_raw_data/kipris_patent_full/119980992982_page_001.json,2026-09-30T15:28:25.879Z,True
120020328376:001:004,1020210024709,SEL-002,단암시스템즈,120020328376,1,02_raw_data/kipris_patent_full/120020328376_page_001.json,2026-09-30T15:02:00.539Z,True
120140025378:001:025,1020210025138,SEL-001,ANH스트럭쳐,120140025378,1,02_raw_data/kipris_patent_full/120140025378_page_001.json,2026-09-30T14:59:26.805Z,True
120160834252:001:046,1020210025552,SEL-009,에스오에스랩,120160834252,1,02_raw_data/kipris_patent_full/120160834252_page_001.json,2026-09-30T15:22:14.632Z,True
120160834252:001:065,1020210025553,SEL-009,에스오에스랩,120160834252,1,02_raw_data/kipris_patent_full/120160834252_page_001.json,2026-09-30T15:22:14.632Z,True
119980992982:001:049,1020210025864,SEL-070,부전전자,119980992982,1,02_raw_data/kipris_patent_full/119980992982_page_001.json,2026-09-30T15:28:25.879Z,True
120190790667:001:023,1020210027995,SEL-047,웨이브로드,120190790667,1,02_raw_data/kipris_patent_full/120190790667_page_001.json,2026-09-30T15:26:35.321Z,True
120190790667:001:025,1020210027998,SEL-047,웨이브로드,120190790667,1,02_raw_data/kipris_patent_full/120190790667_page_001.json,2026-09-30T15:26:35.321Z,True
120180510935:001:025,1020210028671,SEL-031,파블로항공,120180510935,1,02_raw_data/kipris_patent_full/120180510935_page_001.json,2026-09-30T15:06:28.194Z,True
120180510935:001:006,1020210028672,SEL-031,파블로항공,120180510935,1,02_raw_data/kipris_patent_full/120180510935_page_001.json,2026-09-30T15:06:28.194Z,True
120160085076:001:005,1020210029519,SEL-072,써로마인드,120160085076,1,02_raw_data/kipris_patent_full/120160085076_page_001.json,2026-09-30T15:12:12.286Z,True
120190868043:001:010,1020210029986,SEL-005,에스아이에이,120190868043,1,02_raw_data/kipris_patent_full/120190868043_page_001.json,2026-09-30T15:20:09.084Z,True
120170493817:001:023,1020210030450,SEL-008,RFHIC,120170493817,1,02_raw_data/kipris_patent_full/120170493817_page_001.json,2026-09-30T15:22:03.697Z,True
120190868043:001:019,1020210030493,SEL-005,에스아이에이,120190868043,1,02_raw_data/kipris_patent_full/120190868043_page_001.json,2026-09-30T15:20:09.084Z,True
120180510935:001:026,1020210030746,SEL-031,파블로항공,120180510935,1,02_raw_data/kipris_patent_full/120180510935_page_001.json,2026-09-30T15:06:28.194Z,True
120190868043:001:035,1020210032217,SEL-005,에스아이에이,120190868043,1,02_raw_data/kipris_patent_full/120190868043_page_001.json,2026-09-30T15:20:09.084Z,True
120190868043:001:048,1020210032218,SEL-005,에스아이에이,120190868043,1,02_raw_data/kipris_patent_full/120190868043_page_001.json,2026-09-30T15:20:09.084Z,True
120190868043:001:043,1020210032219,SEL-005,에스아이에이,120190868043,1,02_raw_data/kipris_patent_full/120190868043_page_001.json,2026-09-30T15:20:09.084Z,True
120160894020:001:021,1020210032505,SEL-034,아이디케이,120160894020,1,02_raw_data/kipris_patent_full/120160894020_page_001.json,2026-09-30T15:06:37.982Z,True
120170493817:001:011,1020210034331,SEL-008,RFHIC,120170493817,1,02_raw_data/kipris_patent_full/120170493817_page_001.json,2026-09-30T15:22:03.697Z,True
120190868043:001:030,1020210034415,SEL-005,에스아이에이,120190868043,1,02_raw_data/kipris_patent_full/120190868043_page_001.json,2026-09-30T15:20:09.084Z,True
120080142918:001:050,1020210035686,SEL-023,인피닉,120080142918,1,02_raw_data/kipris_patent_full/120080142918_page_001.json,2026-09-30T15:23:39.053Z,True
120080142918:001:017,1020210035690,SEL-023,인피닉,120080142918,1,02_raw_data/kipris_patent_full/120080142918_page_001.json,2026-09-30T15:23:39.053Z,True
120080142918:001:021,1020210035692,SEL-023,인피닉,120080142918,1,02_raw_data/kipris_patent_full/120080142918_page_001.json,2026-09-30T15:23:39.053Z,True
120080142918:001:038,1020210035694,SEL-023,인피닉,120080142918,1,02_raw_data/kipris_patent_full/120080142918_page_001.json,2026-09-30T15:23:39.053Z,True
120080142918:002:004,1020210035696,SEL-023,인피닉,120080142918,2,02_raw_data/kipris_patent_full/120080142918_page_002.json,2026-09-30T15:23:43.335Z,True
120160256051:001:035,1020210035751,SEL-078,센서뷰,120160256051,1,02_raw_data/kipris_patent_full/120160256051_page_001.json,2026-09-30T15:29:41.938Z,True
120180510935:001:009,1020210036061,SEL-031,파블로항공,120180510935,1,02_raw_data/kipris_patent_full/120180510935_page_001.json,2026-09-30T15:06:28.194Z,True
120060069154:001:012,1020210036116,SEL-012,영풍전자,120060069154,1,02_raw_data/kipris_patent_full/120060069154_page_001.json,2026-09-30T15:04:01.035Z,True
120140025378:001:023,1020210036930,SEL-001,ANH스트럭쳐,120140025378,1,02_raw_data/kipris_patent_full/120140025378_page_001.json,2026-09-30T14:59:26.805Z,True
120120621794:001:021,1020210037371,SEL-022,다비오,120120621794,1,02_raw_data/kipris_patent_full/120120621794_page_001.json,2026-09-30T15:23:16.798Z,True
120220558692:001:008,1020210037926,SEL-063,스텝랩,120220558692,1,02_raw_data/kipris_patent_full/120220558692_page_001.json,2026-09-30T15:10:42.800Z,True
120170493817:001:054,1020210038511,SEL-008,RFHIC,120170493817,1,02_raw_data/kipris_patent_full/120170493817_page_001.json,2026-09-30T15:22:03.697Z,True
120190868043:001:058,1020210038642,SEL-005,에스아이에이,120190868043,1,02_raw_data/kipris_patent_full/120190868043_page_001.json,2026-09-30T15:20:09.084Z,True
120180221908:001:056,1020210038648,SEL-044,마키나락스,120180221908,1,02_raw_data/kipris_patent_full/120180221908_page_001.json,2026-09-30T15:26:05.300Z,True
120160256051:001:020,1020210038871,SEL-078,센서뷰,120160256051,1,02_raw_data/kipris_patent_full/120160256051_page_001.json,2026-09-30T15:29:41.938Z,True
120100149207:001:021,1020210041942,SEL-004,솔빛시스템,120100149207,1,02_raw_data/kipris_patent_full/120100149207_page_001.json,2026-09-30T15:02:07.704Z,True
120100149207:001:011,1020210041943,SEL-004,솔빛시스템,120100149207,1,02_raw_data/kipris_patent_full/120100149207_page_001.json,2026-09-30T15:02:07.704Z,True
120180468784:002:019,1020210042950,SEL-074,딥엑스,120180468784,2,02_raw_data/kipris_patent_full/120180468784_page_002.json,2026-09-30T15:29:32.702Z,True
119980992982:002:032,1020210044592,SEL-070,부전전자,119980992982,2,02_raw_data/kipris_patent_full/119980992982_page_002.json,2026-09-30T15:28:30.243Z,True
119990263757:001:075,1020210045316,SEL-071,마크애니,119990263757,1,02_raw_data/kipris_patent_full/119990263757_page_001.json,2026-09-30T15:28:56.695Z,True
120190868043:001:023,1020210046357,SEL-005,에스아이에이,120190868043,1,02_raw_data/kipris_patent_full/120190868043_page_001.json,2026-09-30T15:20:09.084Z,True
119980992982:001:090,1020210047193,SEL-070,부전전자,119980992982,1,02_raw_data/kipris_patent_full/119980992982_page_001.json,2026-09-30T15:28:25.879Z,True
120130036036:001:017,1020210048444,SEL-058,덕산넵코어스,120130036036,1,02_raw_data/kipris_patent_full/120130036036_page_001.json,2026-09-30T15:10:29.319Z,True
120130036036:001:013,1020210048447,SEL-058,덕산넵코어스,120130036036,1,02_raw_data/kipris_patent_full/120130036036_page_001.json,2026-09-30T15:10:29.319Z,True
120120365459:001:003,1020210049082,SEL-020,루미르,120120365459,1,02_raw_data/kipris_patent_full/120120365459_page_001.json,2026-09-30T15:05:02.889Z,True
120190790667:001:057,1020210050452,SEL-047,웨이브로드,120190790667,1,02_raw_data/kipris_patent_full/120190790667_page_001.json,2026-09-30T15:26:35.321Z,True
120160256051:001:008,1020210050623,SEL-078,센서뷰,120160256051,1,02_raw_data/kipris_patent_full/120160256051_page_001.json,2026-09-30T15:29:41.938Z,True
120160256051:001:007,1020210050652,SEL-078,센서뷰,120160256051,1,02_raw_data/kipris_patent_full/120160256051_page_001.json,2026-09-30T15:29:41.938Z,True
120170493817:001:001,1020210050772,SEL-008,RFHIC,120170493817,1,02_raw_data/kipris_patent_full/120170493817_page_001.json,2026-09-30T15:22:03.697Z,True
120140451975:001:047,1020210051433,SEL-016,스탠다드시험연구소,120140451975,1,02_raw_data/kipris_patent_full/120140451975_page_001.json,2026-09-30T15:22:57.659Z,True
120160894020:001:010,1020210051850,SEL-034,아이디케이,120160894020,1,02_raw_data/kipris_patent_full/120160894020_page_001.json,2026-09-30T15:06:37.982Z,True
120190868043:001:015,1020210052046,SEL-005,에스아이에이,120190868043,1,02_raw_data/kipris_patent_full/120190868043_page_001.json,2026-09-30T15:20:09.084Z,True
120200973794:001:014,1020210052421,SEL-080,비이아이랩,120200973794,1,02_raw_data/kipris_patent_full/120200973794_page_001.json,2026-09-30T15:15:41.477Z,True
120180068537:001:004,1020210053988,SEL-043,코클,120180068537,1,02_raw_data/kipris_patent_full/120180068537_page_001.json,2026-09-30T15:07:35.530Z,True
120190868043:001:061,1020210054030,SEL-005,에스아이에이,120190868043,1,02_raw_data/kipris_patent_full/120190868043_page_001.json,2026-09-30T15:20:09.084Z,True
120190868043:001:060,1020210054031,SEL-005,에스아이에이,120190868043,1,02_raw_data/kipris_patent_full/120190868043_page_001.json,2026-09-30T15:20:09.084Z,True
120160256051:001:003,1020210054417,SEL-078,센서뷰,120160256051,1,02_raw_data/kipris_patent_full/120160256051_page_001.json,2026-09-30T15:29:41.938Z,True
120000218885:001:016,1020210054960,SEL-011,대한광통신,120000218885,1,02_raw_data/kipris_patent_full/120000218885_page_001.json,2026-09-30T15:22:28.790Z,True
120000218885:001:014,1020210054967,SEL-011,대한광통신,120000218885,1,02_raw_data/kipris_patent_full/120000218885_page_001.json,2026-09-30T15:22:28.790Z,True
120040367533:001:027,1020210055012,SEL-051,소나테크,120040367533,1,02_raw_data/kipris_patent_full/120040367533_page_001.json,2026-09-30T15:08:47.197Z,True
120050027351:001:002,1020210055400,SEL-003,제노코,120050027351,1,02_raw_data/kipris_patent_full/120050027351_page_001.json,2026-09-30T15:02:04.215Z,True
120010011066:001:048,1020210056957,SEL-060,이오시스템,120010011066,1,02_raw_data/kipris_patent_full/120010011066_page_001.json,2026-09-30T15:27:37.204Z,True
120180221908:001:042,1020210057256,SEL-044,마키나락스,120180221908,1,02_raw_data/kipris_patent_full/120180221908_page_001.json,2026-09-30T15:26:05.300Z,True
120190868043:001:034,1020210058570,SEL-005,에스아이에이,120190868043,1,02_raw_data/kipris_patent_full/120190868043_page_001.json,2026-09-30T15:20:09.084Z,True
120060069154:001:013,1020210059748,SEL-012,영풍전자,120060069154,1,02_raw_data/kipris_patent_full/120060069154_page_001.json,2026-09-30T15:04:01.035Z,True
120070411804:001:022,1020210060102,SEL-036,솔탑,120070411804,1,02_raw_data/kipris_patent_full/120070411804_page_001.json,2026-09-30T15:24:20.530Z,True
120160256051:001:001,1020210060259,SEL-078,센서뷰,120160256051,1,02_raw_data/kipris_patent_full/120160256051_page_001.json,2026-09-30T15:29:41.938Z,True
120100491643:001:009,1020210061111,SEL-049,포멀웍스,120100491643,1,02_raw_data/kipris_patent_full/120100491643_page_001.json,2026-09-30T15:08:23.879Z,True
120080142918:001:027,1020210061825,SEL-023,인피닉,120080142918,1,02_raw_data/kipris_patent_full/120080142918_page_001.json,2026-09-30T15:23:39.053Z,True
120080142918:002:034,1020210061826,SEL-023,인피닉,120080142918,2,02_raw_data/kipris_patent_full/120080142918_page_002.json,2026-09-30T15:23:43.335Z,True
120080142918:002:008,1020210061830,SEL-023,인피닉,120080142918,2,02_raw_data/kipris_patent_full/120080142918_page_002.json,2026-09-30T15:23:43.335Z,True
120080142918:002:015,1020210061832,SEL-023,인피닉,120080142918,2,02_raw_data/kipris_patent_full/120080142918_page_002.json,2026-09-30T15:23:43.335Z,True
120080142918:002:020,1020210061834,SEL-023,인피닉,120080142918,2,02_raw_data/kipris_patent_full/120080142918_page_002.json,2026-09-30T15:23:43.335Z,True
120160894020:001:008,1020210062219,SEL-034,아이디케이,120160894020,1,02_raw_data/kipris_patent_full/120160894020_page_001.json,2026-09-30T15:06:37.982Z,True
120080142918:001:016,1020210062600,SEL-023,인피닉,120080142918,1,02_raw_data/kipris_patent_full/120080142918_page_001.json,2026-09-30T15:23:39.053Z,True
120080142918:001:026,1020210062605,SEL-023,인피닉,120080142918,1,02_raw_data/kipris_patent_full/120080142918_page_001.json,2026-09-30T15:23:39.053Z,True
120080142918:001:049,1020210062606,SEL-023,인피닉,120080142918,1,02_raw_data/kipris_patent_full/120080142918_page_001.json,2026-09-30T15:23:39.053Z,True
120080142918:001:015,1020210062610,SEL-023,인피닉,120080142918,1,02_raw_data/kipris_patent_full/120080142918_page_001.json,2026-09-30T15:23:39.053Z,True
120080142918:001:042,1020210062613,SEL-023,인피닉,120080142918,1,02_raw_data/kipris_patent_full/120080142918_page_001.json,2026-09-30T15:23:39.053Z,True
120080142918:001:037,1020210062614,SEL-023,인피닉,120080142918,1,02_raw_data/kipris_patent_full/120080142918_page_001.json,2026-09-30T15:23:39.053Z,True
120080142918:001:030,1020210062618,SEL-023,인피닉,120080142918,1,02_raw_data/kipris_patent_full/120080142918_page_001.json,2026-09-30T15:23:39.053Z,True
120080142918:001:029,1020210062628,SEL-023,인피닉,120080142918,1,02_raw_data/kipris_patent_full/120080142918_page_001.json,2026-09-30T15:23:39.053Z,True
120080142918:002:014,1020210062632,SEL-023,인피닉,120080142918,2,02_raw_data/kipris_patent_full/120080142918_page_002.json,2026-09-30T15:23:43.335Z,True
120080142918:002:017,1020210062635,SEL-023,인피닉,120080142918,2,02_raw_data/kipris_patent_full/120080142918_page_002.json,2026-09-30T15:23:43.335Z,True
120080142918:002:035,1020210062639,SEL-023,인피닉,120080142918,2,02_raw_data/kipris_patent_full/120080142918_page_002.json,2026-09-30T15:23:43.335Z,True
120190868043:001:063,1020210064180,SEL-005,에스아이에이,120190868043,1,02_raw_data/kipris_patent_full/120190868043_page_001.json,2026-09-30T15:20:09.084Z,True
120220558692:001:006,1020210065048,SEL-063,스텝랩,120220558692,1,02_raw_data/kipris_patent_full/120220558692_page_001.json,2026-09-30T15:10:42.800Z,True
120070411804:001:010,1020210065048,SEL-036,솔탑,120070411804,1,02_raw_data/kipris_patent_full/120070411804_page_001.json,2026-09-30T15:24:20.530Z,True
120220558692:001:007,1020210065051,SEL-063,스텝랩,120220558692,1,02_raw_data/kipris_patent_full/120220558692_page_001.json,2026-09-30T15:10:42.800Z,True
120070411804:001:011,1020210065051,SEL-036,솔탑,120070411804,1,02_raw_data/kipris_patent_full/120070411804_page_001.json,2026-09-30T15:24:20.530Z,True
119990263757:001:044,1020210065337,SEL-071,마크애니,119990263757,1,02_raw_data/kipris_patent_full/119990263757_page_001.json,2026-09-30T15:28:56.695Z,True
120190868043:001:037,1020210067033,SEL-005,에스아이에이,120190868043,1,02_raw_data/kipris_patent_full/120190868043_page_001.json,2026-09-30T15:20:09.084Z,True
120170012940:001:032,1020210067624,SEL-052,유뱃,120170012940,1,02_raw_data/kipris_patent_full/120170012940_page_001.json,2026-09-30T15:26:50.377Z,True
120190868043:001:018,1020210068032,SEL-005,에스아이에이,120190868043,1,02_raw_data/kipris_patent_full/120190868043_page_001.json,2026-09-30T15:20:09.084Z,True
120170493817:001:030,1020210069189,SEL-008,RFHIC,120170493817,1,02_raw_data/kipris_patent_full/120170493817_page_001.json,2026-09-30T15:22:03.697Z,True
120200973794:001:020,1020210069243,SEL-080,비이아이랩,120200973794,1,02_raw_data/kipris_patent_full/120200973794_page_001.json,2026-09-30T15:15:41.477Z,True
120050038282:001:007,1020210069292,SEL-025,쿠오핀,120050038282,1,02_raw_data/kipris_patent_full/120050038282_page_001.json,2026-09-30T15:23:50.184Z,True
120050038282:001:009,1020210069294,SEL-025,쿠오핀,120050038282,1,02_raw_data/kipris_patent_full/120050038282_page_001.json,2026-09-30T15:23:50.184Z,True
120200973794:001:027,1020210070006,SEL-080,비이아이랩,120200973794,1,02_raw_data/kipris_patent_full/120200973794_page_001.json,2026-09-30T15:15:41.477Z,True
120190868043:001:027,1020210072706,SEL-005,에스아이에이,120190868043,1,02_raw_data/kipris_patent_full/120190868043_page_001.json,2026-09-30T15:20:09.084Z,True
120180468784:001:062,1020210072762,SEL-074,딥엑스,120180468784,1,02_raw_data/kipris_patent_full/120180468784_page_001.json,2026-09-30T15:29:28.979Z,True
120190868043:001:050,1020210073686,SEL-005,에스아이에이,120190868043,1,02_raw_data/kipris_patent_full/120190868043_page_001.json,2026-09-30T15:20:09.084Z,True
120010011066:001:003,1020210073706,SEL-060,이오시스템,120010011066,1,02_raw_data/kipris_patent_full/120010011066_page_001.json,2026-09-30T15:27:37.204Z,True
120110075931:001:004,1020210073939,SEL-019,하나에이엠티,120110075931,1,02_raw_data/kipris_patent_full/120110075931_page_001.json,2026-09-30T15:04:59.392Z,True
120170230641:001:039,1020210074607,SEL-059,버넥트,120170230641,1,02_raw_data/kipris_patent_full/120170230641_page_001.json,2026-09-30T15:27:25.051Z,True
120170230641:001:079,1020210074614,SEL-059,버넥트,120170230641,1,02_raw_data/kipris_patent_full/120170230641_page_001.json,2026-09-30T15:27:25.051Z,True
119990582540:001:056,1020210074921,SEL-021,코난테크놀로지,119990582540,1,02_raw_data/kipris_patent_full/119990582540_page_001.json,2026-09-30T15:23:09.237Z,True
120200973794:001:024,1020210075447,SEL-080,비이아이랩,120200973794,1,02_raw_data/kipris_patent_full/120200973794_page_001.json,2026-09-30T15:15:41.477Z,True
119981108964:001:033,1020210075575,SEL-076,삼현,119981108964,1,02_raw_data/kipris_patent_full/119981108964_page_001.json,2026-09-30T15:14:46.351Z,True
119980992982:001:047,1020210076507,SEL-070,부전전자,119980992982,1,02_raw_data/kipris_patent_full/119980992982_page_001.json,2026-09-30T15:28:25.879Z,True
120180221908:001:022,1020210076784,SEL-044,마키나락스,120180221908,1,02_raw_data/kipris_patent_full/120180221908_page_001.json,2026-09-30T15:26:05.300Z,True
120190790667:003:001,1020210077155,SEL-047,웨이브로드,120190790667,3,02_raw_data/kipris_patent_full/120190790667_page_003.json,2026-09-30T15:26:43.391Z,True
120190790667:002:059,1020210077157,SEL-047,웨이브로드,120190790667,2,02_raw_data/kipris_patent_full/120190790667_page_002.json,2026-09-30T15:26:40.319Z,True
120190790667:002:082,1020210077159,SEL-047,웨이브로드,120190790667,2,02_raw_data/kipris_patent_full/120190790667_page_002.json,2026-09-30T15:26:40.319Z,True
120190790667:002:087,1020210077160,SEL-047,웨이브로드,120190790667,2,02_raw_data/kipris_patent_full/120190790667_page_002.json,2026-09-30T15:26:40.319Z,True
120190790667:001:065,1020210077163,SEL-047,웨이브로드,120190790667,1,02_raw_data/kipris_patent_full/120190790667_page_001.json,2026-09-30T15:26:35.321Z,True
120180221908:001:073,1020210077358,SEL-044,마키나락스,120180221908,1,02_raw_data/kipris_patent_full/120180221908_page_001.json,2026-09-30T15:26:05.300Z,True
120180221908:001:034,1020210078422,SEL-044,마키나락스,120180221908,1,02_raw_data/kipris_patent_full/120180221908_page_001.json,2026-09-30T15:26:05.300Z,True
120080142918:001:048,1020210078646,SEL-023,인피닉,120080142918,1,02_raw_data/kipris_patent_full/120080142918_page_001.json,2026-09-30T15:23:39.053Z,True
120080142918:002:025,1020210078648,SEL-023,인피닉,120080142918,2,02_raw_data/kipris_patent_full/120080142918_page_002.json,2026-09-30T15:23:43.335Z,True
120080142918:002:011,1020210078651,SEL-023,인피닉,120080142918,2,02_raw_data/kipris_patent_full/120080142918_page_002.json,2026-09-30T15:23:43.335Z,True
120080142918:001:040,1020210078653,SEL-023,인피닉,120080142918,1,02_raw_data/kipris_patent_full/120080142918_page_001.json,2026-09-30T15:23:39.053Z,True
120080142918:001:025,1020210078655,SEL-023,인피닉,120080142918,1,02_raw_data/kipris_patent_full/120080142918_page_001.json,2026-09-30T15:23:39.053Z,True
120080142918:001:047,1020210078656,SEL-023,인피닉,120080142918,1,02_raw_data/kipris_patent_full/120080142918_page_001.json,2026-09-30T15:23:39.053Z,True
120080142918:001:088,1020210078660,SEL-023,인피닉,120080142918,1,02_raw_data/kipris_patent_full/120080142918_page_001.json,2026-09-30T15:23:39.053Z,True
120080142918:001:024,1020210078665,SEL-023,인피닉,120080142918,1,02_raw_data/kipris_patent_full/120080142918_page_001.json,2026-09-30T15:23:39.053Z,True
120080142918:002:018,1020210078667,SEL-023,인피닉,120080142918,2,02_raw_data/kipris_patent_full/120080142918_page_002.json,2026-09-30T15:23:43.335Z,True
120080142918:001:032,1020210078671,SEL-023,인피닉,120080142918,1,02_raw_data/kipris_patent_full/120080142918_page_001.json,2026-09-30T15:23:39.053Z,True
120080142918:002:023,1020210078676,SEL-023,인피닉,120080142918,2,02_raw_data/kipris_patent_full/120080142918_page_002.json,2026-09-30T15:23:43.335Z,True
120080142918:001:014,1020210078680,SEL-023,인피닉,120080142918,1,02_raw_data/kipris_patent_full/120080142918_page_001.json,2026-09-30T15:23:39.053Z,True
120080142918:001:045,1020210078687,SEL-023,인피닉,120080142918,1,02_raw_data/kipris_patent_full/120080142918_page_001.json,2026-09-30T15:23:39.053Z,True
120080142918:002:024,1020210078688,SEL-023,인피닉,120080142918,2,02_raw_data/kipris_patent_full/120080142918_page_002.json,2026-09-30T15:23:43.335Z,True
120080142918:001:041,1020210078689,SEL-023,인피닉,120080142918,1,02_raw_data/kipris_patent_full/120080142918_page_001.json,2026-09-30T15:23:39.053Z,True
120080142918:002:007,1020210078690,SEL-023,인피닉,120080142918,2,02_raw_data/kipris_patent_full/120080142918_page_002.json,2026-09-30T15:23:43.335Z,True
120080142918:002:013,1020210078692,SEL-023,인피닉,120080142918,2,02_raw_data/kipris_patent_full/120080142918_page_002.json,2026-09-30T15:23:43.335Z,True
120080142918:002:033,1020210078697,SEL-023,인피닉,120080142918,2,02_raw_data/kipris_patent_full/120080142918_page_002.json,2026-09-30T15:23:43.335Z,True
119980992982:001:058,1020210079016,SEL-070,부전전자,119980992982,1,02_raw_data/kipris_patent_full/119980992982_page_001.json,2026-09-30T15:28:25.879Z,True
120170012940:001:030,1020210079324,SEL-052,유뱃,120170012940,1,02_raw_data/kipris_patent_full/120170012940_page_001.json,2026-09-30T15:26:50.377Z,True
120190790667:002:003,1020210079899,SEL-047,웨이브로드,120190790667,2,02_raw_data/kipris_patent_full/120190790667_page_002.json,2026-09-30T15:26:40.319Z,True
120010011066:001:043,1020210080411,SEL-060,이오시스템,120010011066,1,02_raw_data/kipris_patent_full/120010011066_page_001.json,2026-09-30T15:27:37.204Z,True
120010011066:001:082,1020210080412,SEL-060,이오시스템,120010011066,1,02_raw_data/kipris_patent_full/120010011066_page_001.json,2026-09-30T15:27:37.204Z,True
120190868043:001:051,1020210080972,SEL-005,에스아이에이,120190868043,1,02_raw_data/kipris_patent_full/120190868043_page_001.json,2026-09-30T15:20:09.084Z,True
120180068537:001:002,1020210081297,SEL-043,코클,120180068537,1,02_raw_data/kipris_patent_full/120180068537_page_001.json,2026-09-30T15:07:35.530Z,True
120100149207:001:012,1020210081385,SEL-004,솔빛시스템,120100149207,1,02_raw_data/kipris_patent_full/120100149207_page_001.json,2026-09-30T15:02:07.704Z,True
120180068537:001:012,1020210081504,SEL-043,코클,120180068537,1,02_raw_data/kipris_patent_full/120180068537_page_001.json,2026-09-30T15:07:35.530Z,True
120010216085:001:025,1020210082605,SEL-073,아이쓰리시스템,120010216085,1,02_raw_data/kipris_patent_full/120010216085_page_001.json,2026-09-30T15:12:17.655Z,True
120010216085:001:026,1020210082606,SEL-073,아이쓰리시스템,120010216085,1,02_raw_data/kipris_patent_full/120010216085_page_001.json,2026-09-30T15:12:17.655Z,True
120160256051:001:022,1020210082876,SEL-078,센서뷰,120160256051,1,02_raw_data/kipris_patent_full/120160256051_page_001.json,2026-09-30T15:29:41.938Z,True
119980992982:001:029,1020210082976,SEL-070,부전전자,119980992982,1,02_raw_data/kipris_patent_full/119980992982_page_001.json,2026-09-30T15:28:25.879Z,True
120160834252:001:063,1020210083129,SEL-009,에스오에스랩,120160834252,1,02_raw_data/kipris_patent_full/120160834252_page_001.json,2026-09-30T15:22:14.632Z,True
120200973794:001:023,1020210083637,SEL-080,비이아이랩,120200973794,1,02_raw_data/kipris_patent_full/120200973794_page_001.json,2026-09-30T15:15:41.477Z,True
120190868043:001:047,1020210084031,SEL-005,에스아이에이,120190868043,1,02_raw_data/kipris_patent_full/120190868043_page_001.json,2026-09-30T15:20:09.084Z,True
120160834252:002:022,1020210084422,SEL-009,에스오에스랩,120160834252,2,02_raw_data/kipris_patent_full/120160834252_page_002.json,2026-09-30T15:22:19.050Z,True
120160834252:002:012,1020210084423,SEL-009,에스오에스랩,120160834252,2,02_raw_data/kipris_patent_full/120160834252_page_002.json,2026-09-30T15:22:19.050Z,True
120190790667:002:058,1020210084975,SEL-047,웨이브로드,120190790667,2,02_raw_data/kipris_patent_full/120190790667_page_002.json,2026-09-30T15:26:40.319Z,True
120140451975:001:046,1020210085129,SEL-016,스탠다드시험연구소,120140451975,1,02_raw_data/kipris_patent_full/120140451975_page_001.json,2026-09-30T15:22:57.659Z,True
120190790667:001:074,1020210086955,SEL-047,웨이브로드,120190790667,1,02_raw_data/kipris_patent_full/120190790667_page_001.json,2026-09-30T15:26:35.321Z,True
120190790667:001:040,1020210087641,SEL-047,웨이브로드,120190790667,1,02_raw_data/kipris_patent_full/120190790667_page_001.json,2026-09-30T15:26:35.321Z,True
119980992982:002:009,1020210089362,SEL-070,부전전자,119980992982,2,02_raw_data/kipris_patent_full/119980992982_page_002.json,2026-09-30T15:28:30.243Z,True
120190790667:001:045,1020210089396,SEL-047,웨이브로드,120190790667,1,02_raw_data/kipris_patent_full/120190790667_page_001.json,2026-09-30T15:26:35.321Z,True
120080142918:002:028,1020210089483,SEL-023,인피닉,120080142918,2,02_raw_data/kipris_patent_full/120080142918_page_002.json,2026-09-30T15:23:43.335Z,True
120080142918:002:019,1020210089484,SEL-023,인피닉,120080142918,2,02_raw_data/kipris_patent_full/120080142918_page_002.json,2026-09-30T15:23:43.335Z,True
120080142918:001:089,1020210089485,SEL-023,인피닉,120080142918,1,02_raw_data/kipris_patent_full/120080142918_page_001.json,2026-09-30T15:23:39.053Z,True
120080142918:001:046,1020210089486,SEL-023,인피닉,120080142918,1,02_raw_data/kipris_patent_full/120080142918_page_001.json,2026-09-30T15:23:39.053Z,True
120080142918:001:044,1020210089487,SEL-023,인피닉,120080142918,1,02_raw_data/kipris_patent_full/120080142918_page_001.json,2026-09-30T15:23:39.053Z,True
120080142918:001:039,1020210089489,SEL-023,인피닉,120080142918,1,02_raw_data/kipris_patent_full/120080142918_page_001.json,2026-09-30T15:23:39.053Z,True
120080142918:001:013,1020210089490,SEL-023,인피닉,120080142918,1,02_raw_data/kipris_patent_full/120080142918_page_001.json,2026-09-30T15:23:39.053Z,True
120030032210:001:033,1020210090709,SEL-068,인텔리빅스,120030032210,1,02_raw_data/kipris_patent_full/120030032210_page_001.json,2026-09-30T15:28:06.481Z,True
120140451975:001:037,1020210091677,SEL-016,스탠다드시험연구소,120140451975,1,02_raw_data/kipris_patent_full/120140451975_page_001.json,2026-09-30T15:22:57.659Z,True
120190790667:001:084,1020210092370,SEL-047,웨이브로드,120190790667,1,02_raw_data/kipris_patent_full/120190790667_page_001.json,2026-09-30T15:26:35.321Z,True
120160256051:001:011,1020210093648,SEL-078,센서뷰,120160256051,1,02_raw_data/kipris_patent_full/120160256051_page_001.json,2026-09-30T15:29:41.938Z,True
120190868043:001:012,1020210093874,SEL-005,에스아이에이,120190868043,1,02_raw_data/kipris_patent_full/120190868043_page_001.json,2026-09-30T15:20:09.084Z,True
119980992982:001:046,1020210094327,SEL-070,부전전자,119980992982,1,02_raw_data/kipris_patent_full/119980992982_page_001.json,2026-09-30T15:28:25.879Z,True
120160834252:001:085,1020210094966,SEL-009,에스오에스랩,120160834252,1,02_raw_data/kipris_patent_full/120160834252_page_001.json,2026-09-30T15:22:14.632Z,True
120000407777:001:032,1020210096410,SEL-082,이루온,120000407777,1,02_raw_data/kipris_patent_full/120000407777_page_001.json,2026-09-30T15:30:04.874Z,True
120190790667:001:037,1020210096447,SEL-047,웨이브로드,120190790667,1,02_raw_data/kipris_patent_full/120190790667_page_001.json,2026-09-30T15:26:35.321Z,True
120140451975:001:061,1020210097040,SEL-016,스탠다드시험연구소,120140451975,1,02_raw_data/kipris_patent_full/120140451975_page_001.json,2026-09-30T15:22:57.659Z,True
120190868043:001:049,1020210097686,SEL-005,에스아이에이,120190868043,1,02_raw_data/kipris_patent_full/120190868043_page_001.json,2026-09-30T15:20:09.084Z,True
120100520372:001:015,1020210098487,SEL-014,네스앤텍,120100520372,1,02_raw_data/kipris_patent_full/120100520372_page_001.json,2026-09-30T15:04:27.081Z,True
120100520372:001:014,1020210098938,SEL-014,네스앤텍,120100520372,1,02_raw_data/kipris_patent_full/120100520372_page_001.json,2026-09-30T15:04:27.081Z,True
120190868043:001:064,1020210099111,SEL-005,에스아이에이,120190868043,1,02_raw_data/kipris_patent_full/120190868043_page_001.json,2026-09-30T15:20:09.084Z,True
120190868043:001:068,1020210099548,SEL-005,에스아이에이,120190868043,1,02_raw_data/kipris_patent_full/120190868043_page_001.json,2026-09-30T15:20:09.084Z,True
119990263757:001:008,1020210100346,SEL-071,마크애니,119990263757,1,02_raw_data/kipris_patent_full/119990263757_page_001.json,2026-09-30T15:28:56.695Z,True
119990263757:002:071,1020210100347,SEL-071,마크애니,119990263757,2,02_raw_data/kipris_patent_full/119990263757_page_002.json,2026-09-30T15:29:01.322Z,True
120180221908:001:082,1020210101832,SEL-044,마키나락스,120180221908,1,02_raw_data/kipris_patent_full/120180221908_page_001.json,2026-09-30T15:26:05.300Z,True
120180068537:001:011,1020210101968,SEL-043,코클,120180068537,1,02_raw_data/kipris_patent_full/120180068537_page_001.json,2026-09-30T15:07:35.530Z,True
120080142918:002:022,1020210102988,SEL-023,인피닉,120080142918,2,02_raw_data/kipris_patent_full/120080142918_page_002.json,2026-09-30T15:23:43.335Z,True
120080142918:002:010,1020210102991,SEL-023,인피닉,120080142918,2,02_raw_data/kipris_patent_full/120080142918_page_002.json,2026-09-30T15:23:43.335Z,True
120080142918:002:031,1020210102994,SEL-023,인피닉,120080142918,2,02_raw_data/kipris_patent_full/120080142918_page_002.json,2026-09-30T15:23:43.335Z,True
120080142918:002:016,1020210102995,SEL-023,인피닉,120080142918,2,02_raw_data/kipris_patent_full/120080142918_page_002.json,2026-09-30T15:23:43.335Z,True
120130036036:001:030,1020210103361,SEL-058,덕산넵코어스,120130036036,1,02_raw_data/kipris_patent_full/120130036036_page_001.json,2026-09-30T15:10:29.319Z,True
120180468784:002:024,1020210103968,SEL-074,딥엑스,120180468784,2,02_raw_data/kipris_patent_full/120180468784_page_002.json,2026-09-30T15:29:32.702Z,True
120190790667:002:081,1020210104297,SEL-047,웨이브로드,120190790667,2,02_raw_data/kipris_patent_full/120190790667_page_002.json,2026-09-30T15:26:40.319Z,True
120190868043:001:032,1020210105747,SEL-005,에스아이에이,120190868043,1,02_raw_data/kipris_patent_full/120190868043_page_001.json,2026-09-30T15:20:09.084Z,True
120160894020:001:024,1020210107417,SEL-034,아이디케이,120160894020,1,02_raw_data/kipris_patent_full/120160894020_page_001.json,2026-09-30T15:06:37.982Z,True
120180221908:001:083,1020210108125,SEL-044,마키나락스,120180221908,1,02_raw_data/kipris_patent_full/120180221908_page_001.json,2026-09-30T15:26:05.300Z,True
120150784556:001:013,1020210108483,SEL-027,컨트로맥스,120150784556,1,02_raw_data/kipris_patent_full/120150784556_page_001.json,2026-09-30T15:06:00.606Z,True
120140451975:001:030,1020210108892,SEL-016,스탠다드시험연구소,120140451975,1,02_raw_data/kipris_patent_full/120140451975_page_001.json,2026-09-30T15:22:57.659Z,True
120190868043:001:059,1020210109173,SEL-005,에스아이에이,120190868043,1,02_raw_data/kipris_patent_full/120190868043_page_001.json,2026-09-30T15:20:09.084Z,True
120190790667:001:086,1020210109671,SEL-047,웨이브로드,120190790667,1,02_raw_data/kipris_patent_full/120190790667_page_001.json,2026-09-30T15:26:35.321Z,True
120200328994:001:009,1020210109690,SEL-067,텔레픽스,120200328994,1,02_raw_data/kipris_patent_full/120200328994_page_001.json,2026-09-30T15:27:57.104Z,True
120070411804:001:031,1020210110971,SEL-036,솔탑,120070411804,1,02_raw_data/kipris_patent_full/120070411804_page_001.json,2026-09-30T15:24:20.530Z,True
120070411804:001:032,1020210110975,SEL-036,솔탑,120070411804,1,02_raw_data/kipris_patent_full/120070411804_page_001.json,2026-09-30T15:24:20.530Z,True
120070411804:001:038,1020210110978,SEL-036,솔탑,120070411804,1,02_raw_data/kipris_patent_full/120070411804_page_001.json,2026-09-30T15:24:20.530Z,True
120180221908:001:085,1020210112012,SEL-044,마키나락스,120180221908,1,02_raw_data/kipris_patent_full/120180221908_page_001.json,2026-09-30T15:26:05.300Z,True
120000572308:001:009,1020210112795,SEL-046,옵토웰,120000572308,1,02_raw_data/kipris_patent_full/120000572308_page_001.json,2026-09-30T15:26:16.022Z,True
120190868043:001:045,1020210113567,SEL-005,에스아이에이,120190868043,1,02_raw_data/kipris_patent_full/120190868043_page_001.json,2026-09-30T15:20:09.084Z,True
120160256051:001:075,1020210114992,SEL-078,센서뷰,120160256051,1,02_raw_data/kipris_patent_full/120160256051_page_001.json,2026-09-30T15:29:41.938Z,True
120170493817:001:050,1020210115397,SEL-008,RFHIC,120170493817,1,02_raw_data/kipris_patent_full/120170493817_page_001.json,2026-09-30T15:22:03.697Z,True
120000407777:001:005,1020210115435,SEL-082,이루온,120000407777,1,02_raw_data/kipris_patent_full/120000407777_page_001.json,2026-09-30T15:30:04.874Z,True
120200973794:001:004,1020210115620,SEL-080,비이아이랩,120200973794,1,02_raw_data/kipris_patent_full/120200973794_page_001.json,2026-09-30T15:15:41.477Z,True
119980992982:001:048,1020210115864,SEL-070,부전전자,119980992982,1,02_raw_data/kipris_patent_full/119980992982_page_001.json,2026-09-30T15:28:25.879Z,True
120160256051:001:010,1020210121638,SEL-078,센서뷰,120160256051,1,02_raw_data/kipris_patent_full/120160256051_page_001.json,2026-09-30T15:29:41.938Z,True
120190790667:003:002,1020210122613,SEL-047,웨이브로드,120190790667,3,02_raw_data/kipris_patent_full/120190790667_page_003.json,2026-09-30T15:26:43.391Z,True
120130036036:001:016,1020210123185,SEL-058,덕산넵코어스,120130036036,1,02_raw_data/kipris_patent_full/120130036036_page_001.json,2026-09-30T15:10:29.319Z,True
120160256051:002:015,1020210123703,SEL-078,센서뷰,120160256051,2,02_raw_data/kipris_patent_full/120160256051_page_002.json,2026-09-30T15:29:45.308Z,True
120180533683:001:029,1020210124490,SEL-042,모라이,120180533683,1,02_raw_data/kipris_patent_full/120180533683_page_001.json,2026-09-30T15:24:55.317Z,True
120000407777:001:062,1020210124676,SEL-082,이루온,120000407777,1,02_raw_data/kipris_patent_full/120000407777_page_001.json,2026-09-30T15:30:04.874Z,True
120190868043:001:062,1020210127727,SEL-005,에스아이에이,120190868043,1,02_raw_data/kipris_patent_full/120190868043_page_001.json,2026-09-30T15:20:09.084Z,True
120190868043:001:057,1020210127728,SEL-005,에스아이에이,120190868043,1,02_raw_data/kipris_patent_full/120190868043_page_001.json,2026-09-30T15:20:09.084Z,True
120190868043:001:054,1020210127729,SEL-005,에스아이에이,120190868043,1,02_raw_data/kipris_patent_full/120190868043_page_001.json,2026-09-30T15:20:09.084Z,True
120080142918:001:084,1020210128477,SEL-023,인피닉,120080142918,1,02_raw_data/kipris_patent_full/120080142918_page_001.json,2026-09-30T15:23:39.053Z,True
120080142918:001:078,1020210128481,SEL-023,인피닉,120080142918,1,02_raw_data/kipris_patent_full/120080142918_page_001.json,2026-09-30T15:23:39.053Z,True
120080142918:001:083,1020210128487,SEL-023,인피닉,120080142918,1,02_raw_data/kipris_patent_full/120080142918_page_001.json,2026-09-30T15:23:39.053Z,True
120080142918:001:077,1020210128491,SEL-023,인피닉,120080142918,1,02_raw_data/kipris_patent_full/120080142918_page_001.json,2026-09-30T15:23:39.053Z,True
120080142918:002:032,1020210128495,SEL-023,인피닉,120080142918,2,02_raw_data/kipris_patent_full/120080142918_page_002.json,2026-09-30T15:23:43.335Z,True
120080142918:001:087,1020210128500,SEL-023,인피닉,120080142918,1,02_raw_data/kipris_patent_full/120080142918_page_001.json,2026-09-30T15:23:39.053Z,True
120080142918:002:002,1020210128504,SEL-023,인피닉,120080142918,2,02_raw_data/kipris_patent_full/120080142918_page_002.json,2026-09-30T15:23:43.335Z,True
120080142918:001:090,1020210128512,SEL-023,인피닉,120080142918,1,02_raw_data/kipris_patent_full/120080142918_page_001.json,2026-09-30T15:23:39.053Z,True
120190868043:001:005,1020210128527,SEL-005,에스아이에이,120190868043,1,02_raw_data/kipris_patent_full/120190868043_page_001.json,2026-09-30T15:20:09.084Z,True
120160834252:002:015,1020210128897,SEL-009,에스오에스랩,120160834252,2,02_raw_data/kipris_patent_full/120160834252_page_002.json,2026-09-30T15:22:19.050Z,True
120160834252:002:013,1020210128898,SEL-009,에스오에스랩,120160834252,2,02_raw_data/kipris_patent_full/120160834252_page_002.json,2026-09-30T15:22:19.050Z,True
120160834252:002:014,1020210128899,SEL-009,에스오에스랩,120160834252,2,02_raw_data/kipris_patent_full/120160834252_page_002.json,2026-09-30T15:22:19.050Z,True
120200328994:001:022,1020210129625,SEL-067,텔레픽스,120200328994,1,02_raw_data/kipris_patent_full/120200328994_page_001.json,2026-09-30T15:27:57.104Z,True
120160256051:002:011,1020210129696,SEL-078,센서뷰,120160256051,2,02_raw_data/kipris_patent_full/120160256051_page_002.json,2026-09-30T15:29:45.308Z,True
120190790667:001:031,1020210130849,SEL-047,웨이브로드,120190790667,1,02_raw_data/kipris_patent_full/120190790667_page_001.json,2026-09-30T15:26:35.321Z,True
119990263757:002:002,1020210131554,SEL-071,마크애니,119990263757,2,02_raw_data/kipris_patent_full/119990263757_page_002.json,2026-09-30T15:29:01.322Z,True
120190790667:002:086,1020210131960,SEL-047,웨이브로드,120190790667,2,02_raw_data/kipris_patent_full/120190790667_page_002.json,2026-09-30T15:26:40.319Z,True
120170008840:001:009,1020210132101,SEL-061,휴라,120170008840,1,02_raw_data/kipris_patent_full/120170008840_page_001.json,2026-09-30T15:10:34.689Z,True
120190868043:001:011,1020210133192,SEL-005,에스아이에이,120190868043,1,02_raw_data/kipris_patent_full/120190868043_page_001.json,2026-09-30T15:20:09.084Z,True
120130332921:001:001,1020210134824,SEL-032,센서피아,120130332921,1,02_raw_data/kipris_patent_full/120130332921_page_001.json,2026-09-30T15:06:33.650Z,True
120020328376:001:007,1020210135029,SEL-002,단암시스템즈,120020328376,1,02_raw_data/kipris_patent_full/120020328376_page_001.json,2026-09-30T15:02:00.539Z,True
120190868043:001:040,1020210135451,SEL-005,에스아이에이,120190868043,1,02_raw_data/kipris_patent_full/120190868043_page_001.json,2026-09-30T15:20:09.084Z,True
120100400701:001:003,1020210135870,SEL-006,아이브스,120100400701,1,02_raw_data/kipris_patent_full/120100400701_page_001.json,2026-09-30T15:02:26.967Z,True
120040367533:001:001,1020210136361,SEL-051,소나테크,120040367533,1,02_raw_data/kipris_patent_full/120040367533_page_001.json,2026-09-30T15:08:47.197Z,True
120080142918:002:051,1020210136607,SEL-023,인피닉,120080142918,2,02_raw_data/kipris_patent_full/120080142918_page_002.json,2026-09-30T15:23:43.335Z,True
120080142918:002:036,1020210136608,SEL-023,인피닉,120080142918,2,02_raw_data/kipris_patent_full/120080142918_page_002.json,2026-09-30T15:23:43.335Z,True
120080142918:001:061,1020210136609,SEL-023,인피닉,120080142918,1,02_raw_data/kipris_patent_full/120080142918_page_001.json,2026-09-30T15:23:39.053Z,True
120080142918:002:052,1020210136610,SEL-023,인피닉,120080142918,2,02_raw_data/kipris_patent_full/120080142918_page_002.json,2026-09-30T15:23:43.335Z,True
120080142918:002:050,1020210136611,SEL-023,인피닉,120080142918,2,02_raw_data/kipris_patent_full/120080142918_page_002.json,2026-09-30T15:23:43.335Z,True
120080142918:002:054,1020210136612,SEL-023,인피닉,120080142918,2,02_raw_data/kipris_patent_full/120080142918_page_002.json,2026-09-30T15:23:43.335Z,True
120080142918:002:055,1020210136613,SEL-023,인피닉,120080142918,2,02_raw_data/kipris_patent_full/120080142918_page_002.json,2026-09-30T15:23:43.335Z,True
120080142918:002:053,1020210136614,SEL-023,인피닉,120080142918,2,02_raw_data/kipris_patent_full/120080142918_page_002.json,2026-09-30T15:23:43.335Z,True
120080142918:002:063,1020210136615,SEL-023,인피닉,120080142918,2,02_raw_data/kipris_patent_full/120080142918_page_002.json,2026-09-30T15:23:43.335Z,True
120080142918:002:059,1020210136616,SEL-023,인피닉,120080142918,2,02_raw_data/kipris_patent_full/120080142918_page_002.json,2026-09-30T15:23:43.335Z,True
120080142918:002:057,1020210136617,SEL-023,인피닉,120080142918,2,02_raw_data/kipris_patent_full/120080142918_page_002.json,2026-09-30T15:23:43.335Z,True
120080142918:001:086,1020210136618,SEL-023,인피닉,120080142918,1,02_raw_data/kipris_patent_full/120080142918_page_001.json,2026-09-30T15:23:39.053Z,True
120080142918:001:059,1020210136619,SEL-023,인피닉,120080142918,1,02_raw_data/kipris_patent_full/120080142918_page_001.json,2026-09-30T15:23:39.053Z,True
120080142918:002:064,1020210136620,SEL-023,인피닉,120080142918,2,02_raw_data/kipris_patent_full/120080142918_page_002.json,2026-09-30T15:23:43.335Z,True
120080142918:002:029,1020210136621,SEL-023,인피닉,120080142918,2,02_raw_data/kipris_patent_full/120080142918_page_002.json,2026-09-30T15:23:43.335Z,True
120080142918:002:061,1020210136622,SEL-023,인피닉,120080142918,2,02_raw_data/kipris_patent_full/120080142918_page_002.json,2026-09-30T15:23:43.335Z,True
120080142918:001:057,1020210136623,SEL-023,인피닉,120080142918,1,02_raw_data/kipris_patent_full/120080142918_page_001.json,2026-09-30T15:23:39.053Z,True
120080142918:002:060,1020210136624,SEL-023,인피닉,120080142918,2,02_raw_data/kipris_patent_full/120080142918_page_002.json,2026-09-30T15:23:43.335Z,True
120080142918:002:062,1020210136625,SEL-023,인피닉,120080142918,2,02_raw_data/kipris_patent_full/120080142918_page_002.json,2026-09-30T15:23:43.335Z,True
120080142918:002:058,1020210136626,SEL-023,인피닉,120080142918,2,02_raw_data/kipris_patent_full/120080142918_page_002.json,2026-09-30T15:23:43.335Z,True
120080142918:002:056,1020210136627,SEL-023,인피닉,120080142918,2,02_raw_data/kipris_patent_full/120080142918_page_002.json,2026-09-30T15:23:43.335Z,True
120190790667:002:007,1020210137660,SEL-047,웨이브로드,120190790667,2,02_raw_data/kipris_patent_full/120190790667_page_002.json,2026-09-30T15:26:40.319Z,True
120180510935:001:035,1020210138911,SEL-031,파블로항공,120180510935,1,02_raw_data/kipris_patent_full/120180510935_page_001.json,2026-09-30T15:06:28.194Z,True
120180510935:001:036,1020210138912,SEL-031,파블로항공,120180510935,1,02_raw_data/kipris_patent_full/120180510935_page_001.json,2026-09-30T15:06:28.194Z,True
120180510935:001:024,1020210139042,SEL-031,파블로항공,120180510935,1,02_raw_data/kipris_patent_full/120180510935_page_001.json,2026-09-30T15:06:28.194Z,True
120180510935:001:013,1020210139043,SEL-031,파블로항공,120180510935,1,02_raw_data/kipris_patent_full/120180510935_page_001.json,2026-09-30T15:06:28.194Z,True
120180510935:001:012,1020210139044,SEL-031,파블로항공,120180510935,1,02_raw_data/kipris_patent_full/120180510935_page_001.json,2026-09-30T15:06:28.194Z,True
120190790667:001:073,1020210139085,SEL-047,웨이브로드,120190790667,1,02_raw_data/kipris_patent_full/120190790667_page_001.json,2026-09-30T15:26:35.321Z,True
120190868043:001:044,1020210139983,SEL-005,에스아이에이,120190868043,1,02_raw_data/kipris_patent_full/120190868043_page_001.json,2026-09-30T15:20:09.084Z,True
120190868043:001:067,1020210139984,SEL-005,에스아이에이,120190868043,1,02_raw_data/kipris_patent_full/120190868043_page_001.json,2026-09-30T15:20:09.084Z,True
120190868043:001:066,1020210139985,SEL-005,에스아이에이,120190868043,1,02_raw_data/kipris_patent_full/120190868043_page_001.json,2026-09-30T15:20:09.084Z,True
120180468784:001:011,1020210141690,SEL-074,딥엑스,120180468784,1,02_raw_data/kipris_patent_full/120180468784_page_001.json,2026-09-30T15:29:28.979Z,True
120160256051:001:034,1020210141695,SEL-078,센서뷰,120160256051,1,02_raw_data/kipris_patent_full/120160256051_page_001.json,2026-09-30T15:29:41.938Z,True
120100520372:001:009,1020210142328,SEL-014,네스앤텍,120100520372,1,02_raw_data/kipris_patent_full/120100520372_page_001.json,2026-09-30T15:04:27.081Z,True
120190790667:002:085,1020210142480,SEL-047,웨이브로드,120190790667,2,02_raw_data/kipris_patent_full/120190790667_page_002.json,2026-09-30T15:26:40.319Z,True
120180468784:001:040,1020210142768,SEL-074,딥엑스,120180468784,1,02_raw_data/kipris_patent_full/120180468784_page_001.json,2026-09-30T15:29:28.979Z,True
120180468784:001:051,1020210142773,SEL-074,딥엑스,120180468784,1,02_raw_data/kipris_patent_full/120180468784_page_001.json,2026-09-30T15:29:28.979Z,True
120180468784:001:066,1020210142774,SEL-074,딥엑스,120180468784,1,02_raw_data/kipris_patent_full/120180468784_page_001.json,2026-09-30T15:29:28.979Z,True
120200109241:001:004,1020210145705,SEL-054,패리티,120200109241,1,02_raw_data/kipris_patent_full/120200109241_page_001.json,2026-09-30T15:26:59.124Z,True
120160085076:001:015,1020210148366,SEL-072,써로마인드,120160085076,1,02_raw_data/kipris_patent_full/120160085076_page_001.json,2026-09-30T15:12:12.286Z,True
120160834252:002:010,1020210150202,SEL-009,에스오에스랩,120160834252,2,02_raw_data/kipris_patent_full/120160834252_page_002.json,2026-09-30T15:22:19.050Z,True
120160684045:001:017,1020210150628,SEL-024,웨이브피아,120160684045,1,02_raw_data/kipris_patent_full/120160684045_page_001.json,2026-09-30T15:05:46.995Z,True
120010011066:001:042,1020210151151,SEL-060,이오시스템,120010011066,1,02_raw_data/kipris_patent_full/120010011066_page_001.json,2026-09-30T15:27:37.204Z,True
120130036036:001:038,1020210155095,SEL-058,덕산넵코어스,120130036036,1,02_raw_data/kipris_patent_full/120130036036_page_001.json,2026-09-30T15:10:29.319Z,True
120160834252:001:080,1020210155396,SEL-009,에스오에스랩,120160834252,1,02_raw_data/kipris_patent_full/120160834252_page_001.json,2026-09-30T15:22:14.632Z,True
120160834252:001:066,1020210155397,SEL-009,에스오에스랩,120160834252,1,02_raw_data/kipris_patent_full/120160834252_page_001.json,2026-09-30T15:22:14.632Z,True
120160834252:001:037,1020210155398,SEL-009,에스오에스랩,120160834252,1,02_raw_data/kipris_patent_full/120160834252_page_001.json,2026-09-30T15:22:14.632Z,True
120180510935:001:023,1020210156397,SEL-031,파블로항공,120180510935,1,02_raw_data/kipris_patent_full/120180510935_page_001.json,2026-09-30T15:06:28.194Z,True
120070411804:001:030,1020210156692,SEL-036,솔탑,120070411804,1,02_raw_data/kipris_patent_full/120070411804_page_001.json,2026-09-30T15:24:20.530Z,True
120180221908:001:029,1020210159380,SEL-044,마키나락스,120180221908,1,02_raw_data/kipris_patent_full/120180221908_page_001.json,2026-09-30T15:26:05.300Z,True
120180221908:001:004,1020210159381,SEL-044,마키나락스,120180221908,1,02_raw_data/kipris_patent_full/120180221908_page_001.json,2026-09-30T15:26:05.300Z,True
120160894020:001:019,1020210160678,SEL-034,아이디케이,120160894020,1,02_raw_data/kipris_patent_full/120160894020_page_001.json,2026-09-30T15:06:37.982Z,True
120160894020:001:018,1020210160729,SEL-034,아이디케이,120160894020,1,02_raw_data/kipris_patent_full/120160894020_page_001.json,2026-09-30T15:06:37.982Z,True
120160894020:001:009,1020210160767,SEL-034,아이디케이,120160894020,1,02_raw_data/kipris_patent_full/120160894020_page_001.json,2026-09-30T15:06:37.982Z,True
120180510935:001:005,1020210160900,SEL-031,파블로항공,120180510935,1,02_raw_data/kipris_patent_full/120180510935_page_001.json,2026-09-30T15:06:28.194Z,True
119980992982:001:051,1020210161065,SEL-070,부전전자,119980992982,1,02_raw_data/kipris_patent_full/119980992982_page_001.json,2026-09-30T15:28:25.879Z,True
120180068537:001:003,1020210161205,SEL-043,코클,120180068537,1,02_raw_data/kipris_patent_full/120180068537_page_001.json,2026-09-30T15:07:35.530Z,True
120180533683:001:009,1020210161247,SEL-042,모라이,120180533683,1,02_raw_data/kipris_patent_full/120180533683_page_001.json,2026-09-30T15:24:55.317Z,True
120180533683:001:006,1020210162216,SEL-042,모라이,120180533683,1,02_raw_data/kipris_patent_full/120180533683_page_001.json,2026-09-30T15:24:55.317Z,True
119990263757:002:057,1020210162444,SEL-071,마크애니,119990263757,2,02_raw_data/kipris_patent_full/119990263757_page_002.json,2026-09-30T15:29:01.322Z,True
120180533683:001:028,1020210162520,SEL-042,모라이,120180533683,1,02_raw_data/kipris_patent_full/120180533683_page_001.json,2026-09-30T15:24:55.317Z,True
120010011066:001:049,1020210162546,SEL-060,이오시스템,120010011066,1,02_raw_data/kipris_patent_full/120010011066_page_001.json,2026-09-30T15:27:37.204Z,True
119990263757:001:056,1020210163587,SEL-071,마크애니,119990263757,1,02_raw_data/kipris_patent_full/119990263757_page_001.json,2026-09-30T15:28:56.695Z,True
120120621794:001:028,1020210164651,SEL-022,다비오,120120621794,1,02_raw_data/kipris_patent_full/120120621794_page_001.json,2026-09-30T15:23:16.798Z,True
120190790667:002:057,1020210164995,SEL-047,웨이브로드,120190790667,2,02_raw_data/kipris_patent_full/120190790667_page_002.json,2026-09-30T15:26:40.319Z,True
120150512756:001:064,1020210165280,SEL-030,니어스랩,120150512756,1,02_raw_data/kipris_patent_full/120150512756_page_001.json,2026-09-30T15:24:05.144Z,True
119990263757:002:075,1020210165616,SEL-071,마크애니,119990263757,2,02_raw_data/kipris_patent_full/119990263757_page_002.json,2026-09-30T15:29:01.322Z,True
120010011066:001:045,1020210166274,SEL-060,이오시스템,120010011066,1,02_raw_data/kipris_patent_full/120010011066_page_001.json,2026-09-30T15:27:37.204Z,True
120140451975:001:050,1020210166383,SEL-016,스탠다드시험연구소,120140451975,1,02_raw_data/kipris_patent_full/120140451975_page_001.json,2026-09-30T15:22:57.659Z,True
120160085076:001:011,1020210167790,SEL-072,써로마인드,120160085076,1,02_raw_data/kipris_patent_full/120160085076_page_001.json,2026-09-30T15:12:12.286Z,True
120160834252:002:037,1020210168211,SEL-009,에스오에스랩,120160834252,2,02_raw_data/kipris_patent_full/120160834252_page_002.json,2026-09-30T15:22:19.050Z,True
120160834252:001:003,1020210168212,SEL-009,에스오에스랩,120160834252,1,02_raw_data/kipris_patent_full/120160834252_page_001.json,2026-09-30T15:22:14.632Z,True
120160834252:001:004,1020210168213,SEL-009,에스오에스랩,120160834252,1,02_raw_data/kipris_patent_full/120160834252_page_001.json,2026-09-30T15:22:14.632Z,True
120190868043:001:042,1020210168545,SEL-005,에스아이에이,120190868043,1,02_raw_data/kipris_patent_full/120190868043_page_001.json,2026-09-30T15:20:09.084Z,True
120140451975:001:029,1020210169051,SEL-016,스탠다드시험연구소,120140451975,1,02_raw_data/kipris_patent_full/120140451975_page_001.json,2026-09-30T15:22:57.659Z,True
120150512756:001:018,1020210169877,SEL-030,니어스랩,120150512756,1,02_raw_data/kipris_patent_full/120150512756_page_001.json,2026-09-30T15:24:05.144Z,True
120150512756:001:015,1020210170011,SEL-030,니어스랩,120150512756,1,02_raw_data/kipris_patent_full/120150512756_page_001.json,2026-09-30T15:24:05.144Z,True
120000572308:001:008,1020210170018,SEL-046,옵토웰,120000572308,1,02_raw_data/kipris_patent_full/120000572308_page_001.json,2026-09-30T15:26:16.022Z,True
120010011066:001:041,1020210170351,SEL-060,이오시스템,120010011066,1,02_raw_data/kipris_patent_full/120010011066_page_001.json,2026-09-30T15:27:37.204Z,True
120170493817:001:015,1020210170441,SEL-008,RFHIC,120170493817,1,02_raw_data/kipris_patent_full/120170493817_page_001.json,2026-09-30T15:22:03.697Z,True
119980992982:002:054,1020210170521,SEL-070,부전전자,119980992982,2,02_raw_data/kipris_patent_full/119980992982_page_002.json,2026-09-30T15:28:30.243Z,True
120190868043:001:039,1020210170689,SEL-005,에스아이에이,120190868043,1,02_raw_data/kipris_patent_full/120190868043_page_001.json,2026-09-30T15:20:09.084Z,True
120150512756:001:027,1020210170728,SEL-030,니어스랩,120150512756,1,02_raw_data/kipris_patent_full/120150512756_page_001.json,2026-09-30T15:24:05.144Z,True
120170012940:001:021,1020210170863,SEL-052,유뱃,120170012940,1,02_raw_data/kipris_patent_full/120170012940_page_001.json,2026-09-30T15:26:50.377Z,True
119990582540:001:036,1020210171255,SEL-021,코난테크놀로지,119990582540,1,02_raw_data/kipris_patent_full/119990582540_page_001.json,2026-09-30T15:23:09.237Z,True
120190790667:001:050,1020210172292,SEL-047,웨이브로드,120190790667,1,02_raw_data/kipris_patent_full/120190790667_page_001.json,2026-09-30T15:26:35.321Z,True
120190868043:001:065,1020210172526,SEL-005,에스아이에이,120190868043,1,02_raw_data/kipris_patent_full/120190868043_page_001.json,2026-09-30T15:20:09.084Z,True
119990582540:001:068,1020210173067,SEL-021,코난테크놀로지,119990582540,1,02_raw_data/kipris_patent_full/119990582540_page_001.json,2026-09-30T15:23:09.237Z,True
119990582540:001:075,1020210173068,SEL-021,코난테크놀로지,119990582540,1,02_raw_data/kipris_patent_full/119990582540_page_001.json,2026-09-30T15:23:09.237Z,True
120140025378:001:017,1020210176087,SEL-001,ANH스트럭쳐,120140025378,1,02_raw_data/kipris_patent_full/120140025378_page_001.json,2026-09-30T14:59:26.805Z,True
120180221908:001:006,1020210176701,SEL-044,마키나락스,120180221908,1,02_raw_data/kipris_patent_full/120180221908_page_001.json,2026-09-30T15:26:05.300Z,True
119990263757:003:042,1020210176731,SEL-071,마크애니,119990263757,3,02_raw_data/kipris_patent_full/119990263757_page_003.json,2026-09-30T15:29:06.668Z,True
119990263757:003:050,1020210176733,SEL-071,마크애니,119990263757,3,02_raw_data/kipris_patent_full/119990263757_page_003.json,2026-09-30T15:29:06.668Z,True
120170012940:001:005,1020210176966,SEL-052,유뱃,120170012940,1,02_raw_data/kipris_patent_full/120170012940_page_001.json,2026-09-30T15:26:50.377Z,True
120180510935:001:019,1020210177207,SEL-031,파블로항공,120180510935,1,02_raw_data/kipris_patent_full/120180510935_page_001.json,2026-09-30T15:06:28.194Z,True
120030032210:001:006,1020210178703,SEL-068,인텔리빅스,120030032210,1,02_raw_data/kipris_patent_full/120030032210_page_001.json,2026-09-30T15:28:06.481Z,True
120000497105:001:032,1020210179070,SEL-015,아이블포토닉스,120000497105,1,02_raw_data/kipris_patent_full/120000497105_page_001.json,2026-09-30T15:22:44.285Z,True
119990263757:002:028,1020210179581,SEL-071,마크애니,119990263757,2,02_raw_data/kipris_patent_full/119990263757_page_002.json,2026-09-30T15:29:01.322Z,True
120040032146:001:008,1020210180582,SEL-035,심네트,120040032146,1,02_raw_data/kipris_patent_full/120040032146_page_001.json,2026-09-30T15:06:52.334Z,True
120040032146:001:010,1020210180585,SEL-035,심네트,120040032146,1,02_raw_data/kipris_patent_full/120040032146_page_001.json,2026-09-30T15:06:52.334Z,True
119980992982:002:061,1020210180664,SEL-070,부전전자,119980992982,2,02_raw_data/kipris_patent_full/119980992982_page_002.json,2026-09-30T15:28:30.243Z,True
119980992982:002:062,1020210180685,SEL-070,부전전자,119980992982,2,02_raw_data/kipris_patent_full/119980992982_page_002.json,2026-09-30T15:28:30.243Z,True
120180468784:001:063,1020210181081,SEL-074,딥엑스,120180468784,1,02_raw_data/kipris_patent_full/120180468784_page_001.json,2026-09-30T15:29:28.979Z,True
120180468784:002:017,1020210181082,SEL-074,딥엑스,120180468784,2,02_raw_data/kipris_patent_full/120180468784_page_002.json,2026-09-30T15:29:32.702Z,True
120160894020:001:006,1020210181272,SEL-034,아이디케이,120160894020,1,02_raw_data/kipris_patent_full/120160894020_page_001.json,2026-09-30T15:06:37.982Z,True
120000218885:001:031,1020210182847,SEL-011,대한광통신,120000218885,1,02_raw_data/kipris_patent_full/120000218885_page_001.json,2026-09-30T15:22:28.790Z,True
119990582540:001:034,1020210182864,SEL-021,코난테크놀로지,119990582540,1,02_raw_data/kipris_patent_full/119990582540_page_001.json,2026-09-30T15:23:09.237Z,True
120190790667:001:026,1020210182971,SEL-047,웨이브로드,120190790667,1,02_raw_data/kipris_patent_full/120190790667_page_001.json,2026-09-30T15:26:35.321Z,True
120080142918:001:064,1020210183361,SEL-023,인피닉,120080142918,1,02_raw_data/kipris_patent_full/120080142918_page_001.json,2026-09-30T15:23:39.053Z,True
120080142918:001:065,1020210183362,SEL-023,인피닉,120080142918,1,02_raw_data/kipris_patent_full/120080142918_page_001.json,2026-09-30T15:23:39.053Z,True
120080142918:001:067,1020210183363,SEL-023,인피닉,120080142918,1,02_raw_data/kipris_patent_full/120080142918_page_001.json,2026-09-30T15:23:39.053Z,True
120080142918:001:036,1020210183364,SEL-023,인피닉,120080142918,1,02_raw_data/kipris_patent_full/120080142918_page_001.json,2026-09-30T15:23:39.053Z,True
120080142918:001:023,1020210183365,SEL-023,인피닉,120080142918,1,02_raw_data/kipris_patent_full/120080142918_page_001.json,2026-09-30T15:23:39.053Z,True
120080142918:001:070,1020210183366,SEL-023,인피닉,120080142918,1,02_raw_data/kipris_patent_full/120080142918_page_001.json,2026-09-30T15:23:39.053Z,True
120080142918:001:012,1020210183368,SEL-023,인피닉,120080142918,1,02_raw_data/kipris_patent_full/120080142918_page_001.json,2026-09-30T15:23:39.053Z,True
120080142918:001:074,1020210183369,SEL-023,인피닉,120080142918,1,02_raw_data/kipris_patent_full/120080142918_page_001.json,2026-09-30T15:23:39.053Z,True
120080142918:001:062,1020210183370,SEL-023,인피닉,120080142918,1,02_raw_data/kipris_patent_full/120080142918_page_001.json,2026-09-30T15:23:39.053Z,True
120080142918:001:063,1020210183371,SEL-023,인피닉,120080142918,1,02_raw_data/kipris_patent_full/120080142918_page_001.json,2026-09-30T15:23:39.053Z,True
120080142918:001:020,1020210183372,SEL-023,인피닉,120080142918,1,02_raw_data/kipris_patent_full/120080142918_page_001.json,2026-09-30T15:23:39.053Z,True
120080142918:001:066,1020210183373,SEL-023,인피닉,120080142918,1,02_raw_data/kipris_patent_full/120080142918_page_001.json,2026-09-30T15:23:39.053Z,True
120080142918:002:001,1020210183374,SEL-023,인피닉,120080142918,2,02_raw_data/kipris_patent_full/120080142918_page_002.json,2026-09-30T15:23:43.335Z,True
120080142918:001:076,1020210183375,SEL-023,인피닉,120080142918,1,02_raw_data/kipris_patent_full/120080142918_page_001.json,2026-09-30T15:23:39.053Z,True
120080142918:001:085,1020210183376,SEL-023,인피닉,120080142918,1,02_raw_data/kipris_patent_full/120080142918_page_001.json,2026-09-30T15:23:39.053Z,True
120080142918:001:081,1020210183377,SEL-023,인피닉,120080142918,1,02_raw_data/kipris_patent_full/120080142918_page_001.json,2026-09-30T15:23:39.053Z,True
120080142918:002:006,1020210183378,SEL-023,인피닉,120080142918,2,02_raw_data/kipris_patent_full/120080142918_page_002.json,2026-09-30T15:23:43.335Z,True
119990582540:001:025,1020210183557,SEL-021,코난테크놀로지,119990582540,1,02_raw_data/kipris_patent_full/119990582540_page_001.json,2026-09-30T15:23:09.237Z,True
119990582540:001:077,1020210184690,SEL-021,코난테크놀로지,119990582540,1,02_raw_data/kipris_patent_full/119990582540_page_001.json,2026-09-30T15:23:09.237Z,True
119990582540:001:076,1020210184691,SEL-021,코난테크놀로지,119990582540,1,02_raw_data/kipris_patent_full/119990582540_page_001.json,2026-09-30T15:23:09.237Z,True
119990582540:001:065,1020210184692,SEL-021,코난테크놀로지,119990582540,1,02_raw_data/kipris_patent_full/119990582540_page_001.json,2026-09-30T15:23:09.237Z,True
120010224632:001:012,1020210186392,SEL-037,두시텍,120010224632,1,02_raw_data/kipris_patent_full/120010224632_page_001.json,2026-09-30T15:07:01.235Z,True
119990582540:001:048,1020210186886,SEL-021,코난테크놀로지,119990582540,1,02_raw_data/kipris_patent_full/119990582540_page_001.json,2026-09-30T15:23:09.237Z,True
120170230641:001:022,1020210187936,SEL-059,버넥트,120170230641,1,02_raw_data/kipris_patent_full/120170230641_page_001.json,2026-09-30T15:27:25.051Z,True
120160894020:001:013,1020210188011,SEL-034,아이디케이,120160894020,1,02_raw_data/kipris_patent_full/120160894020_page_001.json,2026-09-30T15:06:37.982Z,True
120020328376:001:002,1020210188019,SEL-002,단암시스템즈,120020328376,1,02_raw_data/kipris_patent_full/120020328376_page_001.json,2026-09-30T15:02:00.539Z,True
120170230641:001:078,1020210188272,SEL-059,버넥트,120170230641,1,02_raw_data/kipris_patent_full/120170230641_page_001.json,2026-09-30T15:27:25.051Z,True
120030032210:001:008,1020210188368,SEL-068,인텔리빅스,120030032210,1,02_raw_data/kipris_patent_full/120030032210_page_001.json,2026-09-30T15:28:06.481Z,True
120180510935:001:004,1020210188552,SEL-031,파블로항공,120180510935,1,02_raw_data/kipris_patent_full/120180510935_page_001.json,2026-09-30T15:06:28.194Z,True
119990263757:001:073,1020210188711,SEL-071,마크애니,119990263757,1,02_raw_data/kipris_patent_full/119990263757_page_001.json,2026-09-30T15:28:56.695Z,True
119990582540:001:071,1020210189000,SEL-021,코난테크놀로지,119990582540,1,02_raw_data/kipris_patent_full/119990582540_page_001.json,2026-09-30T15:23:09.237Z,True
120170230641:001:075,1020210189152,SEL-059,버넥트,120170230641,1,02_raw_data/kipris_patent_full/120170230641_page_001.json,2026-09-30T15:27:25.051Z,True
120160894020:001:017,1020210189289,SEL-034,아이디케이,120160894020,1,02_raw_data/kipris_patent_full/120160894020_page_001.json,2026-09-30T15:06:37.982Z,True
120170230641:001:073,1020210189341,SEL-059,버넥트,120170230641,1,02_raw_data/kipris_patent_full/120170230641_page_001.json,2026-09-30T15:27:25.051Z,True
120070411804:001:037,1020210189563,SEL-036,솔탑,120070411804,1,02_raw_data/kipris_patent_full/120070411804_page_001.json,2026-09-30T15:24:20.530Z,True
120100400701:001:009,1020210189768,SEL-006,아이브스,120100400701,1,02_raw_data/kipris_patent_full/120100400701_page_001.json,2026-09-30T15:02:26.967Z,True
120160834252:002:044,1020210190526,SEL-009,에스오에스랩,120160834252,2,02_raw_data/kipris_patent_full/120160834252_page_002.json,2026-09-30T15:22:19.050Z,True
120160834252:002:040,1020210190527,SEL-009,에스오에스랩,120160834252,2,02_raw_data/kipris_patent_full/120160834252_page_002.json,2026-09-30T15:22:19.050Z,True
120160834252:002:048,1020210190528,SEL-009,에스오에스랩,120160834252,2,02_raw_data/kipris_patent_full/120160834252_page_002.json,2026-09-30T15:22:19.050Z,True
120060503193:001:013,1020210190879,SEL-083,유저스,120060503193,1,02_raw_data/kipris_patent_full/120060503193_page_001.json,2026-09-30T15:15:58.429Z,True
120060069154:001:011,1020210191051,SEL-012,영풍전자,120060069154,1,02_raw_data/kipris_patent_full/120060069154_page_001.json,2026-09-30T15:04:01.035Z,True
120100400701:001:025,1020210191585,SEL-006,아이브스,120100400701,1,02_raw_data/kipris_patent_full/120100400701_page_001.json,2026-09-30T15:02:26.967Z,True
120170230641:001:077,1020210191588,SEL-059,버넥트,120170230641,1,02_raw_data/kipris_patent_full/120170230641_page_001.json,2026-09-30T15:27:25.051Z,True
120170230641:001:074,1020210191596,SEL-059,버넥트,120170230641,1,02_raw_data/kipris_patent_full/120170230641_page_001.json,2026-09-30T15:27:25.051Z,True
120170230641:001:076,1020210192571,SEL-059,버넥트,120170230641,1,02_raw_data/kipris_patent_full/120170230641_page_001.json,2026-09-30T15:27:25.051Z,True
120200328994:001:008,1020210192917,SEL-067,텔레픽스,120200328994,1,02_raw_data/kipris_patent_full/120200328994_page_001.json,2026-09-30T15:27:57.104Z,True
120190790667:001:036,1020210193217,SEL-047,웨이브로드,120190790667,1,02_raw_data/kipris_patent_full/120190790667_page_001.json,2026-09-30T15:26:35.321Z,True
120170230641:001:005,1020210193373,SEL-059,버넥트,120170230641,1,02_raw_data/kipris_patent_full/120170230641_page_001.json,2026-09-30T15:27:25.051Z,True
120170230641:001:019,1020210193464,SEL-059,버넥트,120170230641,1,02_raw_data/kipris_patent_full/120170230641_page_001.json,2026-09-30T15:27:25.051Z,True
120140025378:001:035,1020210193468,SEL-001,ANH스트럭쳐,120140025378,1,02_raw_data/kipris_patent_full/120140025378_page_001.json,2026-09-30T14:59:26.805Z,True
120180510935:001:022,1020210193719,SEL-031,파블로항공,120180510935,1,02_raw_data/kipris_patent_full/120180510935_page_001.json,2026-09-30T15:06:28.194Z,True
120190868043:001:022,1020210193812,SEL-005,에스아이에이,120190868043,1,02_raw_data/kipris_patent_full/120190868043_page_001.json,2026-09-30T15:20:09.084Z,True
120170230641:001:009,1020210194396,SEL-059,버넥트,120170230641,1,02_raw_data/kipris_patent_full/120170230641_page_001.json,2026-09-30T15:27:25.051Z,True
120170230641:001:080,1020210194399,SEL-059,버넥트,120170230641,1,02_raw_data/kipris_patent_full/120170230641_page_001.json,2026-09-30T15:27:25.051Z,True
120180221908:001:078,1020217016726,SEL-044,마키나락스,120180221908,1,02_raw_data/kipris_patent_full/120180221908_page_001.json,2026-09-30T15:26:05.300Z,True
120180468784:002:004,1020217024935,SEL-074,딥엑스,120180468784,2,02_raw_data/kipris_patent_full/120180468784_page_002.json,2026-09-30T15:29:32.702Z,True
120190868043:001:013,1020220000169,SEL-005,에스아이에이,120190868043,1,02_raw_data/kipris_patent_full/120190868043_page_001.json,2026-09-30T15:20:09.084Z,True
120010011066:001:046,1020220001447,SEL-060,이오시스템,120010011066,1,02_raw_data/kipris_patent_full/120010011066_page_001.json,2026-09-30T15:27:37.204Z,True
120180468784:002:003,1020220003510,SEL-074,딥엑스,120180468784,2,02_raw_data/kipris_patent_full/120180468784_page_002.json,2026-09-30T15:29:32.702Z,True
120180184433:001:003,1020220004142,SEL-045,퓨리오사에이아이,120180184433,1,02_raw_data/kipris_patent_full/120180184433_page_001.json,2026-09-30T15:07:57.321Z,True
120180510935:001:037,1020220005349,SEL-031,파블로항공,120180510935,1,02_raw_data/kipris_patent_full/120180510935_page_001.json,2026-09-30T15:06:28.194Z,True
120180510935:001:034,1020220005351,SEL-031,파블로항공,120180510935,1,02_raw_data/kipris_patent_full/120180510935_page_001.json,2026-09-30T15:06:28.194Z,True
120140451975:001:022,1020220006635,SEL-016,스탠다드시험연구소,120140451975,1,02_raw_data/kipris_patent_full/120140451975_page_001.json,2026-09-30T15:22:57.659Z,True
120160256051:001:060,1020220006994,SEL-078,센서뷰,120160256051,1,02_raw_data/kipris_patent_full/120160256051_page_001.json,2026-09-30T15:29:41.938Z,True
120160256051:001:012,1020220008731,SEL-078,센서뷰,120160256051,1,02_raw_data/kipris_patent_full/120160256051_page_001.json,2026-09-30T15:29:41.938Z,True
120190790667:001:020,1020220008989,SEL-047,웨이브로드,120190790667,1,02_raw_data/kipris_patent_full/120190790667_page_001.json,2026-09-30T15:26:35.321Z,True
120180533683:001:007,1020220009475,SEL-042,모라이,120180533683,1,02_raw_data/kipris_patent_full/120180533683_page_001.json,2026-09-30T15:24:55.317Z,True
120170273402:001:015,1020220010062,SEL-007,웨이비스,120170273402,1,02_raw_data/kipris_patent_full/120170273402_page_001.json,2026-09-30T15:02:32.539Z,True
120010023639:001:016,1020220010919,SEL-010,코모텍,120010023639,1,02_raw_data/kipris_patent_full/120010023639_page_001.json,2026-09-30T15:02:54.107Z,True
120170129445:001:001,1020220011316,SEL-065,나라스페이스 테크놀로지,120170129445,1,02_raw_data/kipris_patent_full/120170129445_page_001.json,2026-09-30T15:11:02.513Z,True
120190790667:002:006,1020220011320,SEL-047,웨이브로드,120190790667,2,02_raw_data/kipris_patent_full/120190790667_page_002.json,2026-09-30T15:26:40.319Z,True
120190790667:002:080,1020220011337,SEL-047,웨이브로드,120190790667,2,02_raw_data/kipris_patent_full/120190790667_page_002.json,2026-09-30T15:26:40.319Z,True
120160256051:001:023,1020220012395,SEL-078,센서뷰,120160256051,1,02_raw_data/kipris_patent_full/120160256051_page_001.json,2026-09-30T15:29:41.938Z,True
120180221908:001:017,1020220014530,SEL-044,마키나락스,120180221908,1,02_raw_data/kipris_patent_full/120180221908_page_001.json,2026-09-30T15:26:05.300Z,True
120180221908:001:027,1020220014690,SEL-044,마키나락스,120180221908,1,02_raw_data/kipris_patent_full/120180221908_page_001.json,2026-09-30T15:26:05.300Z,True
120040367533:001:006,1020220017656,SEL-051,소나테크,120040367533,1,02_raw_data/kipris_patent_full/120040367533_page_001.json,2026-09-30T15:08:47.197Z,True
120180468784:001:057,1020220018340,SEL-074,딥엑스,120180468784,1,02_raw_data/kipris_patent_full/120180468784_page_001.json,2026-09-30T15:29:28.979Z,True
120180221908:001:016,1020220018573,SEL-044,마키나락스,120180221908,1,02_raw_data/kipris_patent_full/120180221908_page_001.json,2026-09-30T15:26:05.300Z,True
120080142918:001:035,1020220019294,SEL-023,인피닉,120080142918,1,02_raw_data/kipris_patent_full/120080142918_page_001.json,2026-09-30T15:23:39.053Z,True
120080142918:002:012,1020220019297,SEL-023,인피닉,120080142918,2,02_raw_data/kipris_patent_full/120080142918_page_002.json,2026-09-30T15:23:43.335Z,True
120080142918:001:028,1020220019298,SEL-023,인피닉,120080142918,1,02_raw_data/kipris_patent_full/120080142918_page_001.json,2026-09-30T15:23:39.053Z,True
120190282982:001:017,1020220020774,SEL-048,에이유,120190282982,1,02_raw_data/kipris_patent_full/120190282982_page_001.json,2026-09-30T15:08:19.908Z,True
120180221908:001:021,1020220020804,SEL-044,마키나락스,120180221908,1,02_raw_data/kipris_patent_full/120180221908_page_001.json,2026-09-30T15:26:05.300Z,True
120170230641:001:028,1020220020922,SEL-059,버넥트,120170230641,1,02_raw_data/kipris_patent_full/120170230641_page_001.json,2026-09-30T15:27:25.051Z,True
120060069154:001:004,1020220021022,SEL-012,영풍전자,120060069154,1,02_raw_data/kipris_patent_full/120060069154_page_001.json,2026-09-30T15:04:01.035Z,True
120060069154:001:010,1020220021047,SEL-012,영풍전자,120060069154,1,02_raw_data/kipris_patent_full/120060069154_page_001.json,2026-09-30T15:04:01.035Z,True
119990263757:002:052,1020220021276,SEL-071,마크애니,119990263757,2,02_raw_data/kipris_patent_full/119990263757_page_002.json,2026-09-30T15:29:01.322Z,True
120180221908:001:008,1020220021293,SEL-044,마키나락스,120180221908,1,02_raw_data/kipris_patent_full/120180221908_page_001.json,2026-09-30T15:26:05.300Z,True
120180221908:001:059,1020220022768,SEL-044,마키나락스,120180221908,1,02_raw_data/kipris_patent_full/120180221908_page_001.json,2026-09-30T15:26:05.300Z,True
120170129445:001:005,1020220023394,SEL-065,나라스페이스 테크놀로지,120170129445,1,02_raw_data/kipris_patent_full/120170129445_page_001.json,2026-09-30T15:11:02.513Z,True
120160256051:001:009,1020220024188,SEL-078,센서뷰,120160256051,1,02_raw_data/kipris_patent_full/120160256051_page_001.json,2026-09-30T15:29:41.938Z,True
120190790667:002:084,1020220025283,SEL-047,웨이브로드,120190790667,2,02_raw_data/kipris_patent_full/120190790667_page_002.json,2026-09-30T15:26:40.319Z,True
120100400701:001:002,1020220026324,SEL-006,아이브스,120100400701,1,02_raw_data/kipris_patent_full/120100400701_page_001.json,2026-09-30T15:02:26.967Z,True
120100400701:001:024,1020220026325,SEL-006,아이브스,120100400701,1,02_raw_data/kipris_patent_full/120100400701_page_001.json,2026-09-30T15:02:26.967Z,True
120190282982:001:013,1020220027436,SEL-048,에이유,120190282982,1,02_raw_data/kipris_patent_full/120190282982_page_001.json,2026-09-30T15:08:19.908Z,True
120180468784:001:073,1020220027949,SEL-074,딥엑스,120180468784,1,02_raw_data/kipris_patent_full/120180468784_page_001.json,2026-09-30T15:29:28.979Z,True
120020328376:001:018,1020220028793,SEL-002,단암시스템즈,120020328376,1,02_raw_data/kipris_patent_full/120020328376_page_001.json,2026-09-30T15:02:00.539Z,True
120100400701:001:012,1020220029209,SEL-006,아이브스,120100400701,1,02_raw_data/kipris_patent_full/120100400701_page_001.json,2026-09-30T15:02:26.967Z,True
120160834252:001:014,1020220029558,SEL-009,에스오에스랩,120160834252,1,02_raw_data/kipris_patent_full/120160834252_page_001.json,2026-09-30T15:22:14.632Z,True
120180221908:001:007,1020220029643,SEL-044,마키나락스,120180221908,1,02_raw_data/kipris_patent_full/120180221908_page_001.json,2026-09-30T15:26:05.300Z,True
120160834252:001:008,1020220029986,SEL-009,에스오에스랩,120160834252,1,02_raw_data/kipris_patent_full/120160834252_page_001.json,2026-09-30T15:22:14.632Z,True
120170273402:001:029,1020220030016,SEL-007,웨이비스,120170273402,1,02_raw_data/kipris_patent_full/120170273402_page_001.json,2026-09-30T15:02:32.539Z,True
119980992982:001:041,1020220032377,SEL-070,부전전자,119980992982,1,02_raw_data/kipris_patent_full/119980992982_page_001.json,2026-09-30T15:28:25.879Z,True
119990263757:002:062,1020220032512,SEL-071,마크애니,119990263757,2,02_raw_data/kipris_patent_full/119990263757_page_002.json,2026-09-30T15:29:01.322Z,True
120160256051:001:067,1020220033202,SEL-078,센서뷰,120160256051,1,02_raw_data/kipris_patent_full/120160256051_page_001.json,2026-09-30T15:29:41.938Z,True
120010011066:001:040,1020220035798,SEL-060,이오시스템,120010011066,1,02_raw_data/kipris_patent_full/120010011066_page_001.json,2026-09-30T15:27:37.204Z,True
119980992982:001:052,1020220036366,SEL-070,부전전자,119980992982,1,02_raw_data/kipris_patent_full/119980992982_page_001.json,2026-09-30T15:28:25.879Z,True
120180468784:001:052,1020220037489,SEL-074,딥엑스,120180468784,1,02_raw_data/kipris_patent_full/120180468784_page_001.json,2026-09-30T15:29:28.979Z,True
120190790667:001:049,1020220038472,SEL-047,웨이브로드,120190790667,1,02_raw_data/kipris_patent_full/120190790667_page_001.json,2026-09-30T15:26:35.321Z,True
119980992982:001:040,1020220040074,SEL-070,부전전자,119980992982,1,02_raw_data/kipris_patent_full/119980992982_page_001.json,2026-09-30T15:28:25.879Z,True
120190790667:002:011,1020220044923,SEL-047,웨이브로드,120190790667,2,02_raw_data/kipris_patent_full/120190790667_page_002.json,2026-09-30T15:26:40.319Z,True
120080209284:001:011,1020220044944,SEL-081,모아컴코리아,120080209284,1,02_raw_data/kipris_patent_full/120080209284_page_001.json,2026-09-30T15:15:46.057Z,True
120080142918:002:027,1020220045043,SEL-023,인피닉,120080142918,2,02_raw_data/kipris_patent_full/120080142918_page_002.json,2026-09-30T15:23:43.335Z,True
120080142918:001:053,1020220045052,SEL-023,인피닉,120080142918,1,02_raw_data/kipris_patent_full/120080142918_page_001.json,2026-09-30T15:23:39.053Z,True
120080142918:002:021,1020220045056,SEL-023,인피닉,120080142918,2,02_raw_data/kipris_patent_full/120080142918_page_002.json,2026-09-30T15:23:43.335Z,True
120080142918:002:009,1020220045061,SEL-023,인피닉,120080142918,2,02_raw_data/kipris_patent_full/120080142918_page_002.json,2026-09-30T15:23:43.335Z,True
120160894020:001:007,1020220047385,SEL-034,아이디케이,120160894020,1,02_raw_data/kipris_patent_full/120160894020_page_001.json,2026-09-30T15:06:37.982Z,True
120190790667:002:017,1020220049342,SEL-047,웨이브로드,120190790667,2,02_raw_data/kipris_patent_full/120190790667_page_002.json,2026-09-30T15:26:40.319Z,True
119980992982:002:037,1020220049454,SEL-070,부전전자,119980992982,2,02_raw_data/kipris_patent_full/119980992982_page_002.json,2026-09-30T15:28:30.243Z,True
120120621794:001:023,1020220049678,SEL-022,다비오,120120621794,1,02_raw_data/kipris_patent_full/120120621794_page_001.json,2026-09-30T15:23:16.798Z,True
119990582540:001:063,1020220050914,SEL-021,코난테크놀로지,119990582540,1,02_raw_data/kipris_patent_full/119990582540_page_001.json,2026-09-30T15:23:09.237Z,True
119990582540:001:039,1020220050915,SEL-021,코난테크놀로지,119990582540,1,02_raw_data/kipris_patent_full/119990582540_page_001.json,2026-09-30T15:23:09.237Z,True
119990582540:001:073,1020220050916,SEL-021,코난테크놀로지,119990582540,1,02_raw_data/kipris_patent_full/119990582540_page_001.json,2026-09-30T15:23:09.237Z,True
120180221908:001:053,1020220051274,SEL-044,마키나락스,120180221908,1,02_raw_data/kipris_patent_full/120180221908_page_001.json,2026-09-30T15:26:05.300Z,True
119980992982:001:027,1020220051587,SEL-070,부전전자,119980992982,1,02_raw_data/kipris_patent_full/119980992982_page_001.json,2026-09-30T15:28:25.879Z,True
120160894020:001:003,1020220052540,SEL-034,아이디케이,120160894020,1,02_raw_data/kipris_patent_full/120160894020_page_001.json,2026-09-30T15:06:37.982Z,True
120220273720:001:009,1020220053521,SEL-055,위플로,120220273720,1,02_raw_data/kipris_patent_full/120220273720_page_001.json,2026-09-30T15:27:16.303Z,True
120180221908:001:055,1020220053593,SEL-044,마키나락스,120180221908,1,02_raw_data/kipris_patent_full/120180221908_page_001.json,2026-09-30T15:26:05.300Z,True
120160684045:001:015,1020220053769,SEL-024,웨이브피아,120160684045,1,02_raw_data/kipris_patent_full/120160684045_page_001.json,2026-09-30T15:05:46.995Z,True
120190790667:001:043,1020220054179,SEL-047,웨이브로드,120190790667,1,02_raw_data/kipris_patent_full/120190790667_page_001.json,2026-09-30T15:26:35.321Z,True
120160894020:001:004,1020220054591,SEL-034,아이디케이,120160894020,1,02_raw_data/kipris_patent_full/120160894020_page_001.json,2026-09-30T15:06:37.982Z,True
120180468784:001:081,1020220054878,SEL-074,딥엑스,120180468784,1,02_raw_data/kipris_patent_full/120180468784_page_001.json,2026-09-30T15:29:28.979Z,True
120160834252:001:058,1020220054917,SEL-009,에스오에스랩,120160834252,1,02_raw_data/kipris_patent_full/120160834252_page_001.json,2026-09-30T15:22:14.632Z,True
120160834252:001:013,1020220054918,SEL-009,에스오에스랩,120160834252,1,02_raw_data/kipris_patent_full/120160834252_page_001.json,2026-09-30T15:22:14.632Z,True
120160834252:001:053,1020220054919,SEL-009,에스오에스랩,120160834252,1,02_raw_data/kipris_patent_full/120160834252_page_001.json,2026-09-30T15:22:14.632Z,True
120220273720:001:010,1020220056337,SEL-055,위플로,120220273720,1,02_raw_data/kipris_patent_full/120220273720_page_001.json,2026-09-30T15:27:16.303Z,True
120130332921:001:006,1020220056559,SEL-032,센서피아,120130332921,1,02_raw_data/kipris_patent_full/120130332921_page_001.json,2026-09-30T15:06:33.650Z,True
120130332921:001:016,1020220056560,SEL-032,센서피아,120130332921,1,02_raw_data/kipris_patent_full/120130332921_page_001.json,2026-09-30T15:06:33.650Z,True
120190790667:002:060,1020220056933,SEL-047,웨이브로드,120190790667,2,02_raw_data/kipris_patent_full/120190790667_page_002.json,2026-09-30T15:26:40.319Z,True
120160684045:001:014,1020220058272,SEL-024,웨이브피아,120160684045,1,02_raw_data/kipris_patent_full/120160684045_page_001.json,2026-09-30T15:05:46.995Z,True
120160684045:001:022,1020220058818,SEL-024,웨이브피아,120160684045,1,02_raw_data/kipris_patent_full/120160684045_page_001.json,2026-09-30T15:05:46.995Z,True
120150784556:001:002,1020220060209,SEL-027,컨트로맥스,120150784556,1,02_raw_data/kipris_patent_full/120150784556_page_001.json,2026-09-30T15:06:00.606Z,True
120150784556:001:001,1020220060268,SEL-027,컨트로맥스,120150784556,1,02_raw_data/kipris_patent_full/120150784556_page_001.json,2026-09-30T15:06:00.606Z,True
120000572308:001:056,1020220060389,SEL-046,옵토웰,120000572308,1,02_raw_data/kipris_patent_full/120000572308_page_001.json,2026-09-30T15:26:16.022Z,True
120170230641:001:050,1020220061983,SEL-059,버넥트,120170230641,1,02_raw_data/kipris_patent_full/120170230641_page_001.json,2026-09-30T15:27:25.051Z,True
120190790667:002:076,1020220062268,SEL-047,웨이브로드,120190790667,2,02_raw_data/kipris_patent_full/120190790667_page_002.json,2026-09-30T15:26:40.319Z,True
120190790667:002:067,1020220063893,SEL-047,웨이브로드,120190790667,2,02_raw_data/kipris_patent_full/120190790667_page_002.json,2026-09-30T15:26:40.319Z,True
120180468784:002:009,1020220064967,SEL-074,딥엑스,120180468784,2,02_raw_data/kipris_patent_full/120180468784_page_002.json,2026-09-30T15:29:32.702Z,True
120020328376:001:041,1020220066292,SEL-002,단암시스템즈,120020328376,1,02_raw_data/kipris_patent_full/120020328376_page_001.json,2026-09-30T15:02:00.539Z,True
120190790667:002:090,1020220066978,SEL-047,웨이브로드,120190790667,2,02_raw_data/kipris_patent_full/120190790667_page_002.json,2026-09-30T15:26:40.319Z,True
120150512756:001:028,1020220069332,SEL-030,니어스랩,120150512756,1,02_raw_data/kipris_patent_full/120150512756_page_001.json,2026-09-30T15:24:05.144Z,True
120150512756:001:030,1020220069334,SEL-030,니어스랩,120150512756,1,02_raw_data/kipris_patent_full/120150512756_page_001.json,2026-09-30T15:24:05.144Z,True
120150512756:001:029,1020220069335,SEL-030,니어스랩,120150512756,1,02_raw_data/kipris_patent_full/120150512756_page_001.json,2026-09-30T15:24:05.144Z,True
120040367533:001:025,1020220069453,SEL-051,소나테크,120040367533,1,02_raw_data/kipris_patent_full/120040367533_page_001.json,2026-09-30T15:08:47.197Z,True
120020328376:001:034,1020220069541,SEL-002,단암시스템즈,120020328376,1,02_raw_data/kipris_patent_full/120020328376_page_001.json,2026-09-30T15:02:00.539Z,True
120020328376:001:022,1020220069542,SEL-002,단암시스템즈,120020328376,1,02_raw_data/kipris_patent_full/120020328376_page_001.json,2026-09-30T15:02:00.539Z,True
120160256051:001:062,1020220072788,SEL-078,센서뷰,120160256051,1,02_raw_data/kipris_patent_full/120160256051_page_001.json,2026-09-30T15:29:41.938Z,True
120160256051:001:061,1020220074708,SEL-078,센서뷰,120160256051,1,02_raw_data/kipris_patent_full/120160256051_page_001.json,2026-09-30T15:29:41.938Z,True
120160834252:001:009,1020220075502,SEL-009,에스오에스랩,120160834252,1,02_raw_data/kipris_patent_full/120160834252_page_001.json,2026-09-30T15:22:14.632Z,True
120170008840:001:010,1020220076280,SEL-061,휴라,120170008840,1,02_raw_data/kipris_patent_full/120170008840_page_001.json,2026-09-30T15:10:34.689Z,True
120170008840:001:007,1020220076281,SEL-061,휴라,120170008840,1,02_raw_data/kipris_patent_full/120170008840_page_001.json,2026-09-30T15:10:34.689Z,True
120030032210:001:058,1020220079426,SEL-068,인텔리빅스,120030032210,1,02_raw_data/kipris_patent_full/120030032210_page_001.json,2026-09-30T15:28:06.481Z,True
120160834252:002:027,1020220079525,SEL-009,에스오에스랩,120160834252,2,02_raw_data/kipris_patent_full/120160834252_page_002.json,2026-09-30T15:22:19.050Z,True
120160834252:002:034,1020220079526,SEL-009,에스오에스랩,120160834252,2,02_raw_data/kipris_patent_full/120160834252_page_002.json,2026-09-30T15:22:19.050Z,True
120180468784:001:075,1020220079596,SEL-074,딥엑스,120180468784,1,02_raw_data/kipris_patent_full/120180468784_page_001.json,2026-09-30T15:29:28.979Z,True
120180468784:001:043,1020220079620,SEL-074,딥엑스,120180468784,1,02_raw_data/kipris_patent_full/120180468784_page_001.json,2026-09-30T15:29:28.979Z,True
120190790667:002:054,1020220079864,SEL-047,웨이브로드,120190790667,2,02_raw_data/kipris_patent_full/120190790667_page_002.json,2026-09-30T15:26:40.319Z,True
120190868043:001:041,1020220079913,SEL-005,에스아이에이,120190868043,1,02_raw_data/kipris_patent_full/120190868043_page_001.json,2026-09-30T15:20:09.084Z,True
119980992982:002:034,1020220081657,SEL-070,부전전자,119980992982,2,02_raw_data/kipris_patent_full/119980992982_page_002.json,2026-09-30T15:28:30.243Z,True
120200268736:001:020,1020220082096,SEL-069,데이터메이커,120200268736,1,02_raw_data/kipris_patent_full/120200268736_page_001.json,2026-09-30T15:11:21.311Z,True
120200268736:001:018,1020220082104,SEL-069,데이터메이커,120200268736,1,02_raw_data/kipris_patent_full/120200268736_page_001.json,2026-09-30T15:11:21.311Z,True
120200268736:001:015,1020220082110,SEL-069,데이터메이커,120200268736,1,02_raw_data/kipris_patent_full/120200268736_page_001.json,2026-09-30T15:11:21.311Z,True
120200268736:001:017,1020220082121,SEL-069,데이터메이커,120200268736,1,02_raw_data/kipris_patent_full/120200268736_page_001.json,2026-09-30T15:11:21.311Z,True
120110075931:001:011,1020220082871,SEL-019,하나에이엠티,120110075931,1,02_raw_data/kipris_patent_full/120110075931_page_001.json,2026-09-30T15:04:59.392Z,True
120180221908:001:072,1020220083785,SEL-044,마키나락스,120180221908,1,02_raw_data/kipris_patent_full/120180221908_page_001.json,2026-09-30T15:26:05.300Z,True
120170493817:001:029,1020220083935,SEL-008,RFHIC,120170493817,1,02_raw_data/kipris_patent_full/120170493817_page_001.json,2026-09-30T15:22:03.697Z,True
119990263757:002:063,1020220084409,SEL-071,마크애니,119990263757,2,02_raw_data/kipris_patent_full/119990263757_page_002.json,2026-09-30T15:29:01.322Z,True
120140025378:001:018,1020220088841,SEL-001,ANH스트럭쳐,120140025378,1,02_raw_data/kipris_patent_full/120140025378_page_001.json,2026-09-30T14:59:26.805Z,True
120190790667:002:056,1020220088896,SEL-047,웨이브로드,120190790667,2,02_raw_data/kipris_patent_full/120190790667_page_002.json,2026-09-30T15:26:40.319Z,True
120180510935:001:033,1020220091858,SEL-031,파블로항공,120180510935,1,02_raw_data/kipris_patent_full/120180510935_page_001.json,2026-09-30T15:06:28.194Z,True
120140451975:001:041,1020220093883,SEL-016,스탠다드시험연구소,120140451975,1,02_raw_data/kipris_patent_full/120140451975_page_001.json,2026-09-30T15:22:57.659Z,True
120180510935:001:021,1020220094887,SEL-031,파블로항공,120180510935,1,02_raw_data/kipris_patent_full/120180510935_page_001.json,2026-09-30T15:06:28.194Z,True
120180468784:001:088,1020220095735,SEL-074,딥엑스,120180468784,1,02_raw_data/kipris_patent_full/120180468784_page_001.json,2026-09-30T15:29:28.979Z,True
120180221908:001:067,1020220096709,SEL-044,마키나락스,120180221908,1,02_raw_data/kipris_patent_full/120180221908_page_001.json,2026-09-30T15:26:05.300Z,True
120180221908:001:068,1020220096853,SEL-044,마키나락스,120180221908,1,02_raw_data/kipris_patent_full/120180221908_page_001.json,2026-09-30T15:26:05.300Z,True
120180221908:001:066,1020220096854,SEL-044,마키나락스,120180221908,1,02_raw_data/kipris_patent_full/120180221908_page_001.json,2026-09-30T15:26:05.300Z,True
120170008840:001:003,1020220097507,SEL-061,휴라,120170008840,1,02_raw_data/kipris_patent_full/120170008840_page_001.json,2026-09-30T15:10:34.689Z,True
119990263757:001:087,1020220097852,SEL-071,마크애니,119990263757,1,02_raw_data/kipris_patent_full/119990263757_page_001.json,2026-09-30T15:28:56.695Z,True
119990582540:001:045,1020220098165,SEL-021,코난테크놀로지,119990582540,1,02_raw_data/kipris_patent_full/119990582540_page_001.json,2026-09-30T15:23:09.237Z,True
120020328376:001:028,1020220098629,SEL-002,단암시스템즈,120020328376,1,02_raw_data/kipris_patent_full/120020328376_page_001.json,2026-09-30T15:02:00.539Z,True
120190790667:002:020,1020220099135,SEL-047,웨이브로드,120190790667,2,02_raw_data/kipris_patent_full/120190790667_page_002.json,2026-09-30T15:26:40.319Z,True
120010133046:001:032,1020220100098,SEL-026,마이크로인피니티,120010133046,1,02_raw_data/kipris_patent_full/120010133046_page_001.json,2026-09-30T15:23:55.598Z,True
120200109241:001:007,1020220101499,SEL-054,패리티,120200109241,1,02_raw_data/kipris_patent_full/120200109241_page_001.json,2026-09-30T15:26:59.124Z,True
120180510935:001:027,1020220102295,SEL-031,파블로항공,120180510935,1,02_raw_data/kipris_patent_full/120180510935_page_001.json,2026-09-30T15:06:28.194Z,True
120000572308:001:022,1020220102798,SEL-046,옵토웰,120000572308,1,02_raw_data/kipris_patent_full/120000572308_page_001.json,2026-09-30T15:26:16.022Z,True
120000572308:001:023,1020220102799,SEL-046,옵토웰,120000572308,1,02_raw_data/kipris_patent_full/120000572308_page_001.json,2026-09-30T15:26:16.022Z,True
120000572308:001:020,1020220102800,SEL-046,옵토웰,120000572308,1,02_raw_data/kipris_patent_full/120000572308_page_001.json,2026-09-30T15:26:16.022Z,True
120190790667:002:021,1020220103772,SEL-047,웨이브로드,120190790667,2,02_raw_data/kipris_patent_full/120190790667_page_002.json,2026-09-30T15:26:40.319Z,True
120200109241:001:029,1020220104244,SEL-054,패리티,120200109241,1,02_raw_data/kipris_patent_full/120200109241_page_001.json,2026-09-30T15:26:59.124Z,True
120020328376:001:035,1020220104785,SEL-002,단암시스템즈,120020328376,1,02_raw_data/kipris_patent_full/120020328376_page_001.json,2026-09-30T15:02:00.539Z,True
120170493817:001:052,1020220105518,SEL-008,RFHIC,120170493817,1,02_raw_data/kipris_patent_full/120170493817_page_001.json,2026-09-30T15:22:03.697Z,True
120150512756:001:050,1020220105798,SEL-030,니어스랩,120150512756,1,02_raw_data/kipris_patent_full/120150512756_page_001.json,2026-09-30T15:24:05.144Z,True
120190868043:001:055,1020220105877,SEL-005,에스아이에이,120190868043,1,02_raw_data/kipris_patent_full/120190868043_page_001.json,2026-09-30T15:20:09.084Z,True
120200109241:001:035,1020220106532,SEL-054,패리티,120200109241,1,02_raw_data/kipris_patent_full/120200109241_page_001.json,2026-09-30T15:26:59.124Z,True
120180221908:001:071,1020220106946,SEL-044,마키나락스,120180221908,1,02_raw_data/kipris_patent_full/120180221908_page_001.json,2026-09-30T15:26:05.300Z,True
120200109241:001:033,1020220107388,SEL-054,패리티,120200109241,1,02_raw_data/kipris_patent_full/120200109241_page_001.json,2026-09-30T15:26:59.124Z,True
120200109241:001:037,1020220107390,SEL-054,패리티,120200109241,1,02_raw_data/kipris_patent_full/120200109241_page_001.json,2026-09-30T15:26:59.124Z,True
120200109241:001:030,1020220107392,SEL-054,패리티,120200109241,1,02_raw_data/kipris_patent_full/120200109241_page_001.json,2026-09-30T15:26:59.124Z,True
120190790667:002:066,1020220108925,SEL-047,웨이브로드,120190790667,2,02_raw_data/kipris_patent_full/120190790667_page_002.json,2026-09-30T15:26:40.319Z,True
119990263757:001:038,1020220109247,SEL-071,마크애니,119990263757,1,02_raw_data/kipris_patent_full/119990263757_page_001.json,2026-09-30T15:28:56.695Z,True
119990263757:001:086,1020220109902,SEL-071,마크애니,119990263757,1,02_raw_data/kipris_patent_full/119990263757_page_001.json,2026-09-30T15:28:56.695Z,True
120000572308:001:018,1020220110343,SEL-046,옵토웰,120000572308,1,02_raw_data/kipris_patent_full/120000572308_page_001.json,2026-09-30T15:26:16.022Z,True
120180221908:001:065,1020220110466,SEL-044,마키나락스,120180221908,1,02_raw_data/kipris_patent_full/120180221908_page_001.json,2026-09-30T15:26:05.300Z,True
119990263757:001:042,1020220111240,SEL-071,마크애니,119990263757,1,02_raw_data/kipris_patent_full/119990263757_page_001.json,2026-09-30T15:28:56.695Z,True
120180221908:001:024,1020220112777,SEL-044,마키나락스,120180221908,1,02_raw_data/kipris_patent_full/120180221908_page_001.json,2026-09-30T15:26:05.300Z,True
120200973794:001:016,1020220114024,SEL-080,비이아이랩,120200973794,1,02_raw_data/kipris_patent_full/120200973794_page_001.json,2026-09-30T15:15:41.477Z,True
120200973794:001:011,1020220114025,SEL-080,비이아이랩,120200973794,1,02_raw_data/kipris_patent_full/120200973794_page_001.json,2026-09-30T15:15:41.477Z,True
120200973794:001:026,1020220114026,SEL-080,비이아이랩,120200973794,1,02_raw_data/kipris_patent_full/120200973794_page_001.json,2026-09-30T15:15:41.477Z,True
120190790667:001:013,1020220115558,SEL-047,웨이브로드,120190790667,1,02_raw_data/kipris_patent_full/120190790667_page_001.json,2026-09-30T15:26:35.321Z,True
120180510935:001:032,1020220116798,SEL-031,파블로항공,120180510935,1,02_raw_data/kipris_patent_full/120180510935_page_001.json,2026-09-30T15:06:28.194Z,True
120200109241:001:036,1020220118598,SEL-054,패리티,120200109241,1,02_raw_data/kipris_patent_full/120200109241_page_001.json,2026-09-30T15:26:59.124Z,True
120200109241:001:006,1020220118601,SEL-054,패리티,120200109241,1,02_raw_data/kipris_patent_full/120200109241_page_001.json,2026-09-30T15:26:59.124Z,True
120000407777:001:067,1020220119876,SEL-082,이루온,120000407777,1,02_raw_data/kipris_patent_full/120000407777_page_001.json,2026-09-30T15:30:04.874Z,True
120200109241:001:032,1020220120020,SEL-054,패리티,120200109241,1,02_raw_data/kipris_patent_full/120200109241_page_001.json,2026-09-30T15:26:59.124Z,True
120120621794:001:015,1020220120118,SEL-022,다비오,120120621794,1,02_raw_data/kipris_patent_full/120120621794_page_001.json,2026-09-30T15:23:16.798Z,True
120120621794:001:003,1020220120119,SEL-022,다비오,120120621794,1,02_raw_data/kipris_patent_full/120120621794_page_001.json,2026-09-30T15:23:16.798Z,True
120180221908:001:086,1020220123029,SEL-044,마키나락스,120180221908,1,02_raw_data/kipris_patent_full/120180221908_page_001.json,2026-09-30T15:26:05.300Z,True
120180510935:001:018,1020220123494,SEL-031,파블로항공,120180510935,1,02_raw_data/kipris_patent_full/120180510935_page_001.json,2026-09-30T15:06:28.194Z,True
120220232542:001:002,1020220123623,SEL-041,젠젠에이아이,120220232542,1,02_raw_data/kipris_patent_full/120220232542_page_001.json,2026-09-30T15:07:26.116Z,True
120160834252:001:033,1020220123941,SEL-009,에스오에스랩,120160834252,1,02_raw_data/kipris_patent_full/120160834252_page_001.json,2026-09-30T15:22:14.632Z,True
120020328376:001:038,1020220124188,SEL-002,단암시스템즈,120020328376,1,02_raw_data/kipris_patent_full/120020328376_page_001.json,2026-09-30T15:02:00.539Z,True
120020328376:001:037,1020220124189,SEL-002,단암시스템즈,120020328376,1,02_raw_data/kipris_patent_full/120020328376_page_001.json,2026-09-30T15:02:00.539Z,True
120020328376:001:011,1020220124194,SEL-002,단암시스템즈,120020328376,1,02_raw_data/kipris_patent_full/120020328376_page_001.json,2026-09-30T15:02:00.539Z,True
120190790667:001:012,1020220124414,SEL-047,웨이브로드,120190790667,1,02_raw_data/kipris_patent_full/120190790667_page_001.json,2026-09-30T15:26:35.321Z,True
120220778513:001:003,1020220125022,SEL-079,유큐브,120220778513,1,02_raw_data/kipris_patent_full/120220778513_page_001.json,2026-09-30T15:15:05.885Z,True
120190282982:001:004,1020220125726,SEL-048,에이유,120190282982,1,02_raw_data/kipris_patent_full/120190282982_page_001.json,2026-09-30T15:08:19.908Z,True
120000218885:001:003,1020220126622,SEL-011,대한광통신,120000218885,1,02_raw_data/kipris_patent_full/120000218885_page_001.json,2026-09-30T15:22:28.790Z,True
119980992982:002:059,1020220126771,SEL-070,부전전자,119980992982,2,02_raw_data/kipris_patent_full/119980992982_page_002.json,2026-09-30T15:28:30.243Z,True
120140025378:001:024,1020220127098,SEL-001,ANH스트럭쳐,120140025378,1,02_raw_data/kipris_patent_full/120140025378_page_001.json,2026-09-30T14:59:26.805Z,True
120010133046:001:013,1020220127730,SEL-026,마이크로인피니티,120010133046,1,02_raw_data/kipris_patent_full/120010133046_page_001.json,2026-09-30T15:23:55.598Z,True
120070411804:001:015,1020220127893,SEL-036,솔탑,120070411804,1,02_raw_data/kipris_patent_full/120070411804_page_001.json,2026-09-30T15:24:20.530Z,True
120070411804:001:002,1020220127910,SEL-036,솔탑,120070411804,1,02_raw_data/kipris_patent_full/120070411804_page_001.json,2026-09-30T15:24:20.530Z,True
120180468784:002:008,1020220130437,SEL-074,딥엑스,120180468784,2,02_raw_data/kipris_patent_full/120180468784_page_002.json,2026-09-30T15:29:32.702Z,True
119990263757:001:060,1020220131212,SEL-071,마크애니,119990263757,1,02_raw_data/kipris_patent_full/119990263757_page_001.json,2026-09-30T15:28:56.695Z,True
120180468784:002:002,1020220132180,SEL-074,딥엑스,120180468784,2,02_raw_data/kipris_patent_full/120180468784_page_002.json,2026-09-30T15:29:32.702Z,True
120180468784:001:046,1020220132254,SEL-074,딥엑스,120180468784,1,02_raw_data/kipris_patent_full/120180468784_page_001.json,2026-09-30T15:29:28.979Z,True
120160894020:001:025,1020220133006,SEL-034,아이디케이,120160894020,1,02_raw_data/kipris_patent_full/120160894020_page_001.json,2026-09-30T15:06:37.982Z,True
120160894020:001:011,1020220133022,SEL-034,아이디케이,120160894020,1,02_raw_data/kipris_patent_full/120160894020_page_001.json,2026-09-30T15:06:37.982Z,True
120010133046:001:008,1020220133205,SEL-026,마이크로인피니티,120010133046,1,02_raw_data/kipris_patent_full/120010133046_page_001.json,2026-09-30T15:23:55.598Z,True
119990263757:002:008,1020220133734,SEL-071,마크애니,119990263757,2,02_raw_data/kipris_patent_full/119990263757_page_002.json,2026-09-30T15:29:01.322Z,True
120180468784:002:007,1020220133807,SEL-074,딥엑스,120180468784,2,02_raw_data/kipris_patent_full/120180468784_page_002.json,2026-09-30T15:29:32.702Z,True
120170230641:001:047,1020220133993,SEL-059,버넥트,120170230641,1,02_raw_data/kipris_patent_full/120170230641_page_001.json,2026-09-30T15:27:25.051Z,True
120170230641:001:069,1020220133999,SEL-059,버넥트,120170230641,1,02_raw_data/kipris_patent_full/120170230641_page_001.json,2026-09-30T15:27:25.051Z,True
119990263757:001:022,1020220134832,SEL-071,마크애니,119990263757,1,02_raw_data/kipris_patent_full/119990263757_page_001.json,2026-09-30T15:28:56.695Z,True
120180533683:001:053,1020220135009,SEL-042,모라이,120180533683,1,02_raw_data/kipris_patent_full/120180533683_page_001.json,2026-09-30T15:24:55.317Z,True
120020328376:001:020,1020220135472,SEL-002,단암시스템즈,120020328376,1,02_raw_data/kipris_patent_full/120020328376_page_001.json,2026-09-30T15:02:00.539Z,True
120080142918:001:068,1020220135907,SEL-023,인피닉,120080142918,1,02_raw_data/kipris_patent_full/120080142918_page_001.json,2026-09-30T15:23:39.053Z,True
120080142918:001:034,1020220135914,SEL-023,인피닉,120080142918,1,02_raw_data/kipris_patent_full/120080142918_page_001.json,2026-09-30T15:23:39.053Z,True
119990263757:002:067,1020220137680,SEL-071,마크애니,119990263757,2,02_raw_data/kipris_patent_full/119990263757_page_002.json,2026-09-30T15:29:01.322Z,True
120140025378:001:015,1020220137747,SEL-001,ANH스트럭쳐,120140025378,1,02_raw_data/kipris_patent_full/120140025378_page_001.json,2026-09-30T14:59:26.805Z,True
120180510935:001:014,1020220138570,SEL-031,파블로항공,120180510935,1,02_raw_data/kipris_patent_full/120180510935_page_001.json,2026-09-30T15:06:28.194Z,True
120010133046:001:001,1020220138604,SEL-026,마이크로인피니티,120010133046,1,02_raw_data/kipris_patent_full/120010133046_page_001.json,2026-09-30T15:23:55.598Z,True
120170230641:001:054,1020220139323,SEL-059,버넥트,120170230641,1,02_raw_data/kipris_patent_full/120170230641_page_001.json,2026-09-30T15:27:25.051Z,True
120200268736:001:005,1020220139767,SEL-069,데이터메이커,120200268736,1,02_raw_data/kipris_patent_full/120200268736_page_001.json,2026-09-30T15:11:21.311Z,True
120180184433:001:002,1020220139920,SEL-045,퓨리오사에이아이,120180184433,1,02_raw_data/kipris_patent_full/120180184433_page_001.json,2026-09-30T15:07:57.321Z,True
120180184433:001:007,1020220139921,SEL-045,퓨리오사에이아이,120180184433,1,02_raw_data/kipris_patent_full/120180184433_page_001.json,2026-09-30T15:07:57.321Z,True
120220273720:001:008,1020220140289,SEL-055,위플로,120220273720,1,02_raw_data/kipris_patent_full/120220273720_page_001.json,2026-09-30T15:27:16.303Z,True
120180468784:002:010,1020220142481,SEL-074,딥엑스,120180468784,2,02_raw_data/kipris_patent_full/120180468784_page_002.json,2026-09-30T15:29:32.702Z,True
120140025378:001:020,1020220142815,SEL-001,ANH스트럭쳐,120140025378,1,02_raw_data/kipris_patent_full/120140025378_page_001.json,2026-09-30T14:59:26.805Z,True
120150512756:001:049,1020220143010,SEL-030,니어스랩,120150512756,1,02_raw_data/kipris_patent_full/120150512756_page_001.json,2026-09-30T15:24:05.144Z,True
120000572308:001:049,1020220146260,SEL-046,옵토웰,120000572308,1,02_raw_data/kipris_patent_full/120000572308_page_001.json,2026-09-30T15:26:16.022Z,True
120010216085:001:019,1020220147087,SEL-073,아이쓰리시스템,120010216085,1,02_raw_data/kipris_patent_full/120010216085_page_001.json,2026-09-30T15:12:17.655Z,True
120070411804:001:029,1020220148682,SEL-036,솔탑,120070411804,1,02_raw_data/kipris_patent_full/120070411804_page_001.json,2026-09-30T15:24:20.530Z,True
120200109241:001:028,1020220149389,SEL-054,패리티,120200109241,1,02_raw_data/kipris_patent_full/120200109241_page_001.json,2026-09-30T15:26:59.124Z,True
120040032146:001:004,1020220149573,SEL-035,심네트,120040032146,1,02_raw_data/kipris_patent_full/120040032146_page_001.json,2026-09-30T15:06:52.334Z,True
120040032146:001:002,1020220149624,SEL-035,심네트,120040032146,1,02_raw_data/kipris_patent_full/120040032146_page_001.json,2026-09-30T15:06:52.334Z,True
120040032146:001:003,1020220149653,SEL-035,심네트,120040032146,1,02_raw_data/kipris_patent_full/120040032146_page_001.json,2026-09-30T15:06:52.334Z,True
120030032210:001:022,1020220150443,SEL-068,인텔리빅스,120030032210,1,02_raw_data/kipris_patent_full/120030032210_page_001.json,2026-09-30T15:28:06.481Z,True
120180221908:001:054,1020220151350,SEL-044,마키나락스,120180221908,1,02_raw_data/kipris_patent_full/120180221908_page_001.json,2026-09-30T15:26:05.300Z,True
120180221908:001:041,1020220151351,SEL-044,마키나락스,120180221908,1,02_raw_data/kipris_patent_full/120180221908_page_001.json,2026-09-30T15:26:05.300Z,True
120180221908:001:013,1020220151352,SEL-044,마키나락스,120180221908,1,02_raw_data/kipris_patent_full/120180221908_page_001.json,2026-09-30T15:26:05.300Z,True
120170493817:001:051,1020220152187,SEL-008,RFHIC,120170493817,1,02_raw_data/kipris_patent_full/120170493817_page_001.json,2026-09-30T15:22:03.697Z,True
119990263757:002:056,1020220152782,SEL-071,마크애니,119990263757,2,02_raw_data/kipris_patent_full/119990263757_page_002.json,2026-09-30T15:29:01.322Z,True
120150512756:001:048,1020220153100,SEL-030,니어스랩,120150512756,1,02_raw_data/kipris_patent_full/120150512756_page_001.json,2026-09-30T15:24:05.144Z,True
120070411804:001:028,1020220153135,SEL-036,솔탑,120070411804,1,02_raw_data/kipris_patent_full/120070411804_page_001.json,2026-09-30T15:24:20.530Z,True
120030032210:001:029,1020220153843,SEL-068,인텔리빅스,120030032210,1,02_raw_data/kipris_patent_full/120030032210_page_001.json,2026-09-30T15:28:06.481Z,True
120070411804:001:036,1020220155348,SEL-036,솔탑,120070411804,1,02_raw_data/kipris_patent_full/120070411804_page_001.json,2026-09-30T15:24:20.530Z,True
120030032210:001:020,1020220155446,SEL-068,인텔리빅스,120030032210,1,02_raw_data/kipris_patent_full/120030032210_page_001.json,2026-09-30T15:28:06.481Z,True
120160256051:001:039,1020220157194,SEL-078,센서뷰,120160256051,1,02_raw_data/kipris_patent_full/120160256051_page_001.json,2026-09-30T15:29:41.938Z,True
120190790667:002:005,1020220158160,SEL-047,웨이브로드,120190790667,2,02_raw_data/kipris_patent_full/120190790667_page_002.json,2026-09-30T15:26:40.319Z,True
120200328994:001:015,1020220158372,SEL-067,텔레픽스,120200328994,1,02_raw_data/kipris_patent_full/120200328994_page_001.json,2026-09-30T15:27:57.104Z,True
120190282982:001:011,1020220158679,SEL-048,에이유,120190282982,1,02_raw_data/kipris_patent_full/120190282982_page_001.json,2026-09-30T15:08:19.908Z,True
120170230641:001:082,1020220159736,SEL-059,버넥트,120170230641,1,02_raw_data/kipris_patent_full/120170230641_page_001.json,2026-09-30T15:27:25.051Z,True
120170230641:001:058,1020220159740,SEL-059,버넥트,120170230641,1,02_raw_data/kipris_patent_full/120170230641_page_001.json,2026-09-30T15:27:25.051Z,True
120180221908:001:075,1020220161257,SEL-044,마키나락스,120180221908,1,02_raw_data/kipris_patent_full/120180221908_page_001.json,2026-09-30T15:26:05.300Z,True
120180533683:001:050,1020220161615,SEL-042,모라이,120180533683,1,02_raw_data/kipris_patent_full/120180533683_page_001.json,2026-09-30T15:24:55.317Z,True
120190790667:001:010,1020220161635,SEL-047,웨이브로드,120190790667,1,02_raw_data/kipris_patent_full/120190790667_page_001.json,2026-09-30T15:26:35.321Z,True
120190790667:001:011,1020220161644,SEL-047,웨이브로드,120190790667,1,02_raw_data/kipris_patent_full/120190790667_page_001.json,2026-09-30T15:26:35.321Z,True
120180468784:002:020,1020220162919,SEL-074,딥엑스,120180468784,2,02_raw_data/kipris_patent_full/120180468784_page_002.json,2026-09-30T15:29:32.702Z,True
120220778513:001:006,1020220163230,SEL-079,유큐브,120220778513,1,02_raw_data/kipris_patent_full/120220778513_page_001.json,2026-09-30T15:15:05.885Z,True
120040367533:001:018,1020220163649,SEL-051,소나테크,120040367533,1,02_raw_data/kipris_patent_full/120040367533_page_001.json,2026-09-30T15:08:47.197Z,True
120160834252:002:031,1020220164007,SEL-009,에스오에스랩,120160834252,2,02_raw_data/kipris_patent_full/120160834252_page_002.json,2026-09-30T15:22:19.050Z,True
120140025378:001:030,1020220164043,SEL-001,ANH스트럭쳐,120140025378,1,02_raw_data/kipris_patent_full/120140025378_page_001.json,2026-09-30T14:59:26.805Z,True
120140025378:001:026,1020220164383,SEL-001,ANH스트럭쳐,120140025378,1,02_raw_data/kipris_patent_full/120140025378_page_001.json,2026-09-30T14:59:26.805Z,True
120010133046:001:027,1020220164419,SEL-026,마이크로인피니티,120010133046,1,02_raw_data/kipris_patent_full/120010133046_page_001.json,2026-09-30T15:23:55.598Z,True
120080142918:001:071,1020220164778,SEL-023,인피닉,120080142918,1,02_raw_data/kipris_patent_full/120080142918_page_001.json,2026-09-30T15:23:39.053Z,True
120080142918:001:073,1020220164779,SEL-023,인피닉,120080142918,1,02_raw_data/kipris_patent_full/120080142918_page_001.json,2026-09-30T15:23:39.053Z,True
120080142918:001:069,1020220164780,SEL-023,인피닉,120080142918,1,02_raw_data/kipris_patent_full/120080142918_page_001.json,2026-09-30T15:23:39.053Z,True
120080142918:002:049,1020220164781,SEL-023,인피닉,120080142918,2,02_raw_data/kipris_patent_full/120080142918_page_002.json,2026-09-30T15:23:43.335Z,True
120080142918:001:080,1020220164782,SEL-023,인피닉,120080142918,1,02_raw_data/kipris_patent_full/120080142918_page_001.json,2026-09-30T15:23:39.053Z,True
120150512756:001:047,1020220164814,SEL-030,니어스랩,120150512756,1,02_raw_data/kipris_patent_full/120150512756_page_001.json,2026-09-30T15:24:05.144Z,True
120180468784:001:067,1020220165012,SEL-074,딥엑스,120180468784,1,02_raw_data/kipris_patent_full/120180468784_page_001.json,2026-09-30T15:29:28.979Z,True
120170493817:001:031,1020220165071,SEL-008,RFHIC,120170493817,1,02_raw_data/kipris_patent_full/120170493817_page_001.json,2026-09-30T15:22:03.697Z,True
120180533683:001:015,1020220165145,SEL-042,모라이,120180533683,1,02_raw_data/kipris_patent_full/120180533683_page_001.json,2026-09-30T15:24:55.317Z,True
120180533683:001:017,1020220165146,SEL-042,모라이,120180533683,1,02_raw_data/kipris_patent_full/120180533683_page_001.json,2026-09-30T15:24:55.317Z,True
120180533683:001:052,1020220165147,SEL-042,모라이,120180533683,1,02_raw_data/kipris_patent_full/120180533683_page_001.json,2026-09-30T15:24:55.317Z,True
120180533683:001:051,1020220165148,SEL-042,모라이,120180533683,1,02_raw_data/kipris_patent_full/120180533683_page_001.json,2026-09-30T15:24:55.317Z,True
120180533683:001:005,1020220165149,SEL-042,모라이,120180533683,1,02_raw_data/kipris_patent_full/120180533683_page_001.json,2026-09-30T15:24:55.317Z,True
120220273720:001:027,1020220165413,SEL-055,위플로,120220273720,1,02_raw_data/kipris_patent_full/120220273720_page_001.json,2026-09-30T15:27:16.303Z,True
120220273720:001:025,1020220165452,SEL-055,위플로,120220273720,1,02_raw_data/kipris_patent_full/120220273720_page_001.json,2026-09-30T15:27:16.303Z,True
120180221908:001:043,1020220165845,SEL-044,마키나락스,120180221908,1,02_raw_data/kipris_patent_full/120180221908_page_001.json,2026-09-30T15:26:05.300Z,True
120120621794:001:012,1020220166737,SEL-022,다비오,120120621794,1,02_raw_data/kipris_patent_full/120120621794_page_001.json,2026-09-30T15:23:16.798Z,True
120180533683:001:022,1020220166817,SEL-042,모라이,120180533683,1,02_raw_data/kipris_patent_full/120180533683_page_001.json,2026-09-30T15:24:55.317Z,True
120200268736:001:010,1020220167728,SEL-069,데이터메이커,120200268736,1,02_raw_data/kipris_patent_full/120200268736_page_001.json,2026-09-30T15:11:21.311Z,True
120200268736:001:004,1020220167774,SEL-069,데이터메이커,120200268736,1,02_raw_data/kipris_patent_full/120200268736_page_001.json,2026-09-30T15:11:21.311Z,True
120190790667:001:004,1020220167977,SEL-047,웨이브로드,120190790667,1,02_raw_data/kipris_patent_full/120190790667_page_001.json,2026-09-30T15:26:35.321Z,True
120190790667:002:001,1020220169551,SEL-047,웨이브로드,120190790667,2,02_raw_data/kipris_patent_full/120190790667_page_002.json,2026-09-30T15:26:40.319Z,True
120190282982:001:010,1020220170384,SEL-048,에이유,120190282982,1,02_raw_data/kipris_patent_full/120190282982_page_001.json,2026-09-30T15:08:19.908Z,True
120140025378:001:014,1020220171395,SEL-001,ANH스트럭쳐,120140025378,1,02_raw_data/kipris_patent_full/120140025378_page_001.json,2026-09-30T14:59:26.805Z,True
120220558692:001:013,1020220172539,SEL-063,스텝랩,120220558692,1,02_raw_data/kipris_patent_full/120220558692_page_001.json,2026-09-30T15:10:42.800Z,True
120190790667:002:046,1020220173410,SEL-047,웨이브로드,120190790667,2,02_raw_data/kipris_patent_full/120190790667_page_002.json,2026-09-30T15:26:40.319Z,True
120030032210:001:007,1020220173416,SEL-068,인텔리빅스,120030032210,1,02_raw_data/kipris_patent_full/120030032210_page_001.json,2026-09-30T15:28:06.481Z,True
120010011066:001:014,1020220173638,SEL-060,이오시스템,120010011066,1,02_raw_data/kipris_patent_full/120010011066_page_001.json,2026-09-30T15:27:37.204Z,True
120170230641:001:083,1020220174721,SEL-059,버넥트,120170230641,1,02_raw_data/kipris_patent_full/120170230641_page_001.json,2026-09-30T15:27:25.051Z,True
120180468784:002:016,1020220175322,SEL-074,딥엑스,120180468784,2,02_raw_data/kipris_patent_full/120180468784_page_002.json,2026-09-30T15:29:32.702Z,True
120180221908:001:064,1020220175436,SEL-044,마키나락스,120180221908,1,02_raw_data/kipris_patent_full/120180221908_page_001.json,2026-09-30T15:26:05.300Z,True
120180533683:001:040,1020220175692,SEL-042,모라이,120180533683,1,02_raw_data/kipris_patent_full/120180533683_page_001.json,2026-09-30T15:24:55.317Z,True
119990263757:002:007,1020220175921,SEL-071,마크애니,119990263757,2,02_raw_data/kipris_patent_full/119990263757_page_002.json,2026-09-30T15:29:01.322Z,True
119990582540:001:072,1020220176903,SEL-021,코난테크놀로지,119990582540,1,02_raw_data/kipris_patent_full/119990582540_page_001.json,2026-09-30T15:23:09.237Z,True
119990582540:001:047,1020220177078,SEL-021,코난테크놀로지,119990582540,1,02_raw_data/kipris_patent_full/119990582540_page_001.json,2026-09-30T15:23:09.237Z,True
120170230641:001:004,1020220177280,SEL-059,버넥트,120170230641,1,02_raw_data/kipris_patent_full/120170230641_page_001.json,2026-09-30T15:27:25.051Z,True
120170230641:001:037,1020220177282,SEL-059,버넥트,120170230641,1,02_raw_data/kipris_patent_full/120170230641_page_001.json,2026-09-30T15:27:25.051Z,True
120170230641:001:038,1020220177285,SEL-059,버넥트,120170230641,1,02_raw_data/kipris_patent_full/120170230641_page_001.json,2026-09-30T15:27:25.051Z,True
120180468784:002:023,1020220178058,SEL-074,딥엑스,120180468784,2,02_raw_data/kipris_patent_full/120180468784_page_002.json,2026-09-30T15:29:32.702Z,True
120180468784:002:015,1020220178092,SEL-074,딥엑스,120180468784,2,02_raw_data/kipris_patent_full/120180468784_page_002.json,2026-09-30T15:29:32.702Z,True
119990582540:001:015,1020220178185,SEL-021,코난테크놀로지,119990582540,1,02_raw_data/kipris_patent_full/119990582540_page_001.json,2026-09-30T15:23:09.237Z,True
119990582540:001:051,1020220178391,SEL-021,코난테크놀로지,119990582540,1,02_raw_data/kipris_patent_full/119990582540_page_001.json,2026-09-30T15:23:09.237Z,True
120080142918:001:075,1020220178627,SEL-023,인피닉,120080142918,1,02_raw_data/kipris_patent_full/120080142918_page_001.json,2026-09-30T15:23:39.053Z,True
120190790667:001:034,1020220180317,SEL-047,웨이브로드,120190790667,1,02_raw_data/kipris_patent_full/120190790667_page_001.json,2026-09-30T15:26:35.321Z,True
120100520372:001:001,1020220181236,SEL-014,네스앤텍,120100520372,1,02_raw_data/kipris_patent_full/120100520372_page_001.json,2026-09-30T15:04:27.081Z,True
119980992982:002:051,1020220181494,SEL-070,부전전자,119980992982,2,02_raw_data/kipris_patent_full/119980992982_page_002.json,2026-09-30T15:28:30.243Z,True
120010216085:001:017,1020220182103,SEL-073,아이쓰리시스템,120010216085,1,02_raw_data/kipris_patent_full/120010216085_page_001.json,2026-09-30T15:12:17.655Z,True
120010011066:001:015,1020220182397,SEL-060,이오시스템,120010011066,1,02_raw_data/kipris_patent_full/120010011066_page_001.json,2026-09-30T15:27:37.204Z,True
120150784556:001:012,1020220182605,SEL-027,컨트로맥스,120150784556,1,02_raw_data/kipris_patent_full/120150784556_page_001.json,2026-09-30T15:06:00.606Z,True
120200973794:001:007,1020220183182,SEL-080,비이아이랩,120200973794,1,02_raw_data/kipris_patent_full/120200973794_page_001.json,2026-09-30T15:15:41.477Z,True
120200973794:001:019,1020220183183,SEL-080,비이아이랩,120200973794,1,02_raw_data/kipris_patent_full/120200973794_page_001.json,2026-09-30T15:15:41.477Z,True
120200973794:001:015,1020220183184,SEL-080,비이아이랩,120200973794,1,02_raw_data/kipris_patent_full/120200973794_page_001.json,2026-09-30T15:15:41.477Z,True
120190790667:001:022,1020220184183,SEL-047,웨이브로드,120190790667,1,02_raw_data/kipris_patent_full/120190790667_page_001.json,2026-09-30T15:26:35.321Z,True
120200268736:001:011,1020220184437,SEL-069,데이터메이커,120200268736,1,02_raw_data/kipris_patent_full/120200268736_page_001.json,2026-09-30T15:11:21.311Z,True
120200268736:001:003,1020220184444,SEL-069,데이터메이커,120200268736,1,02_raw_data/kipris_patent_full/120200268736_page_001.json,2026-09-30T15:11:21.311Z,True
120200268736:001:002,1020220184450,SEL-069,데이터메이커,120200268736,1,02_raw_data/kipris_patent_full/120200268736_page_001.json,2026-09-30T15:11:21.311Z,True
120200268736:001:009,1020220184457,SEL-069,데이터메이커,120200268736,1,02_raw_data/kipris_patent_full/120200268736_page_001.json,2026-09-30T15:11:21.311Z,True
120010011066:001:084,1020220185243,SEL-060,이오시스템,120010011066,1,02_raw_data/kipris_patent_full/120010011066_page_001.json,2026-09-30T15:27:37.204Z,True
120100149207:001:013,1020220185336,SEL-004,솔빛시스템,120100149207,1,02_raw_data/kipris_patent_full/120100149207_page_001.json,2026-09-30T15:02:07.704Z,True
119990582540:001:046,1020220186170,SEL-021,코난테크놀로지,119990582540,1,02_raw_data/kipris_patent_full/119990582540_page_001.json,2026-09-30T15:23:09.237Z,True
120160834252:002:029,1020220187083,SEL-009,에스오에스랩,120160834252,2,02_raw_data/kipris_patent_full/120160834252_page_002.json,2026-09-30T15:22:19.050Z,True
120170129445:001:014,1020220187541,SEL-065,나라스페이스 테크놀로지,120170129445,1,02_raw_data/kipris_patent_full/120170129445_page_001.json,2026-09-30T15:11:02.513Z,True
120170129445:001:012,1020220187542,SEL-065,나라스페이스 테크놀로지,120170129445,1,02_raw_data/kipris_patent_full/120170129445_page_001.json,2026-09-30T15:11:02.513Z,True
120160085076:001:014,1020220188748,SEL-072,써로마인드,120160085076,1,02_raw_data/kipris_patent_full/120160085076_page_001.json,2026-09-30T15:12:12.286Z,True
120060069154:001:002,1020220189025,SEL-012,영풍전자,120060069154,1,02_raw_data/kipris_patent_full/120060069154_page_001.json,2026-09-30T15:04:01.035Z,True
120140025378:001:012,1020220189339,SEL-001,ANH스트럭쳐,120140025378,1,02_raw_data/kipris_patent_full/120140025378_page_001.json,2026-09-30T14:59:26.805Z,True
120200328994:001:003,1020220189345,SEL-067,텔레픽스,120200328994,1,02_raw_data/kipris_patent_full/120200328994_page_001.json,2026-09-30T15:27:57.104Z,True
120200328994:001:005,1020220189346,SEL-067,텔레픽스,120200328994,1,02_raw_data/kipris_patent_full/120200328994_page_001.json,2026-09-30T15:27:57.104Z,True
120220558692:001:005,1020220189676,SEL-063,스텝랩,120220558692,1,02_raw_data/kipris_patent_full/120220558692_page_001.json,2026-09-30T15:10:42.800Z,True
120070411804:001:008,1020220189676,SEL-036,솔탑,120070411804,1,02_raw_data/kipris_patent_full/120070411804_page_001.json,2026-09-30T15:24:20.530Z,True
120060069154:001:015,1020220189951,SEL-012,영풍전자,120060069154,1,02_raw_data/kipris_patent_full/120060069154_page_001.json,2026-09-30T15:04:01.035Z,True
120000497105:001:025,1020220189997,SEL-015,아이블포토닉스,120000497105,1,02_raw_data/kipris_patent_full/120000497105_page_001.json,2026-09-30T15:22:44.285Z,True
120180468784:001:061,1020227004135,SEL-074,딥엑스,120180468784,1,02_raw_data/kipris_patent_full/120180468784_page_001.json,2026-09-30T15:29:28.979Z,True
120170493817:001:034,1020227027355,SEL-008,RFHIC,120170493817,1,02_raw_data/kipris_patent_full/120170493817_page_001.json,2026-09-30T15:22:03.697Z,True
120170493817:001:036,1020227027356,SEL-008,RFHIC,120170493817,1,02_raw_data/kipris_patent_full/120170493817_page_001.json,2026-09-30T15:22:03.697Z,True
120170493817:001:033,1020227027357,SEL-008,RFHIC,120170493817,1,02_raw_data/kipris_patent_full/120170493817_page_001.json,2026-09-30T15:22:03.697Z,True
120170493817:001:035,1020227027358,SEL-008,RFHIC,120170493817,1,02_raw_data/kipris_patent_full/120170493817_page_001.json,2026-09-30T15:22:03.697Z,True
120180468784:001:084,1020227027419,SEL-074,딥엑스,120180468784,1,02_raw_data/kipris_patent_full/120180468784_page_001.json,2026-09-30T15:29:28.979Z,True
120180184433:001:014,1020227042156,SEL-045,퓨리오사에이아이,120180184433,1,02_raw_data/kipris_patent_full/120180184433_page_001.json,2026-09-30T15:07:57.321Z,True
120180184433:001:013,1020227042157,SEL-045,퓨리오사에이아이,120180184433,1,02_raw_data/kipris_patent_full/120180184433_page_001.json,2026-09-30T15:07:57.321Z,True
119980992982:002:050,1020230000244,SEL-070,부전전자,119980992982,2,02_raw_data/kipris_patent_full/119980992982_page_002.json,2026-09-30T15:28:30.243Z,True
120190790667:002:043,1020230000590,SEL-047,웨이브로드,120190790667,2,02_raw_data/kipris_patent_full/120190790667_page_002.json,2026-09-30T15:26:40.319Z,True
119980992982:001:017,1020230001567,SEL-070,부전전자,119980992982,1,02_raw_data/kipris_patent_full/119980992982_page_001.json,2026-09-30T15:28:25.879Z,True
120220558692:001:012,1020230002567,SEL-063,스텝랩,120220558692,1,02_raw_data/kipris_patent_full/120220558692_page_001.json,2026-09-30T15:10:42.800Z,True
120140025378:001:016,1020230002921,SEL-001,ANH스트럭쳐,120140025378,1,02_raw_data/kipris_patent_full/120140025378_page_001.json,2026-09-30T14:59:26.805Z,True
120220273720:001:006,1020230003202,SEL-055,위플로,120220273720,1,02_raw_data/kipris_patent_full/120220273720_page_001.json,2026-09-30T15:27:16.303Z,True
120190790667:001:029,1020230003479,SEL-047,웨이브로드,120190790667,1,02_raw_data/kipris_patent_full/120190790667_page_001.json,2026-09-30T15:26:35.321Z,True
120180221908:001:051,1020230004781,SEL-044,마키나락스,120180221908,1,02_raw_data/kipris_patent_full/120180221908_page_001.json,2026-09-30T15:26:05.300Z,True
120190790667:001:039,1020230006171,SEL-047,웨이브로드,120190790667,1,02_raw_data/kipris_patent_full/120190790667_page_001.json,2026-09-30T15:26:35.321Z,True
119990263757:002:065,1020230006697,SEL-071,마크애니,119990263757,2,02_raw_data/kipris_patent_full/119990263757_page_002.json,2026-09-30T15:29:01.322Z,True
120190790667:002:055,1020230007913,SEL-047,웨이브로드,120190790667,2,02_raw_data/kipris_patent_full/120190790667_page_002.json,2026-09-30T15:26:40.319Z,True
120180221908:002:001,1020230009530,SEL-044,마키나락스,120180221908,2,02_raw_data/kipris_patent_full/120180221908_page_002.json,2026-09-30T15:26:08.712Z,True
120180221908:001:070,1020230009531,SEL-044,마키나락스,120180221908,1,02_raw_data/kipris_patent_full/120180221908_page_001.json,2026-09-30T15:26:05.300Z,True
120180221908:001:089,1020230009532,SEL-044,마키나락스,120180221908,1,02_raw_data/kipris_patent_full/120180221908_page_001.json,2026-09-30T15:26:05.300Z,True
120180221908:001:090,1020230009533,SEL-044,마키나락스,120180221908,1,02_raw_data/kipris_patent_full/120180221908_page_001.json,2026-09-30T15:26:05.300Z,True
120150512756:001:042,1020230009847,SEL-030,니어스랩,120150512756,1,02_raw_data/kipris_patent_full/120150512756_page_001.json,2026-09-30T15:24:05.144Z,True
120180221908:001:069,1020230010012,SEL-044,마키나락스,120180221908,1,02_raw_data/kipris_patent_full/120180221908_page_001.json,2026-09-30T15:26:05.300Z,True
120190790667:001:078,1020230010103,SEL-047,웨이브로드,120190790667,1,02_raw_data/kipris_patent_full/120190790667_page_001.json,2026-09-30T15:26:35.321Z,True
120000218885:001:005,1020230011131,SEL-011,대한광통신,120000218885,1,02_raw_data/kipris_patent_full/120000218885_page_001.json,2026-09-30T15:22:28.790Z,True
120180221908:001:044,1020230011389,SEL-044,마키나락스,120180221908,1,02_raw_data/kipris_patent_full/120180221908_page_001.json,2026-09-30T15:26:05.300Z,True
120180221908:001:057,1020230011504,SEL-044,마키나락스,120180221908,1,02_raw_data/kipris_patent_full/120180221908_page_001.json,2026-09-30T15:26:05.300Z,True
120180221908:001:001,1020230011505,SEL-044,마키나락스,120180221908,1,02_raw_data/kipris_patent_full/120180221908_page_001.json,2026-09-30T15:26:05.300Z,True
120180221908:001:015,1020230011506,SEL-044,마키나락스,120180221908,1,02_raw_data/kipris_patent_full/120180221908_page_001.json,2026-09-30T15:26:05.300Z,True
120180221908:001:002,1020230011507,SEL-044,마키나락스,120180221908,1,02_raw_data/kipris_patent_full/120180221908_page_001.json,2026-09-30T15:26:05.300Z,True
120180221908:001:014,1020230011508,SEL-044,마키나락스,120180221908,1,02_raw_data/kipris_patent_full/120180221908_page_001.json,2026-09-30T15:26:05.300Z,True
120180510935:001:028,1020230011731,SEL-031,파블로항공,120180510935,1,02_raw_data/kipris_patent_full/120180510935_page_001.json,2026-09-30T15:06:28.194Z,True
120220273720:001:012,1020230012233,SEL-055,위플로,120220273720,1,02_raw_data/kipris_patent_full/120220273720_page_001.json,2026-09-30T15:27:16.303Z,True
120220273720:001:011,1020230012234,SEL-055,위플로,120220273720,1,02_raw_data/kipris_patent_full/120220273720_page_001.json,2026-09-30T15:27:16.303Z,True
120180221908:001:018,1020230014321,SEL-044,마키나락스,120180221908,1,02_raw_data/kipris_patent_full/120180221908_page_001.json,2026-09-30T15:26:05.300Z,True
119980992982:002:049,1020230015604,SEL-070,부전전자,119980992982,2,02_raw_data/kipris_patent_full/119980992982_page_002.json,2026-09-30T15:28:30.243Z,True
120140451975:001:013,1020230015635,SEL-016,스탠다드시험연구소,120140451975,1,02_raw_data/kipris_patent_full/120140451975_page_001.json,2026-09-30T15:22:57.659Z,True
120190790667:002:051,1020230016614,SEL-047,웨이브로드,120190790667,2,02_raw_data/kipris_patent_full/120190790667_page_002.json,2026-09-30T15:26:40.319Z,True
120190790667:001:090,1020230016620,SEL-047,웨이브로드,120190790667,1,02_raw_data/kipris_patent_full/120190790667_page_001.json,2026-09-30T15:26:35.321Z,True
120140451975:001:012,1020230017340,SEL-016,스탠다드시험연구소,120140451975,1,02_raw_data/kipris_patent_full/120140451975_page_001.json,2026-09-30T15:22:57.659Z,True
120190790667:002:002,1020230017942,SEL-047,웨이브로드,120190790667,2,02_raw_data/kipris_patent_full/120190790667_page_002.json,2026-09-30T15:26:40.319Z,True
120180221908:001:058,1020230019772,SEL-044,마키나락스,120180221908,1,02_raw_data/kipris_patent_full/120180221908_page_001.json,2026-09-30T15:26:05.300Z,True
120170493817:001:049,1020230019914,SEL-008,RFHIC,120170493817,1,02_raw_data/kipris_patent_full/120170493817_page_001.json,2026-09-30T15:22:03.697Z,True
120190790667:001:042,1020230021234,SEL-047,웨이브로드,120190790667,1,02_raw_data/kipris_patent_full/120190790667_page_001.json,2026-09-30T15:26:35.321Z,True
120160834252:001:036,1020230025604,SEL-009,에스오에스랩,120160834252,1,02_raw_data/kipris_patent_full/120160834252_page_001.json,2026-09-30T15:22:14.632Z,True
120160834252:001:050,1020230025607,SEL-009,에스오에스랩,120160834252,1,02_raw_data/kipris_patent_full/120160834252_page_001.json,2026-09-30T15:22:14.632Z,True
120170129445:001:011,1020230026971,SEL-065,나라스페이스 테크놀로지,120170129445,1,02_raw_data/kipris_patent_full/120170129445_page_001.json,2026-09-30T15:11:02.513Z,True
120170129445:001:015,1020230026976,SEL-065,나라스페이스 테크놀로지,120170129445,1,02_raw_data/kipris_patent_full/120170129445_page_001.json,2026-09-30T15:11:02.513Z,True
120180468784:001:049,1020230027106,SEL-074,딥엑스,120180468784,1,02_raw_data/kipris_patent_full/120180468784_page_001.json,2026-09-30T15:29:28.979Z,True
120160256051:001:046,1020230027225,SEL-078,센서뷰,120160256051,1,02_raw_data/kipris_patent_full/120160256051_page_001.json,2026-09-30T15:29:41.938Z,True
120160256051:001:066,1020230027262,SEL-078,센서뷰,120160256051,1,02_raw_data/kipris_patent_full/120160256051_page_001.json,2026-09-30T15:29:41.938Z,True
120130332921:001:004,1020230027279,SEL-032,센서피아,120130332921,1,02_raw_data/kipris_patent_full/120130332921_page_001.json,2026-09-30T15:06:33.650Z,True
120160894020:001:023,1020230027487,SEL-034,아이디케이,120160894020,1,02_raw_data/kipris_patent_full/120160894020_page_001.json,2026-09-30T15:06:37.982Z,True
120080142918:001:033,1020230028264,SEL-023,인피닉,120080142918,1,02_raw_data/kipris_patent_full/120080142918_page_001.json,2026-09-30T15:23:39.053Z,True
120080142918:001:022,1020230028265,SEL-023,인피닉,120080142918,1,02_raw_data/kipris_patent_full/120080142918_page_001.json,2026-09-30T15:23:39.053Z,True
120200109241:001:034,1020230029017,SEL-054,패리티,120200109241,1,02_raw_data/kipris_patent_full/120200109241_page_001.json,2026-09-30T15:26:59.124Z,True
120220232542:001:001,1020230029219,SEL-041,젠젠에이아이,120220232542,1,02_raw_data/kipris_patent_full/120220232542_page_001.json,2026-09-30T15:07:26.116Z,True
120020328376:001:040,1020230029494,SEL-002,단암시스템즈,120020328376,1,02_raw_data/kipris_patent_full/120020328376_page_001.json,2026-09-30T15:02:00.539Z,True
120160256051:001:069,1020230029931,SEL-078,센서뷰,120160256051,1,02_raw_data/kipris_patent_full/120160256051_page_001.json,2026-09-30T15:29:41.938Z,True
120080142918:001:082,1020230030193,SEL-023,인피닉,120080142918,1,02_raw_data/kipris_patent_full/120080142918_page_001.json,2026-09-30T15:23:39.053Z,True
120080142918:001:079,1020230030194,SEL-023,인피닉,120080142918,1,02_raw_data/kipris_patent_full/120080142918_page_001.json,2026-09-30T15:23:39.053Z,True
120130036036:001:009,1020230030471,SEL-058,덕산넵코어스,120130036036,1,02_raw_data/kipris_patent_full/120130036036_page_001.json,2026-09-30T15:10:29.319Z,True
120180533683:001:002,1020230030950,SEL-042,모라이,120180533683,1,02_raw_data/kipris_patent_full/120180533683_page_001.json,2026-09-30T15:24:55.317Z,True
120080142918:001:072,1020230030962,SEL-023,인피닉,120080142918,1,02_raw_data/kipris_patent_full/120080142918_page_001.json,2026-09-30T15:23:39.053Z,True
120080142918:001:054,1020230030985,SEL-023,인피닉,120080142918,1,02_raw_data/kipris_patent_full/120080142918_page_001.json,2026-09-30T15:23:39.053Z,True
120160834252:002:043,1020230031472,SEL-009,에스오에스랩,120160834252,2,02_raw_data/kipris_patent_full/120160834252_page_002.json,2026-09-30T15:22:19.050Z,True
119980992982:002:052,1020230032503,SEL-070,부전전자,119980992982,2,02_raw_data/kipris_patent_full/119980992982_page_002.json,2026-09-30T15:28:30.243Z,True
120100491643:001:001,1020230032582,SEL-049,포멀웍스,120100491643,1,02_raw_data/kipris_patent_full/120100491643_page_001.json,2026-09-30T15:08:23.879Z,True
120180221908:001:030,1020230033044,SEL-044,마키나락스,120180221908,1,02_raw_data/kipris_patent_full/120180221908_page_001.json,2026-09-30T15:26:05.300Z,True
120020328376:001:017,1020230034777,SEL-002,단암시스템즈,120020328376,1,02_raw_data/kipris_patent_full/120020328376_page_001.json,2026-09-30T15:02:00.539Z,True
120000572308:001:058,1020230035008,SEL-046,옵토웰,120000572308,1,02_raw_data/kipris_patent_full/120000572308_page_001.json,2026-09-30T15:26:16.022Z,True
120180533683:001:004,1020230035772,SEL-042,모라이,120180533683,1,02_raw_data/kipris_patent_full/120180533683_page_001.json,2026-09-30T15:24:55.317Z,True
120130036036:001:033,1020230035887,SEL-058,덕산넵코어스,120130036036,1,02_raw_data/kipris_patent_full/120130036036_page_001.json,2026-09-30T15:10:29.319Z,True
120180533683:001:027,1020230036420,SEL-042,모라이,120180533683,1,02_raw_data/kipris_patent_full/120180533683_page_001.json,2026-09-30T15:24:55.317Z,True
120190790667:001:005,1020230037734,SEL-047,웨이브로드,120190790667,1,02_raw_data/kipris_patent_full/120190790667_page_001.json,2026-09-30T15:26:35.321Z,True
120190790667:001:051,1020230037778,SEL-047,웨이브로드,120190790667,1,02_raw_data/kipris_patent_full/120190790667_page_001.json,2026-09-30T15:26:35.321Z,True
120160834252:001:048,1020230037807,SEL-009,에스오에스랩,120160834252,1,02_raw_data/kipris_patent_full/120160834252_page_001.json,2026-09-30T15:22:14.632Z,True
120160834252:001:042,1020230037819,SEL-009,에스오에스랩,120160834252,1,02_raw_data/kipris_patent_full/120160834252_page_001.json,2026-09-30T15:22:14.632Z,True
120160834252:001:028,1020230037820,SEL-009,에스오에스랩,120160834252,1,02_raw_data/kipris_patent_full/120160834252_page_001.json,2026-09-30T15:22:14.632Z,True
120190790667:002:049,1020230039809,SEL-047,웨이브로드,120190790667,2,02_raw_data/kipris_patent_full/120190790667_page_002.json,2026-09-30T15:26:40.319Z,True
119980992982:002:008,1020230040418,SEL-070,부전전자,119980992982,2,02_raw_data/kipris_patent_full/119980992982_page_002.json,2026-09-30T15:28:30.243Z,True
120160834252:001:027,1020230041260,SEL-009,에스오에스랩,120160834252,1,02_raw_data/kipris_patent_full/120160834252_page_001.json,2026-09-30T15:22:14.632Z,True
120160834252:001:031,1020230041268,SEL-009,에스오에스랩,120160834252,1,02_raw_data/kipris_patent_full/120160834252_page_001.json,2026-09-30T15:22:14.632Z,True
120160834252:001:040,1020230041273,SEL-009,에스오에스랩,120160834252,1,02_raw_data/kipris_patent_full/120160834252_page_001.json,2026-09-30T15:22:14.632Z,True
120200973794:001:010,1020230042185,SEL-080,비이아이랩,120200973794,1,02_raw_data/kipris_patent_full/120200973794_page_001.json,2026-09-30T15:15:41.477Z,True
120200973794:001:025,1020230042186,SEL-080,비이아이랩,120200973794,1,02_raw_data/kipris_patent_full/120200973794_page_001.json,2026-09-30T15:15:41.477Z,True
120180468784:001:007,1020230042301,SEL-074,딥엑스,120180468784,1,02_raw_data/kipris_patent_full/120180468784_page_001.json,2026-09-30T15:29:28.979Z,True
120160256051:001:059,1020230042534,SEL-078,센서뷰,120160256051,1,02_raw_data/kipris_patent_full/120160256051_page_001.json,2026-09-30T15:29:41.938Z,True
120160256051:001:090,1020230043553,SEL-078,센서뷰,120160256051,1,02_raw_data/kipris_patent_full/120160256051_page_001.json,2026-09-30T15:29:41.938Z,True
120000497105:001:018,1020230045100,SEL-015,아이블포토닉스,120000497105,1,02_raw_data/kipris_patent_full/120000497105_page_001.json,2026-09-30T15:22:44.285Z,True
120180468784:001:077,1020230046740,SEL-074,딥엑스,120180468784,1,02_raw_data/kipris_patent_full/120180468784_page_001.json,2026-09-30T15:29:28.979Z,True
119990263757:001:017,1020230048173,SEL-071,마크애니,119990263757,1,02_raw_data/kipris_patent_full/119990263757_page_001.json,2026-09-30T15:28:56.695Z,True
120160256051:002:010,1020230048386,SEL-078,센서뷰,120160256051,2,02_raw_data/kipris_patent_full/120160256051_page_002.json,2026-09-30T15:29:45.308Z,True
119980992982:002:047,1020230048520,SEL-070,부전전자,119980992982,2,02_raw_data/kipris_patent_full/119980992982_page_002.json,2026-09-30T15:28:30.243Z,True
119980992982:001:042,1020230048707,SEL-070,부전전자,119980992982,1,02_raw_data/kipris_patent_full/119980992982_page_001.json,2026-09-30T15:28:25.879Z,True
120080142918:001:060,1020230048843,SEL-023,인피닉,120080142918,1,02_raw_data/kipris_patent_full/120080142918_page_001.json,2026-09-30T15:23:39.053Z,True
120010011066:001:044,1020230048879,SEL-060,이오시스템,120010011066,1,02_raw_data/kipris_patent_full/120010011066_page_001.json,2026-09-30T15:27:37.204Z,True
120000218885:001:030,1020230049602,SEL-011,대한광통신,120000218885,1,02_raw_data/kipris_patent_full/120000218885_page_001.json,2026-09-30T15:22:28.790Z,True
120180468784:001:076,1020230049896,SEL-074,딥엑스,120180468784,1,02_raw_data/kipris_patent_full/120180468784_page_001.json,2026-09-30T15:29:28.979Z,True
120120324551:001:008,1020230050396,SEL-038,아이스펙,120120324551,1,02_raw_data/kipris_patent_full/120120324551_page_001.json,2026-09-30T15:07:05.454Z,True
120160256051:001:017,1020230050681,SEL-078,센서뷰,120160256051,1,02_raw_data/kipris_patent_full/120160256051_page_001.json,2026-09-30T15:29:41.938Z,True
120080142918:002:046,1020230050696,SEL-023,인피닉,120080142918,2,02_raw_data/kipris_patent_full/120080142918_page_002.json,2026-09-30T15:23:43.335Z,True
120190790667:002:075,1020230050800,SEL-047,웨이브로드,120190790667,2,02_raw_data/kipris_patent_full/120190790667_page_002.json,2026-09-30T15:26:40.319Z,True
120220232542:001:018,1020230051496,SEL-041,젠젠에이아이,120220232542,1,02_raw_data/kipris_patent_full/120220232542_page_001.json,2026-09-30T15:07:26.116Z,True
120200109241:001:015,1020230052263,SEL-054,패리티,120200109241,1,02_raw_data/kipris_patent_full/120200109241_page_001.json,2026-09-30T15:26:59.124Z,True
120080142918:002:045,1020230053734,SEL-023,인피닉,120080142918,2,02_raw_data/kipris_patent_full/120080142918_page_002.json,2026-09-30T15:23:43.335Z,True
120000497105:001:027,1020230055128,SEL-015,아이블포토닉스,120000497105,1,02_raw_data/kipris_patent_full/120000497105_page_001.json,2026-09-30T15:22:44.285Z,True
120000572308:001:021,1020230055162,SEL-046,옵토웰,120000572308,1,02_raw_data/kipris_patent_full/120000572308_page_001.json,2026-09-30T15:26:16.022Z,True
120200268736:001:008,1020230056383,SEL-069,데이터메이커,120200268736,1,02_raw_data/kipris_patent_full/120200268736_page_001.json,2026-09-30T15:11:21.311Z,True
119980992982:002:025,1020230056494,SEL-070,부전전자,119980992982,2,02_raw_data/kipris_patent_full/119980992982_page_002.json,2026-09-30T15:28:30.243Z,True
120000407777:001:053,1020230058286,SEL-082,이루온,120000407777,1,02_raw_data/kipris_patent_full/120000407777_page_001.json,2026-09-30T15:30:04.874Z,True
120180468784:002:014,1020230058302,SEL-074,딥엑스,120180468784,2,02_raw_data/kipris_patent_full/120180468784_page_002.json,2026-09-30T15:29:32.702Z,True
120100520372:001:024,1020230058312,SEL-014,네스앤텍,120100520372,1,02_raw_data/kipris_patent_full/120100520372_page_001.json,2026-09-30T15:04:27.081Z,True
120000497105:001:010,1020230058433,SEL-015,아이블포토닉스,120000497105,1,02_raw_data/kipris_patent_full/120000497105_page_001.json,2026-09-30T15:22:44.285Z,True
120220273720:001:026,1020230059065,SEL-055,위플로,120220273720,1,02_raw_data/kipris_patent_full/120220273720_page_001.json,2026-09-30T15:27:16.303Z,True
120180221908:001:079,1020230059154,SEL-044,마키나락스,120180221908,1,02_raw_data/kipris_patent_full/120180221908_page_001.json,2026-09-30T15:26:05.300Z,True
120180221908:001:052,1020230059155,SEL-044,마키나락스,120180221908,1,02_raw_data/kipris_patent_full/120180221908_page_001.json,2026-09-30T15:26:05.300Z,True
120160256051:002:009,1020230060836,SEL-078,센서뷰,120160256051,2,02_raw_data/kipris_patent_full/120160256051_page_002.json,2026-09-30T15:29:45.308Z,True
120180468784:001:021,1020230061416,SEL-074,딥엑스,120180468784,1,02_raw_data/kipris_patent_full/120180468784_page_001.json,2026-09-30T15:29:28.979Z,True
120150512756:001:044,1020230061597,SEL-030,니어스랩,120150512756,1,02_raw_data/kipris_patent_full/120150512756_page_001.json,2026-09-30T15:24:05.144Z,True
119980992982:001:020,1020230064630,SEL-070,부전전자,119980992982,1,02_raw_data/kipris_patent_full/119980992982_page_001.json,2026-09-30T15:28:25.879Z,True
120030032210:001:004,1020230065190,SEL-068,인텔리빅스,120030032210,1,02_raw_data/kipris_patent_full/120030032210_page_001.json,2026-09-30T15:28:06.481Z,True
120030032210:001:057,1020230065195,SEL-068,인텔리빅스,120030032210,1,02_raw_data/kipris_patent_full/120030032210_page_001.json,2026-09-30T15:28:06.481Z,True
120080142918:001:058,1020230066082,SEL-023,인피닉,120080142918,1,02_raw_data/kipris_patent_full/120080142918_page_001.json,2026-09-30T15:23:39.053Z,True
120170380334:001:009,1020230066654,SEL-029,두타기술,120170380334,1,02_raw_data/kipris_patent_full/120170380334_page_001.json,2026-09-30T15:06:16.754Z,True
120140451975:001:069,1020230067228,SEL-016,스탠다드시험연구소,120140451975,1,02_raw_data/kipris_patent_full/120140451975_page_001.json,2026-09-30T15:22:57.659Z,True
120030032210:001:064,1020230067284,SEL-068,인텔리빅스,120030032210,1,02_raw_data/kipris_patent_full/120030032210_page_001.json,2026-09-30T15:28:06.481Z,True
120160894020:001:002,1020230067400,SEL-034,아이디케이,120160894020,1,02_raw_data/kipris_patent_full/120160894020_page_001.json,2026-09-30T15:06:37.982Z,True
120190868043:001:021,1020230069040,SEL-005,에스아이에이,120190868043,1,02_raw_data/kipris_patent_full/120190868043_page_001.json,2026-09-30T15:20:09.084Z,True
120160256051:001:045,1020230070645,SEL-078,센서뷰,120160256051,1,02_raw_data/kipris_patent_full/120160256051_page_001.json,2026-09-30T15:29:41.938Z,True
120000407777:001:010,1020230070840,SEL-082,이루온,120000407777,1,02_raw_data/kipris_patent_full/120000407777_page_001.json,2026-09-30T15:30:04.874Z,True
120010011066:001:047,1020230070946,SEL-060,이오시스템,120010011066,1,02_raw_data/kipris_patent_full/120010011066_page_001.json,2026-09-30T15:27:37.204Z,True
120010011066:001:032,1020230070950,SEL-060,이오시스템,120010011066,1,02_raw_data/kipris_patent_full/120010011066_page_001.json,2026-09-30T15:27:37.204Z,True
120180468784:001:035,1020230071141,SEL-074,딥엑스,120180468784,1,02_raw_data/kipris_patent_full/120180468784_page_001.json,2026-09-30T15:29:28.979Z,True
119981108964:001:029,1020230071951,SEL-076,삼현,119981108964,1,02_raw_data/kipris_patent_full/119981108964_page_001.json,2026-09-30T15:14:46.351Z,True
119981108964:001:052,1020230071953,SEL-076,삼현,119981108964,1,02_raw_data/kipris_patent_full/119981108964_page_001.json,2026-09-30T15:14:46.351Z,True
120220273720:001:007,1020230072659,SEL-055,위플로,120220273720,1,02_raw_data/kipris_patent_full/120220273720_page_001.json,2026-09-30T15:27:16.303Z,True
120220273720:001:013,1020230072660,SEL-055,위플로,120220273720,1,02_raw_data/kipris_patent_full/120220273720_page_001.json,2026-09-30T15:27:16.303Z,True
120220273720:001:018,1020230072661,SEL-055,위플로,120220273720,1,02_raw_data/kipris_patent_full/120220273720_page_001.json,2026-09-30T15:27:16.303Z,True
120140451975:001:010,1020230072698,SEL-016,스탠다드시험연구소,120140451975,1,02_raw_data/kipris_patent_full/120140451975_page_001.json,2026-09-30T15:22:57.659Z,True
120010011066:001:030,1020230072850,SEL-060,이오시스템,120010011066,1,02_raw_data/kipris_patent_full/120010011066_page_001.json,2026-09-30T15:27:37.204Z,True
120170380334:001:004,1020230073611,SEL-029,두타기술,120170380334,1,02_raw_data/kipris_patent_full/120170380334_page_001.json,2026-09-30T15:06:16.754Z,True
119980992982:002:039,1020230073747,SEL-070,부전전자,119980992982,2,02_raw_data/kipris_patent_full/119980992982_page_002.json,2026-09-30T15:28:30.243Z,True
120190868043:001:038,1020230075347,SEL-005,에스아이에이,120190868043,1,02_raw_data/kipris_patent_full/120190868043_page_001.json,2026-09-30T15:20:09.084Z,True
120180510935:001:038,1020230075934,SEL-031,파블로항공,120180510935,1,02_raw_data/kipris_patent_full/120180510935_page_001.json,2026-09-30T15:06:28.194Z,True
120150512756:001:046,1020230076814,SEL-030,니어스랩,120150512756,1,02_raw_data/kipris_patent_full/120150512756_page_001.json,2026-09-30T15:24:05.144Z,True
120160085076:001:013,1020230077534,SEL-072,써로마인드,120160085076,1,02_raw_data/kipris_patent_full/120160085076_page_001.json,2026-09-30T15:12:12.286Z,True
119990263757:002:011,1020230077576,SEL-071,마크애니,119990263757,2,02_raw_data/kipris_patent_full/119990263757_page_002.json,2026-09-30T15:29:01.322Z,True
120180221908:001:088,1020230078800,SEL-044,마키나락스,120180221908,1,02_raw_data/kipris_patent_full/120180221908_page_001.json,2026-09-30T15:26:05.300Z,True
120180221908:001:087,1020230078801,SEL-044,마키나락스,120180221908,1,02_raw_data/kipris_patent_full/120180221908_page_001.json,2026-09-30T15:26:05.300Z,True
119981108964:001:049,1020230079257,SEL-076,삼현,119981108964,1,02_raw_data/kipris_patent_full/119981108964_page_001.json,2026-09-30T15:14:46.351Z,True
120010133046:001:010,1020230079408,SEL-026,마이크로인피니티,120010133046,1,02_raw_data/kipris_patent_full/120010133046_page_001.json,2026-09-30T15:23:55.598Z,True
120220273720:001:001,1020230079474,SEL-055,위플로,120220273720,1,02_raw_data/kipris_patent_full/120220273720_page_001.json,2026-09-30T15:27:16.303Z,True
120180221908:001:048,1020230080437,SEL-044,마키나락스,120180221908,1,02_raw_data/kipris_patent_full/120180221908_page_001.json,2026-09-30T15:26:05.300Z,True
120200109241:001:010,1020230081762,SEL-054,패리티,120200109241,1,02_raw_data/kipris_patent_full/120200109241_page_001.json,2026-09-30T15:26:59.124Z,True
120000497105:001:004,1020230082017,SEL-015,아이블포토닉스,120000497105,1,02_raw_data/kipris_patent_full/120000497105_page_001.json,2026-09-30T15:22:44.285Z,True
120000497105:001:012,1020230082018,SEL-015,아이블포토닉스,120000497105,1,02_raw_data/kipris_patent_full/120000497105_page_001.json,2026-09-30T15:22:44.285Z,True
120030032210:001:063,1020230082838,SEL-068,인텔리빅스,120030032210,1,02_raw_data/kipris_patent_full/120030032210_page_001.json,2026-09-30T15:28:06.481Z,True
120160834252:001:005,1020230083294,SEL-009,에스오에스랩,120160834252,1,02_raw_data/kipris_patent_full/120160834252_page_001.json,2026-09-30T15:22:14.632Z,True
120180533683:001:014,1020230083533,SEL-042,모라이,120180533683,1,02_raw_data/kipris_patent_full/120180533683_page_001.json,2026-09-30T15:24:55.317Z,True
120220273720:001:003,1020230083887,SEL-055,위플로,120220273720,1,02_raw_data/kipris_patent_full/120220273720_page_001.json,2026-09-30T15:27:16.303Z,True
120220273720:001:022,1020230083888,SEL-055,위플로,120220273720,1,02_raw_data/kipris_patent_full/120220273720_page_001.json,2026-09-30T15:27:16.303Z,True
120100520372:001:002,1020230084379,SEL-014,네스앤텍,120100520372,1,02_raw_data/kipris_patent_full/120100520372_page_001.json,2026-09-30T15:04:27.081Z,True
120100520372:001:029,1020230084610,SEL-014,네스앤텍,120100520372,1,02_raw_data/kipris_patent_full/120100520372_page_001.json,2026-09-30T15:04:27.081Z,True
120160834252:001:055,1020230084706,SEL-009,에스오에스랩,120160834252,1,02_raw_data/kipris_patent_full/120160834252_page_001.json,2026-09-30T15:22:14.632Z,True
120160834252:001:023,1020230084707,SEL-009,에스오에스랩,120160834252,1,02_raw_data/kipris_patent_full/120160834252_page_001.json,2026-09-30T15:22:14.632Z,True
120160834252:001:029,1020230084708,SEL-009,에스오에스랩,120160834252,1,02_raw_data/kipris_patent_full/120160834252_page_001.json,2026-09-30T15:22:14.632Z,True
120160834252:001:038,1020230084709,SEL-009,에스오에스랩,120160834252,1,02_raw_data/kipris_patent_full/120160834252_page_001.json,2026-09-30T15:22:14.632Z,True
120160834252:001:022,1020230084710,SEL-009,에스오에스랩,120160834252,1,02_raw_data/kipris_patent_full/120160834252_page_001.json,2026-09-30T15:22:14.632Z,True
120140451975:001:068,1020230084868,SEL-016,스탠다드시험연구소,120140451975,1,02_raw_data/kipris_patent_full/120140451975_page_001.json,2026-09-30T15:22:57.659Z,True
120120621794:001:022,1020230085060,SEL-022,다비오,120120621794,1,02_raw_data/kipris_patent_full/120120621794_page_001.json,2026-09-30T15:23:16.798Z,True
120180468784:001:005,1020230085938,SEL-074,딥엑스,120180468784,1,02_raw_data/kipris_patent_full/120180468784_page_001.json,2026-09-30T15:29:28.979Z,True
120080142918:002:047,1020230086542,SEL-023,인피닉,120080142918,2,02_raw_data/kipris_patent_full/120080142918_page_002.json,2026-09-30T15:23:43.335Z,True
119990263757:001:019,1020230087200,SEL-071,마크애니,119990263757,1,02_raw_data/kipris_patent_full/119990263757_page_001.json,2026-09-30T15:28:56.695Z,True
120020328376:001:036,1020230087283,SEL-002,단암시스템즈,120020328376,1,02_raw_data/kipris_patent_full/120020328376_page_001.json,2026-09-30T15:02:00.539Z,True
120220232542:001:006,1020230087670,SEL-041,젠젠에이아이,120220232542,1,02_raw_data/kipris_patent_full/120220232542_page_001.json,2026-09-30T15:07:26.116Z,True
119981108964:001:027,1020230088340,SEL-076,삼현,119981108964,1,02_raw_data/kipris_patent_full/119981108964_page_001.json,2026-09-30T15:14:46.351Z,True
120010133046:001:030,1020230089391,SEL-026,마이크로인피니티,120010133046,1,02_raw_data/kipris_patent_full/120010133046_page_001.json,2026-09-30T15:23:55.598Z,True
120170380334:001:010,1020230089958,SEL-029,두타기술,120170380334,1,02_raw_data/kipris_patent_full/120170380334_page_001.json,2026-09-30T15:06:16.754Z,True
120190790667:001:061,1020230090001,SEL-047,웨이브로드,120190790667,1,02_raw_data/kipris_patent_full/120190790667_page_001.json,2026-09-30T15:26:35.321Z,True
120220273720:001:020,1020230090410,SEL-055,위플로,120220273720,1,02_raw_data/kipris_patent_full/120220273720_page_001.json,2026-09-30T15:27:16.303Z,True
120200328994:001:026,1020230091151,SEL-067,텔레픽스,120200328994,1,02_raw_data/kipris_patent_full/120200328994_page_001.json,2026-09-30T15:27:57.104Z,True
120180221908:001:039,1020230091280,SEL-044,마키나락스,120180221908,1,02_raw_data/kipris_patent_full/120180221908_page_001.json,2026-09-30T15:26:05.300Z,True
120180221908:001:062,1020230091281,SEL-044,마키나락스,120180221908,1,02_raw_data/kipris_patent_full/120180221908_page_001.json,2026-09-30T15:26:05.300Z,True
120220232542:001:007,1020230093421,SEL-041,젠젠에이아이,120220232542,1,02_raw_data/kipris_patent_full/120220232542_page_001.json,2026-09-30T15:07:26.116Z,True
120000497105:001:028,1020230093872,SEL-015,아이블포토닉스,120000497105,1,02_raw_data/kipris_patent_full/120000497105_page_001.json,2026-09-30T15:22:44.285Z,True
120190868043:001:003,1020230094175,SEL-005,에스아이에이,120190868043,1,02_raw_data/kipris_patent_full/120190868043_page_001.json,2026-09-30T15:20:09.084Z,True
120160256051:001:086,1020230094319,SEL-078,센서뷰,120160256051,1,02_raw_data/kipris_patent_full/120160256051_page_001.json,2026-09-30T15:29:41.938Z,True
120180221908:001:011,1020230095235,SEL-044,마키나락스,120180221908,1,02_raw_data/kipris_patent_full/120180221908_page_001.json,2026-09-30T15:26:05.300Z,True
120150784556:001:016,1020230095352,SEL-027,컨트로맥스,120150784556,1,02_raw_data/kipris_patent_full/120150784556_page_001.json,2026-09-30T15:06:00.606Z,True
119981108964:001:039,1020230095989,SEL-076,삼현,119981108964,1,02_raw_data/kipris_patent_full/119981108964_page_001.json,2026-09-30T15:14:46.351Z,True
120180221908:001:061,1020230096244,SEL-044,마키나락스,120180221908,1,02_raw_data/kipris_patent_full/120180221908_page_001.json,2026-09-30T15:26:05.300Z,True
120000497105:001:029,1020230096560,SEL-015,아이블포토닉스,120000497105,1,02_raw_data/kipris_patent_full/120000497105_page_001.json,2026-09-30T15:22:44.285Z,True
119990263757:001:002,1020230096850,SEL-071,마크애니,119990263757,1,02_raw_data/kipris_patent_full/119990263757_page_001.json,2026-09-30T15:28:56.695Z,True
119990263757:001:012,1020230096853,SEL-071,마크애니,119990263757,1,02_raw_data/kipris_patent_full/119990263757_page_001.json,2026-09-30T15:28:56.695Z,True
120010011066:001:080,1020230098375,SEL-060,이오시스템,120010011066,1,02_raw_data/kipris_patent_full/120010011066_page_001.json,2026-09-30T15:27:37.204Z,True
120010011066:001:039,1020230098377,SEL-060,이오시스템,120010011066,1,02_raw_data/kipris_patent_full/120010011066_page_001.json,2026-09-30T15:27:37.204Z,True
120190868043:001:017,1020230098919,SEL-005,에스아이에이,120190868043,1,02_raw_data/kipris_patent_full/120190868043_page_001.json,2026-09-30T15:20:09.084Z,True
120180510935:001:029,1020230099776,SEL-031,파블로항공,120180510935,1,02_raw_data/kipris_patent_full/120180510935_page_001.json,2026-09-30T15:06:28.194Z,True
120160256051:001:074,1020230100299,SEL-078,센서뷰,120160256051,1,02_raw_data/kipris_patent_full/120160256051_page_001.json,2026-09-30T15:29:41.938Z,True
120160256051:001:041,1020230100300,SEL-078,센서뷰,120160256051,1,02_raw_data/kipris_patent_full/120160256051_page_001.json,2026-09-30T15:29:41.938Z,True
120020328376:001:012,1020230100899,SEL-002,단암시스템즈,120020328376,1,02_raw_data/kipris_patent_full/120020328376_page_001.json,2026-09-30T15:02:00.539Z,True
120030032210:001:005,1020230101165,SEL-068,인텔리빅스,120030032210,1,02_raw_data/kipris_patent_full/120030032210_page_001.json,2026-09-30T15:28:06.481Z,True
120180468784:001:048,1020230102351,SEL-074,딥엑스,120180468784,1,02_raw_data/kipris_patent_full/120180468784_page_001.json,2026-09-30T15:29:28.979Z,True
120080142918:002:005,1020230102859,SEL-023,인피닉,120080142918,2,02_raw_data/kipris_patent_full/120080142918_page_002.json,2026-09-30T15:23:43.335Z,True
120180221908:001:047,1020230103333,SEL-044,마키나락스,120180221908,1,02_raw_data/kipris_patent_full/120180221908_page_001.json,2026-09-30T15:26:05.300Z,True
120220273720:001:004,1020230104561,SEL-055,위플로,120220273720,1,02_raw_data/kipris_patent_full/120220273720_page_001.json,2026-09-30T15:27:16.303Z,True
120190868043:001:053,1020230104834,SEL-005,에스아이에이,120190868043,1,02_raw_data/kipris_patent_full/120190868043_page_001.json,2026-09-30T15:20:09.084Z,True
120180221908:001:081,1020230109039,SEL-044,마키나락스,120180221908,1,02_raw_data/kipris_patent_full/120180221908_page_001.json,2026-09-30T15:26:05.300Z,True
120070411804:001:035,1020230109718,SEL-036,솔탑,120070411804,1,02_raw_data/kipris_patent_full/120070411804_page_001.json,2026-09-30T15:24:20.530Z,True
120190790667:002:048,1020230110617,SEL-047,웨이브로드,120190790667,2,02_raw_data/kipris_patent_full/120190790667_page_002.json,2026-09-30T15:26:40.319Z,True
120190790667:001:033,1020230110618,SEL-047,웨이브로드,120190790667,1,02_raw_data/kipris_patent_full/120190790667_page_001.json,2026-09-30T15:26:35.321Z,True
120190790667:001:048,1020230110619,SEL-047,웨이브로드,120190790667,1,02_raw_data/kipris_patent_full/120190790667_page_001.json,2026-09-30T15:26:35.321Z,True
120160256051:001:087,1020230113487,SEL-078,센서뷰,120160256051,1,02_raw_data/kipris_patent_full/120160256051_page_001.json,2026-09-30T15:29:41.938Z,True
120180221908:001:045,1020230113727,SEL-044,마키나락스,120180221908,1,02_raw_data/kipris_patent_full/120180221908_page_001.json,2026-09-30T15:26:05.300Z,True
120190790667:002:050,1020230113956,SEL-047,웨이브로드,120190790667,2,02_raw_data/kipris_patent_full/120190790667_page_002.json,2026-09-30T15:26:40.319Z,True
120190790667:002:079,1020230113957,SEL-047,웨이브로드,120190790667,2,02_raw_data/kipris_patent_full/120190790667_page_002.json,2026-09-30T15:26:40.319Z,True
119980992982:001:025,1020230114182,SEL-070,부전전자,119980992982,1,02_raw_data/kipris_patent_full/119980992982_page_001.json,2026-09-30T15:28:25.879Z,True
120180468784:002:006,1020230114904,SEL-074,딥엑스,120180468784,2,02_raw_data/kipris_patent_full/120180468784_page_002.json,2026-09-30T15:29:32.702Z,True
120190868043:001:026,1020230115699,SEL-005,에스아이에이,120190868043,1,02_raw_data/kipris_patent_full/120190868043_page_001.json,2026-09-30T15:20:09.084Z,True
120220232542:001:008,1020230115734,SEL-041,젠젠에이아이,120220232542,1,02_raw_data/kipris_patent_full/120220232542_page_001.json,2026-09-30T15:07:26.116Z,True
120100520372:001:032,1020230116200,SEL-014,네스앤텍,120100520372,1,02_raw_data/kipris_patent_full/120100520372_page_001.json,2026-09-30T15:04:27.081Z,True
119990263757:001:051,1020230116805,SEL-071,마크애니,119990263757,1,02_raw_data/kipris_patent_full/119990263757_page_001.json,2026-09-30T15:28:56.695Z,True
120180533683:001:026,1020230116850,SEL-042,모라이,120180533683,1,02_raw_data/kipris_patent_full/120180533683_page_001.json,2026-09-30T15:24:55.317Z,True
120190790667:001:079,1020230117749,SEL-047,웨이브로드,120190790667,1,02_raw_data/kipris_patent_full/120190790667_page_001.json,2026-09-30T15:26:35.321Z,True
120190790667:001:069,1020230117750,SEL-047,웨이브로드,120190790667,1,02_raw_data/kipris_patent_full/120190790667_page_001.json,2026-09-30T15:26:35.321Z,True
120190790667:001:071,1020230117751,SEL-047,웨이브로드,120190790667,1,02_raw_data/kipris_patent_full/120190790667_page_001.json,2026-09-30T15:26:35.321Z,True
120180468784:001:089,1020230118599,SEL-074,딥엑스,120180468784,1,02_raw_data/kipris_patent_full/120180468784_page_001.json,2026-09-30T15:29:28.979Z,True
120060312737:001:003,1020230119940,SEL-040,펀진,120060312737,1,02_raw_data/kipris_patent_full/120060312737_page_001.json,2026-09-30T15:24:29.954Z,True
120060312737:001:017,1020230120658,SEL-040,펀진,120060312737,1,02_raw_data/kipris_patent_full/120060312737_page_001.json,2026-09-30T15:24:29.954Z,True
120060312737:001:022,1020230120791,SEL-040,펀진,120060312737,1,02_raw_data/kipris_patent_full/120060312737_page_001.json,2026-09-30T15:24:29.954Z,True
120170273402:001:014,1020230121548,SEL-007,웨이비스,120170273402,1,02_raw_data/kipris_patent_full/120170273402_page_001.json,2026-09-30T15:02:32.539Z,True
120130036036:001:014,1020230121646,SEL-058,덕산넵코어스,120130036036,1,02_raw_data/kipris_patent_full/120130036036_page_001.json,2026-09-30T15:10:29.319Z,True
120180533683:001:043,1020230121917,SEL-042,모라이,120180533683,1,02_raw_data/kipris_patent_full/120180533683_page_001.json,2026-09-30T15:24:55.317Z,True
120190790667:002:053,1020230122283,SEL-047,웨이브로드,120190790667,2,02_raw_data/kipris_patent_full/120190790667_page_002.json,2026-09-30T15:26:40.319Z,True
119990263757:001:003,1020230122342,SEL-071,마크애니,119990263757,1,02_raw_data/kipris_patent_full/119990263757_page_001.json,2026-09-30T15:28:56.695Z,True
119990263757:001:062,1020230123314,SEL-071,마크애니,119990263757,1,02_raw_data/kipris_patent_full/119990263757_page_001.json,2026-09-30T15:28:56.695Z,True
120220778513:001:004,1020230123488,SEL-079,유큐브,120220778513,1,02_raw_data/kipris_patent_full/120220778513_page_001.json,2026-09-30T15:15:05.885Z,True
120130036036:001:034,1020230124416,SEL-058,덕산넵코어스,120130036036,1,02_raw_data/kipris_patent_full/120130036036_page_001.json,2026-09-30T15:10:29.319Z,True
120180468784:001:053,1020230124805,SEL-074,딥엑스,120180468784,1,02_raw_data/kipris_patent_full/120180468784_page_001.json,2026-09-30T15:29:28.979Z,True
120220273720:001:019,1020230124870,SEL-055,위플로,120220273720,1,02_raw_data/kipris_patent_full/120220273720_page_001.json,2026-09-30T15:27:16.303Z,True
120220273720:001:017,1020230124871,SEL-055,위플로,120220273720,1,02_raw_data/kipris_patent_full/120220273720_page_001.json,2026-09-30T15:27:16.303Z,True
120160256051:001:048,1020230125321,SEL-078,센서뷰,120160256051,1,02_raw_data/kipris_patent_full/120160256051_page_001.json,2026-09-30T15:29:41.938Z,True
120220232542:001:019,1020230127341,SEL-041,젠젠에이아이,120220232542,1,02_raw_data/kipris_patent_full/120220232542_page_001.json,2026-09-30T15:07:26.116Z,True
120220232542:001:020,1020230127342,SEL-041,젠젠에이아이,120220232542,1,02_raw_data/kipris_patent_full/120220232542_page_001.json,2026-09-30T15:07:26.116Z,True
120120621794:001:017,1020230128452,SEL-022,다비오,120120621794,1,02_raw_data/kipris_patent_full/120120621794_page_001.json,2026-09-30T15:23:16.798Z,True
120160834252:001:032,1020230128694,SEL-009,에스오에스랩,120160834252,1,02_raw_data/kipris_patent_full/120160834252_page_001.json,2026-09-30T15:22:14.632Z,True
120180221908:001:074,1020230130142,SEL-044,마키나락스,120180221908,1,02_raw_data/kipris_patent_full/120180221908_page_001.json,2026-09-30T15:26:05.300Z,True
120080209284:001:006,1020230130898,SEL-081,모아컴코리아,120080209284,1,02_raw_data/kipris_patent_full/120080209284_page_001.json,2026-09-30T15:15:46.057Z,True
120080209284:001:007,1020230130904,SEL-081,모아컴코리아,120080209284,1,02_raw_data/kipris_patent_full/120080209284_page_001.json,2026-09-30T15:15:46.057Z,True
120200109241:001:027,1020230131737,SEL-054,패리티,120200109241,1,02_raw_data/kipris_patent_full/120200109241_page_001.json,2026-09-30T15:26:59.124Z,True
120200268736:001:019,1020230132999,SEL-069,데이터메이커,120200268736,1,02_raw_data/kipris_patent_full/120200268736_page_001.json,2026-09-30T15:11:21.311Z,True
120180468784:001:065,1020230134879,SEL-074,딥엑스,120180468784,1,02_raw_data/kipris_patent_full/120180468784_page_001.json,2026-09-30T15:29:28.979Z,True
120180221908:001:046,1020230136016,SEL-044,마키나락스,120180221908,1,02_raw_data/kipris_patent_full/120180221908_page_001.json,2026-09-30T15:26:05.300Z,True
120160834252:002:030,1020230137581,SEL-009,에스오에스랩,120160834252,2,02_raw_data/kipris_patent_full/120160834252_page_002.json,2026-09-30T15:22:19.050Z,True
120000572308:001:019,1020230140107,SEL-046,옵토웰,120000572308,1,02_raw_data/kipris_patent_full/120000572308_page_001.json,2026-09-30T15:26:16.022Z,True
120150512756:001:024,1020230140391,SEL-030,니어스랩,120150512756,1,02_raw_data/kipris_patent_full/120150512756_page_001.json,2026-09-30T15:24:05.144Z,True
120000497105:001:001,1020230140672,SEL-015,아이블포토닉스,120000497105,1,02_raw_data/kipris_patent_full/120000497105_page_001.json,2026-09-30T15:22:44.285Z,True
120150512756:001:006,1020230140853,SEL-030,니어스랩,120150512756,1,02_raw_data/kipris_patent_full/120150512756_page_001.json,2026-09-30T15:24:05.144Z,True
120160256051:001:038,1020230141344,SEL-078,센서뷰,120160256051,1,02_raw_data/kipris_patent_full/120160256051_page_001.json,2026-09-30T15:29:41.938Z,True
120000572308:001:006,1020230142215,SEL-046,옵토웰,120000572308,1,02_raw_data/kipris_patent_full/120000572308_page_001.json,2026-09-30T15:26:16.022Z,True
120140025378:001:004,1020230142451,SEL-001,ANH스트럭쳐,120140025378,1,02_raw_data/kipris_patent_full/120140025378_page_001.json,2026-09-30T14:59:26.805Z,True
120170230641:001:066,1020230143312,SEL-059,버넥트,120170230641,1,02_raw_data/kipris_patent_full/120170230641_page_001.json,2026-09-30T15:27:25.051Z,True
120170230641:001:068,1020230143361,SEL-059,버넥트,120170230641,1,02_raw_data/kipris_patent_full/120170230641_page_001.json,2026-09-30T15:27:25.051Z,True
120180221908:001:063,1020230144186,SEL-044,마키나락스,120180221908,1,02_raw_data/kipris_patent_full/120180221908_page_001.json,2026-09-30T15:26:05.300Z,True
119990263757:001:018,1020230144703,SEL-071,마크애니,119990263757,1,02_raw_data/kipris_patent_full/119990263757_page_001.json,2026-09-30T15:28:56.695Z,True
120180468784:001:037,1020230144762,SEL-074,딥엑스,120180468784,1,02_raw_data/kipris_patent_full/120180468784_page_001.json,2026-09-30T15:29:28.979Z,True
120170493817:001:048,1020230145222,SEL-008,RFHIC,120170493817,1,02_raw_data/kipris_patent_full/120170493817_page_001.json,2026-09-30T15:22:03.697Z,True
120220273720:001:016,1020230146211,SEL-055,위플로,120220273720,1,02_raw_data/kipris_patent_full/120220273720_page_001.json,2026-09-30T15:27:16.303Z,True
120060503193:001:012,1020230147526,SEL-083,유저스,120060503193,1,02_raw_data/kipris_patent_full/120060503193_page_001.json,2026-09-30T15:15:58.429Z,True
120200328994:001:027,1020230148092,SEL-067,텔레픽스,120200328994,1,02_raw_data/kipris_patent_full/120200328994_page_001.json,2026-09-30T15:27:57.104Z,True
120190790667:002:052,1020230149573,SEL-047,웨이브로드,120190790667,2,02_raw_data/kipris_patent_full/120190790667_page_002.json,2026-09-30T15:26:40.319Z,True
120000572308:001:048,1020230149694,SEL-046,옵토웰,120000572308,1,02_raw_data/kipris_patent_full/120000572308_page_001.json,2026-09-30T15:26:16.022Z,True
120200328994:001:025,1020230150321,SEL-067,텔레픽스,120200328994,1,02_raw_data/kipris_patent_full/120200328994_page_001.json,2026-09-30T15:27:57.104Z,True
120150512756:001:065,1020230150878,SEL-030,니어스랩,120150512756,1,02_raw_data/kipris_patent_full/120150512756_page_001.json,2026-09-30T15:24:05.144Z,True
120070411804:001:027,1020230152845,SEL-036,솔탑,120070411804,1,02_raw_data/kipris_patent_full/120070411804_page_001.json,2026-09-30T15:24:20.530Z,True
119990263757:001:061,1020230153411,SEL-071,마크애니,119990263757,1,02_raw_data/kipris_patent_full/119990263757_page_001.json,2026-09-30T15:28:56.695Z,True
120180468784:001:019,1020230153485,SEL-074,딥엑스,120180468784,1,02_raw_data/kipris_patent_full/120180468784_page_001.json,2026-09-30T15:29:28.979Z,True
120180184433:001:010,1020230154008,SEL-045,퓨리오사에이아이,120180184433,1,02_raw_data/kipris_patent_full/120180184433_page_001.json,2026-09-30T15:07:57.321Z,True
120100520372:001:030,1020230154142,SEL-014,네스앤텍,120100520372,1,02_raw_data/kipris_patent_full/120100520372_page_001.json,2026-09-30T15:04:27.081Z,True
120080142918:002:044,1020230155645,SEL-023,인피닉,120080142918,2,02_raw_data/kipris_patent_full/120080142918_page_002.json,2026-09-30T15:23:43.335Z,True
120030032210:001:021,1020230156276,SEL-068,인텔리빅스,120030032210,1,02_raw_data/kipris_patent_full/120030032210_page_001.json,2026-09-30T15:28:06.481Z,True
120120621794:001:009,1020230157454,SEL-022,다비오,120120621794,1,02_raw_data/kipris_patent_full/120120621794_page_001.json,2026-09-30T15:23:16.798Z,True
120180533683:001:046,1020230159536,SEL-042,모라이,120180533683,1,02_raw_data/kipris_patent_full/120180533683_page_001.json,2026-09-30T15:24:55.317Z,True
120100520372:001:031,1020230160748,SEL-014,네스앤텍,120100520372,1,02_raw_data/kipris_patent_full/120100520372_page_001.json,2026-09-30T15:04:27.081Z,True
120220273720:001:021,1020230161763,SEL-055,위플로,120220273720,1,02_raw_data/kipris_patent_full/120220273720_page_001.json,2026-09-30T15:27:16.303Z,True
120170013191:001:006,1020230165244,SEL-028,링크플로우,120170013191,1,02_raw_data/kipris_patent_full/120170013191_page_001.json,2026-09-30T15:06:05.002Z,True
120170013191:001:023,1020230165245,SEL-028,링크플로우,120170013191,1,02_raw_data/kipris_patent_full/120170013191_page_001.json,2026-09-30T15:06:05.002Z,True
120190868043:001:009,1020230165484,SEL-005,에스아이에이,120190868043,1,02_raw_data/kipris_patent_full/120190868043_page_001.json,2026-09-30T15:20:09.084Z,True
120080142918:001:052,1020230165493,SEL-023,인피닉,120080142918,1,02_raw_data/kipris_patent_full/120080142918_page_001.json,2026-09-30T15:23:39.053Z,True
120000469797:001:007,1020230165856,SEL-013,빅텍,120000469797,1,02_raw_data/kipris_patent_full/120000469797_page_001.json,2026-09-30T15:04:08.483Z,True
120180533683:001:035,1020230166048,SEL-042,모라이,120180533683,1,02_raw_data/kipris_patent_full/120180533683_page_001.json,2026-09-30T15:24:55.317Z,True
120140025378:001:001,1020230166118,SEL-001,ANH스트럭쳐,120140025378,1,02_raw_data/kipris_patent_full/120140025378_page_001.json,2026-09-30T14:59:26.805Z,True
120180533683:001:048,1020230166934,SEL-042,모라이,120180533683,1,02_raw_data/kipris_patent_full/120180533683_page_001.json,2026-09-30T15:24:55.317Z,True
120180533683:001:025,1020230167030,SEL-042,모라이,120180533683,1,02_raw_data/kipris_patent_full/120180533683_page_001.json,2026-09-30T15:24:55.317Z,True
119981108964:001:032,1020230168922,SEL-076,삼현,119981108964,1,02_raw_data/kipris_patent_full/119981108964_page_001.json,2026-09-30T15:14:46.351Z,True
120220778513:001:008,1020230169242,SEL-079,유큐브,120220778513,1,02_raw_data/kipris_patent_full/120220778513_page_001.json,2026-09-30T15:15:05.885Z,True
120180184433:001:009,1020230169300,SEL-045,퓨리오사에이아이,120180184433,1,02_raw_data/kipris_patent_full/120180184433_page_001.json,2026-09-30T15:07:57.321Z,True
120180533683:001:042,1020230169347,SEL-042,모라이,120180533683,1,02_raw_data/kipris_patent_full/120180533683_page_001.json,2026-09-30T15:24:55.317Z,True
120180533683:001:019,1020230169406,SEL-042,모라이,120180533683,1,02_raw_data/kipris_patent_full/120180533683_page_001.json,2026-09-30T15:24:55.317Z,True
119990263757:001:030,1020230169477,SEL-071,마크애니,119990263757,1,02_raw_data/kipris_patent_full/119990263757_page_001.json,2026-09-30T15:28:56.695Z,True
119990263757:001:010,1020230169480,SEL-071,마크애니,119990263757,1,02_raw_data/kipris_patent_full/119990263757_page_001.json,2026-09-30T15:28:56.695Z,True
120190790667:001:083,1020230170106,SEL-047,웨이브로드,120190790667,1,02_raw_data/kipris_patent_full/120190790667_page_001.json,2026-09-30T15:26:35.321Z,True
120160894020:001:012,1020230170286,SEL-034,아이디케이,120160894020,1,02_raw_data/kipris_patent_full/120160894020_page_001.json,2026-09-30T15:06:37.982Z,True
120180468784:002:022,1020230170668,SEL-074,딥엑스,120180468784,2,02_raw_data/kipris_patent_full/120180468784_page_002.json,2026-09-30T15:29:32.702Z,True
120220778513:001:009,1020230171031,SEL-079,유큐브,120220778513,1,02_raw_data/kipris_patent_full/120220778513_page_001.json,2026-09-30T15:15:05.885Z,True
120170129445:001:016,1020230171470,SEL-065,나라스페이스 테크놀로지,120170129445,1,02_raw_data/kipris_patent_full/120170129445_page_001.json,2026-09-30T15:11:02.513Z,True
120180468784:001:087,1020230171760,SEL-074,딥엑스,120180468784,1,02_raw_data/kipris_patent_full/120180468784_page_001.json,2026-09-30T15:29:28.979Z,True
120160256051:001:016,1020230172217,SEL-078,센서뷰,120160256051,1,02_raw_data/kipris_patent_full/120160256051_page_001.json,2026-09-30T15:29:41.938Z,True
120010011066:001:002,1020230173058,SEL-060,이오시스템,120010011066,1,02_raw_data/kipris_patent_full/120010011066_page_001.json,2026-09-30T15:27:37.204Z,True
120220778513:001:002,1020230173888,SEL-079,유큐브,120220778513,1,02_raw_data/kipris_patent_full/120220778513_page_001.json,2026-09-30T15:15:05.885Z,True
120220232542:001:017,1020230174567,SEL-041,젠젠에이아이,120220232542,1,02_raw_data/kipris_patent_full/120220232542_page_001.json,2026-09-30T15:07:26.116Z,True
120160684045:001:027,1020230174575,SEL-024,웨이브피아,120160684045,1,02_raw_data/kipris_patent_full/120160684045_page_001.json,2026-09-30T15:05:46.995Z,True
120020328376:001:010,1020230174711,SEL-002,단암시스템즈,120020328376,1,02_raw_data/kipris_patent_full/120020328376_page_001.json,2026-09-30T15:02:00.539Z,True
120180221908:001:077,1020230175492,SEL-044,마키나락스,120180221908,1,02_raw_data/kipris_patent_full/120180221908_page_001.json,2026-09-30T15:26:05.300Z,True
119981108964:001:031,1020230175912,SEL-076,삼현,119981108964,1,02_raw_data/kipris_patent_full/119981108964_page_001.json,2026-09-30T15:14:46.351Z,True
119981108964:001:026,1020230175920,SEL-076,삼현,119981108964,1,02_raw_data/kipris_patent_full/119981108964_page_001.json,2026-09-30T15:14:46.351Z,True
120140451975:001:045,1020230176964,SEL-016,스탠다드시험연구소,120140451975,1,02_raw_data/kipris_patent_full/120140451975_page_001.json,2026-09-30T15:22:57.659Z,True
119990263757:001:028,1020230177395,SEL-071,마크애니,119990263757,1,02_raw_data/kipris_patent_full/119990263757_page_001.json,2026-09-30T15:28:56.695Z,True
120060069154:001:003,1020230179582,SEL-012,영풍전자,120060069154,1,02_raw_data/kipris_patent_full/120060069154_page_001.json,2026-09-30T15:04:01.035Z,True
120180184433:001:015,1020230180065,SEL-045,퓨리오사에이아이,120180184433,1,02_raw_data/kipris_patent_full/120180184433_page_001.json,2026-09-30T15:07:57.321Z,True
120030032210:001:039,1020230180231,SEL-068,인텔리빅스,120030032210,1,02_raw_data/kipris_patent_full/120030032210_page_001.json,2026-09-30T15:28:06.481Z,True
120030032210:001:060,1020230182024,SEL-068,인텔리빅스,120030032210,1,02_raw_data/kipris_patent_full/120030032210_page_001.json,2026-09-30T15:28:06.481Z,True
120180184433:001:011,1020230182941,SEL-045,퓨리오사에이아이,120180184433,1,02_raw_data/kipris_patent_full/120180184433_page_001.json,2026-09-30T15:07:57.321Z,True
120190790667:001:075,1020230185337,SEL-047,웨이브로드,120190790667,1,02_raw_data/kipris_patent_full/120190790667_page_001.json,2026-09-30T15:26:35.321Z,True
120180468784:001:079,1020230186106,SEL-074,딥엑스,120180468784,1,02_raw_data/kipris_patent_full/120180468784_page_001.json,2026-09-30T15:29:28.979Z,True
120170230641:001:033,1020230187676,SEL-059,버넥트,120170230641,1,02_raw_data/kipris_patent_full/120170230641_page_001.json,2026-09-30T15:27:25.051Z,True
120170230641:001:007,1020230188624,SEL-059,버넥트,120170230641,1,02_raw_data/kipris_patent_full/120170230641_page_001.json,2026-09-30T15:27:25.051Z,True
120170230641:001:031,1020230188628,SEL-059,버넥트,120170230641,1,02_raw_data/kipris_patent_full/120170230641_page_001.json,2026-09-30T15:27:25.051Z,True
120170230641:001:003,1020230188630,SEL-059,버넥트,120170230641,1,02_raw_data/kipris_patent_full/120170230641_page_001.json,2026-09-30T15:27:25.051Z,True
120170230641:001:071,1020230188633,SEL-059,버넥트,120170230641,1,02_raw_data/kipris_patent_full/120170230641_page_001.json,2026-09-30T15:27:25.051Z,True
120170230641:001:063,1020230188958,SEL-059,버넥트,120170230641,1,02_raw_data/kipris_patent_full/120170230641_page_001.json,2026-09-30T15:27:25.051Z,True
120170230641:001:062,1020230188965,SEL-059,버넥트,120170230641,1,02_raw_data/kipris_patent_full/120170230641_page_001.json,2026-09-30T15:27:25.051Z,True
120140451975:001:066,1020230189594,SEL-016,스탠다드시험연구소,120140451975,1,02_raw_data/kipris_patent_full/120140451975_page_001.json,2026-09-30T15:22:57.659Z,True
120170230641:001:023,1020230190006,SEL-059,버넥트,120170230641,1,02_raw_data/kipris_patent_full/120170230641_page_001.json,2026-09-30T15:27:25.051Z,True
120170230641:001:067,1020230190008,SEL-059,버넥트,120170230641,1,02_raw_data/kipris_patent_full/120170230641_page_001.json,2026-09-30T15:27:25.051Z,True
120170230641:001:020,1020230190010,SEL-059,버넥트,120170230641,1,02_raw_data/kipris_patent_full/120170230641_page_001.json,2026-09-30T15:27:25.051Z,True
120170493817:001:044,1020230190155,SEL-008,RFHIC,120170493817,1,02_raw_data/kipris_patent_full/120170493817_page_001.json,2026-09-30T15:22:03.697Z,True
120030032210:001:054,1020230190199,SEL-068,인텔리빅스,120030032210,1,02_raw_data/kipris_patent_full/120030032210_page_001.json,2026-09-30T15:28:06.481Z,True
120120365459:001:010,1020230190371,SEL-020,루미르,120120365459,1,02_raw_data/kipris_patent_full/120120365459_page_001.json,2026-09-30T15:05:02.889Z,True
120120365459:001:011,1020230190372,SEL-020,루미르,120120365459,1,02_raw_data/kipris_patent_full/120120365459_page_001.json,2026-09-30T15:05:02.889Z,True
119981108964:001:028,1020230190991,SEL-076,삼현,119981108964,1,02_raw_data/kipris_patent_full/119981108964_page_001.json,2026-09-30T15:14:46.351Z,True
120000218885:001:042,1020230191242,SEL-011,대한광통신,120000218885,1,02_raw_data/kipris_patent_full/120000218885_page_001.json,2026-09-30T15:22:28.790Z,True
120220558692:001:010,1020230192767,SEL-063,스텝랩,120220558692,1,02_raw_data/kipris_patent_full/120220558692_page_001.json,2026-09-30T15:10:42.800Z,True
120160894020:001:001,1020230192965,SEL-034,아이디케이,120160894020,1,02_raw_data/kipris_patent_full/120160894020_page_001.json,2026-09-30T15:06:37.982Z,True
120180510935:001:003,1020230193321,SEL-031,파블로항공,120180510935,1,02_raw_data/kipris_patent_full/120180510935_page_001.json,2026-09-30T15:06:28.194Z,True
120180510935:001:001,1020230193332,SEL-031,파블로항공,120180510935,1,02_raw_data/kipris_patent_full/120180510935_page_001.json,2026-09-30T15:06:28.194Z,True
120000218885:001:012,1020230193430,SEL-011,대한광통신,120000218885,1,02_raw_data/kipris_patent_full/120000218885_page_001.json,2026-09-30T15:22:28.790Z,True
120010224632:001:008,1020230193973,SEL-037,두시텍,120010224632,1,02_raw_data/kipris_patent_full/120010224632_page_001.json,2026-09-30T15:07:01.235Z,True
120200328994:001:018,1020230196878,SEL-067,텔레픽스,120200328994,1,02_raw_data/kipris_patent_full/120200328994_page_001.json,2026-09-30T15:27:57.104Z,True
120080142918:002:048,1020230197343,SEL-023,인피닉,120080142918,2,02_raw_data/kipris_patent_full/120080142918_page_002.json,2026-09-30T15:23:43.335Z,True
120180468784:002:013,1020237015212,SEL-074,딥엑스,120180468784,2,02_raw_data/kipris_patent_full/120180468784_page_002.json,2026-09-30T15:29:32.702Z,True
120180468784:001:044,1020237022529,SEL-074,딥엑스,120180468784,1,02_raw_data/kipris_patent_full/120180468784_page_001.json,2026-09-30T15:29:28.979Z,True
120180468784:002:011,1020237022536,SEL-074,딥엑스,120180468784,2,02_raw_data/kipris_patent_full/120180468784_page_002.json,2026-09-30T15:29:32.702Z,True
120180468784:002:005,1020237022541,SEL-074,딥엑스,120180468784,2,02_raw_data/kipris_patent_full/120180468784_page_002.json,2026-09-30T15:29:32.702Z,True
120180468784:002:012,1020237022542,SEL-074,딥엑스,120180468784,2,02_raw_data/kipris_patent_full/120180468784_page_002.json,2026-09-30T15:29:32.702Z,True
120180468784:001:080,1020237023587,SEL-074,딥엑스,120180468784,1,02_raw_data/kipris_patent_full/120180468784_page_001.json,2026-09-30T15:29:28.979Z,True
120180468784:001:039,1020237031802,SEL-074,딥엑스,120180468784,1,02_raw_data/kipris_patent_full/120180468784_page_001.json,2026-09-30T15:29:28.979Z,True
120180468784:001:085,1020237037033,SEL-074,딥엑스,120180468784,1,02_raw_data/kipris_patent_full/120180468784_page_001.json,2026-09-30T15:29:28.979Z,True
120000497105:001:003,1020240000045,SEL-015,아이블포토닉스,120000497105,1,02_raw_data/kipris_patent_full/120000497105_page_001.json,2026-09-30T15:22:44.285Z,True
120190790667:002:018,1020240000814,SEL-047,웨이브로드,120190790667,2,02_raw_data/kipris_patent_full/120190790667_page_002.json,2026-09-30T15:26:40.319Z,True
120190790667:002:044,1020240000821,SEL-047,웨이브로드,120190790667,2,02_raw_data/kipris_patent_full/120190790667_page_002.json,2026-09-30T15:26:40.319Z,True
120130036036:001:015,1020240000831,SEL-058,덕산넵코어스,120130036036,1,02_raw_data/kipris_patent_full/120130036036_page_001.json,2026-09-30T15:10:29.319Z,True
120200328994:001:030,1020240003390,SEL-067,텔레픽스,120200328994,1,02_raw_data/kipris_patent_full/120200328994_page_001.json,2026-09-30T15:27:57.104Z,True
120220232542:001:015,1020240003391,SEL-041,젠젠에이아이,120220232542,1,02_raw_data/kipris_patent_full/120220232542_page_001.json,2026-09-30T15:07:26.116Z,True
120180468784:001:016,1020240003712,SEL-074,딥엑스,120180468784,1,02_raw_data/kipris_patent_full/120180468784_page_001.json,2026-09-30T15:29:28.979Z,True
120120324551:001:007,1020240003917,SEL-038,아이스펙,120120324551,1,02_raw_data/kipris_patent_full/120120324551_page_001.json,2026-09-30T15:07:05.454Z,True
120170008840:001:006,1020240006193,SEL-061,휴라,120170008840,1,02_raw_data/kipris_patent_full/120170008840_page_001.json,2026-09-30T15:10:34.689Z,True
120220273720:001:024,1020240006404,SEL-055,위플로,120220273720,1,02_raw_data/kipris_patent_full/120220273720_page_001.json,2026-09-30T15:27:16.303Z,True
120150512756:001:061,1020240007885,SEL-030,니어스랩,120150512756,1,02_raw_data/kipris_patent_full/120150512756_page_001.json,2026-09-30T15:24:05.144Z,True
120190790667:001:076,1020240008633,SEL-047,웨이브로드,120190790667,1,02_raw_data/kipris_patent_full/120190790667_page_001.json,2026-09-30T15:26:35.321Z,True
120000407777:001:013,1020240010796,SEL-082,이루온,120000407777,1,02_raw_data/kipris_patent_full/120000407777_page_001.json,2026-09-30T15:30:04.874Z,True
120170012940:001:013,1020240011392,SEL-052,유뱃,120170012940,1,02_raw_data/kipris_patent_full/120170012940_page_001.json,2026-09-30T15:26:50.377Z,True
120180533683:001:039,1020240014197,SEL-042,모라이,120180533683,1,02_raw_data/kipris_patent_full/120180533683_page_001.json,2026-09-30T15:24:55.317Z,True
120160085076:001:003,1020240014198,SEL-072,써로마인드,120160085076,1,02_raw_data/kipris_patent_full/120160085076_page_001.json,2026-09-30T15:12:12.286Z,True
120220232542:001:016,1020240015288,SEL-041,젠젠에이아이,120220232542,1,02_raw_data/kipris_patent_full/120220232542_page_001.json,2026-09-30T15:07:26.116Z,True
120140451975:001:065,1020240016590,SEL-016,스탠다드시험연구소,120140451975,1,02_raw_data/kipris_patent_full/120140451975_page_001.json,2026-09-30T15:22:57.659Z,True
120180468784:001:004,1020240016687,SEL-074,딥엑스,120180468784,1,02_raw_data/kipris_patent_full/120180468784_page_001.json,2026-09-30T15:29:28.979Z,True
120160834252:001:035,1020240017349,SEL-009,에스오에스랩,120160834252,1,02_raw_data/kipris_patent_full/120160834252_page_001.json,2026-09-30T15:22:14.632Z,True
120220558692:001:011,1020240017915,SEL-063,스텝랩,120220558692,1,02_raw_data/kipris_patent_full/120220558692_page_001.json,2026-09-30T15:10:42.800Z,True
120190790667:002:078,1020240018705,SEL-047,웨이브로드,120190790667,2,02_raw_data/kipris_patent_full/120190790667_page_002.json,2026-09-30T15:26:40.319Z,True
120190790667:001:082,1020240018706,SEL-047,웨이브로드,120190790667,1,02_raw_data/kipris_patent_full/120190790667_page_001.json,2026-09-30T15:26:35.321Z,True
120190790667:002:047,1020240019504,SEL-047,웨이브로드,120190790667,2,02_raw_data/kipris_patent_full/120190790667_page_002.json,2026-09-30T15:26:40.319Z,True
120080142918:002:043,1020240019806,SEL-023,인피닉,120080142918,2,02_raw_data/kipris_patent_full/120080142918_page_002.json,2026-09-30T15:23:43.335Z,True
120200328994:001:017,1020240020610,SEL-067,텔레픽스,120200328994,1,02_raw_data/kipris_patent_full/120200328994_page_001.json,2026-09-30T15:27:57.104Z,True
120180468784:001:002,1020240021373,SEL-074,딥엑스,120180468784,1,02_raw_data/kipris_patent_full/120180468784_page_001.json,2026-09-30T15:29:28.979Z,True
120180468784:001:001,1020240021374,SEL-074,딥엑스,120180468784,1,02_raw_data/kipris_patent_full/120180468784_page_001.json,2026-09-30T15:29:28.979Z,True
120160834252:002:024,1020240021630,SEL-009,에스오에스랩,120160834252,2,02_raw_data/kipris_patent_full/120160834252_page_002.json,2026-09-30T15:22:19.050Z,True
120080142918:002:040,1020240022037,SEL-023,인피닉,120080142918,2,02_raw_data/kipris_patent_full/120080142918_page_002.json,2026-09-30T15:23:43.335Z,True
119980992982:001:023,1020240022043,SEL-070,부전전자,119980992982,1,02_raw_data/kipris_patent_full/119980992982_page_001.json,2026-09-30T15:28:25.879Z,True
120170493817:001:045,1020240022168,SEL-008,RFHIC,120170493817,1,02_raw_data/kipris_patent_full/120170493817_page_001.json,2026-09-30T15:22:03.697Z,True
120200328994:001:023,1020240022851,SEL-067,텔레픽스,120200328994,1,02_raw_data/kipris_patent_full/120200328994_page_001.json,2026-09-30T15:27:57.104Z,True
120200328994:001:021,1020240023464,SEL-067,텔레픽스,120200328994,1,02_raw_data/kipris_patent_full/120200328994_page_001.json,2026-09-30T15:27:57.104Z,True
120150512756:001:060,1020240024179,SEL-030,니어스랩,120150512756,1,02_raw_data/kipris_patent_full/120150512756_page_001.json,2026-09-30T15:24:05.144Z,True
120150512756:001:058,1020240024180,SEL-030,니어스랩,120150512756,1,02_raw_data/kipris_patent_full/120150512756_page_001.json,2026-09-30T15:24:05.144Z,True
120150512756:001:054,1020240024181,SEL-030,니어스랩,120150512756,1,02_raw_data/kipris_patent_full/120150512756_page_001.json,2026-09-30T15:24:05.144Z,True
120170013191:001:029,1020240024498,SEL-028,링크플로우,120170013191,1,02_raw_data/kipris_patent_full/120170013191_page_001.json,2026-09-30T15:06:05.002Z,True
120160834252:001:034,1020240026899,SEL-009,에스오에스랩,120160834252,1,02_raw_data/kipris_patent_full/120160834252_page_001.json,2026-09-30T15:22:14.632Z,True
120070411804:001:016,1020240027643,SEL-036,솔탑,120070411804,1,02_raw_data/kipris_patent_full/120070411804_page_001.json,2026-09-30T15:24:20.530Z,True
120120621794:001:014,1020240028274,SEL-022,다비오,120120621794,1,02_raw_data/kipris_patent_full/120120621794_page_001.json,2026-09-30T15:23:16.798Z,True
120170008840:001:012,1020240028813,SEL-061,휴라,120170008840,1,02_raw_data/kipris_patent_full/120170008840_page_001.json,2026-09-30T15:10:34.689Z,True
120180468784:001:018,1020240030017,SEL-074,딥엑스,120180468784,1,02_raw_data/kipris_patent_full/120180468784_page_001.json,2026-09-30T15:29:28.979Z,True
120200328994:001:024,1020240030117,SEL-067,텔레픽스,120200328994,1,02_raw_data/kipris_patent_full/120200328994_page_001.json,2026-09-30T15:27:57.104Z,True
120180468784:001:034,1020240030142,SEL-074,딥엑스,120180468784,1,02_raw_data/kipris_patent_full/120180468784_page_001.json,2026-09-30T15:29:28.979Z,True
120180468784:001:033,1020240031476,SEL-074,딥엑스,120180468784,1,02_raw_data/kipris_patent_full/120180468784_page_001.json,2026-09-30T15:29:28.979Z,True
120140451975:001:067,1020240032028,SEL-016,스탠다드시험연구소,120140451975,1,02_raw_data/kipris_patent_full/120140451975_page_001.json,2026-09-30T15:22:57.659Z,True
120150512756:001:012,1020240032204,SEL-030,니어스랩,120150512756,1,02_raw_data/kipris_patent_full/120150512756_page_001.json,2026-09-30T15:24:05.144Z,True
120180468784:001:045,1020240032590,SEL-074,딥엑스,120180468784,1,02_raw_data/kipris_patent_full/120180468784_page_001.json,2026-09-30T15:29:28.979Z,True
119990582540:001:012,1020240033233,SEL-021,코난테크놀로지,119990582540,1,02_raw_data/kipris_patent_full/119990582540_page_001.json,2026-09-30T15:23:09.237Z,True
120120365459:001:008,1020240033926,SEL-020,루미르,120120365459,1,02_raw_data/kipris_patent_full/120120365459_page_001.json,2026-09-30T15:05:02.889Z,True
119980992982:001:022,1020240034714,SEL-070,부전전자,119980992982,1,02_raw_data/kipris_patent_full/119980992982_page_001.json,2026-09-30T15:28:25.879Z,True
120190790667:002:040,1020240035040,SEL-047,웨이브로드,120190790667,2,02_raw_data/kipris_patent_full/120190790667_page_002.json,2026-09-30T15:26:40.319Z,True
120150512756:001:045,1020240035849,SEL-030,니어스랩,120150512756,1,02_raw_data/kipris_patent_full/120150512756_page_001.json,2026-09-30T15:24:05.144Z,True
120140451975:001:064,1020240035892,SEL-016,스탠다드시험연구소,120140451975,1,02_raw_data/kipris_patent_full/120140451975_page_001.json,2026-09-30T15:22:57.659Z,True
120010011066:001:081,1020240036438,SEL-060,이오시스템,120010011066,1,02_raw_data/kipris_patent_full/120010011066_page_001.json,2026-09-30T15:27:37.204Z,True
120180468784:001:054,1020240036477,SEL-074,딥엑스,120180468784,1,02_raw_data/kipris_patent_full/120180468784_page_001.json,2026-09-30T15:29:28.979Z,True
120200109241:001:003,1020240037545,SEL-054,패리티,120200109241,1,02_raw_data/kipris_patent_full/120200109241_page_001.json,2026-09-30T15:26:59.124Z,True
120200109241:001:025,1020240037550,SEL-054,패리티,120200109241,1,02_raw_data/kipris_patent_full/120200109241_page_001.json,2026-09-30T15:26:59.124Z,True
120120365459:001:007,1020240038152,SEL-020,루미르,120120365459,1,02_raw_data/kipris_patent_full/120120365459_page_001.json,2026-09-30T15:05:02.889Z,True
120150512756:001:031,1020240038330,SEL-030,니어스랩,120150512756,1,02_raw_data/kipris_patent_full/120150512756_page_001.json,2026-09-30T15:24:05.144Z,True
120010023639:001:003,1020240039087,SEL-010,코모텍,120010023639,1,02_raw_data/kipris_patent_full/120010023639_page_001.json,2026-09-30T15:02:54.107Z,True
120180468784:001:038,1020240039240,SEL-074,딥엑스,120180468784,1,02_raw_data/kipris_patent_full/120180468784_page_001.json,2026-09-30T15:29:28.979Z,True
120180468784:001:036,1020240039241,SEL-074,딥엑스,120180468784,1,02_raw_data/kipris_patent_full/120180468784_page_001.json,2026-09-30T15:29:28.979Z,True
120060312737:001:032,1020240039404,SEL-040,펀진,120060312737,1,02_raw_data/kipris_patent_full/120060312737_page_001.json,2026-09-30T15:24:29.954Z,True
120060312737:001:011,1020240039405,SEL-040,펀진,120060312737,1,02_raw_data/kipris_patent_full/120060312737_page_001.json,2026-09-30T15:24:29.954Z,True
120060312737:001:045,1020240039406,SEL-040,펀진,120060312737,1,02_raw_data/kipris_patent_full/120060312737_page_001.json,2026-09-30T15:24:29.954Z,True
120060312737:001:039,1020240039407,SEL-040,펀진,120060312737,1,02_raw_data/kipris_patent_full/120060312737_page_001.json,2026-09-30T15:24:29.954Z,True
120180533683:001:049,1020240039783,SEL-042,모라이,120180533683,1,02_raw_data/kipris_patent_full/120180533683_page_001.json,2026-09-30T15:24:55.317Z,True
120180468784:001:023,1020240040671,SEL-074,딥엑스,120180468784,1,02_raw_data/kipris_patent_full/120180468784_page_001.json,2026-09-30T15:29:28.979Z,True
120180468784:001:017,1020240041146,SEL-074,딥엑스,120180468784,1,02_raw_data/kipris_patent_full/120180468784_page_001.json,2026-09-30T15:29:28.979Z,True
120150512756:001:022,1020240042062,SEL-030,니어스랩,120150512756,1,02_raw_data/kipris_patent_full/120150512756_page_001.json,2026-09-30T15:24:05.144Z,True
120020328376:001:003,1020240042601,SEL-002,단암시스템즈,120020328376,1,02_raw_data/kipris_patent_full/120020328376_page_001.json,2026-09-30T15:02:00.539Z,True
120140025378:001:002,1020240042914,SEL-001,ANH스트럭쳐,120140025378,1,02_raw_data/kipris_patent_full/120140025378_page_001.json,2026-09-30T14:59:26.805Z,True
120080142918:002:042,1020240045256,SEL-023,인피닉,120080142918,2,02_raw_data/kipris_patent_full/120080142918_page_002.json,2026-09-30T15:23:43.335Z,True
120170129445:001:013,1020240045366,SEL-065,나라스페이스 테크놀로지,120170129445,1,02_raw_data/kipris_patent_full/120170129445_page_001.json,2026-09-30T15:11:02.513Z,True
120170129445:001:010,1020240045382,SEL-065,나라스페이스 테크놀로지,120170129445,1,02_raw_data/kipris_patent_full/120170129445_page_001.json,2026-09-30T15:11:02.513Z,True
120170273402:001:016,1020240045503,SEL-007,웨이비스,120170273402,1,02_raw_data/kipris_patent_full/120170273402_page_001.json,2026-09-30T15:02:32.539Z,True
120170273402:001:013,1020240045505,SEL-007,웨이비스,120170273402,1,02_raw_data/kipris_patent_full/120170273402_page_001.json,2026-09-30T15:02:32.539Z,True
120190790667:002:074,1020240045533,SEL-047,웨이브로드,120190790667,2,02_raw_data/kipris_patent_full/120190790667_page_002.json,2026-09-30T15:26:40.319Z,True
120160256051:001:029,1020240046589,SEL-078,센서뷰,120160256051,1,02_raw_data/kipris_patent_full/120160256051_page_001.json,2026-09-30T15:29:41.938Z,True
120160256051:001:018,1020240046590,SEL-078,센서뷰,120160256051,1,02_raw_data/kipris_patent_full/120160256051_page_001.json,2026-09-30T15:29:41.938Z,True
120160256051:001:028,1020240046591,SEL-078,센서뷰,120160256051,1,02_raw_data/kipris_patent_full/120160256051_page_001.json,2026-09-30T15:29:41.938Z,True
119990582540:001:070,1020240046696,SEL-021,코난테크놀로지,119990582540,1,02_raw_data/kipris_patent_full/119990582540_page_001.json,2026-09-30T15:23:09.237Z,True
120080109856:001:001,1020240046986,SEL-018,성신디펜스솔루션,120080109856,1,02_raw_data/kipris_patent_full/120080109856_page_001.json,2026-09-30T15:04:49.233Z,True
120180468784:001:003,1020240048320,SEL-074,딥엑스,120180468784,1,02_raw_data/kipris_patent_full/120180468784_page_001.json,2026-09-30T15:29:28.979Z,True
120180468784:001:031,1020240048548,SEL-074,딥엑스,120180468784,1,02_raw_data/kipris_patent_full/120180468784_page_001.json,2026-09-30T15:29:28.979Z,True
119980992982:001:016,1020240048721,SEL-070,부전전자,119980992982,1,02_raw_data/kipris_patent_full/119980992982_page_001.json,2026-09-30T15:28:25.879Z,True
120220232542:001:014,1020240048934,SEL-041,젠젠에이아이,120220232542,1,02_raw_data/kipris_patent_full/120220232542_page_001.json,2026-09-30T15:07:26.116Z,True
120200109241:001:024,1020240048939,SEL-054,패리티,120200109241,1,02_raw_data/kipris_patent_full/120200109241_page_001.json,2026-09-30T15:26:59.124Z,True
120150512756:001:009,1020240050023,SEL-030,니어스랩,120150512756,1,02_raw_data/kipris_patent_full/120150512756_page_001.json,2026-09-30T15:24:05.144Z,True
120190868043:001:056,1020240051969,SEL-005,에스아이에이,120190868043,1,02_raw_data/kipris_patent_full/120190868043_page_001.json,2026-09-30T15:20:09.084Z,True
120180468784:001:022,1020240053429,SEL-074,딥엑스,120180468784,1,02_raw_data/kipris_patent_full/120180468784_page_001.json,2026-09-30T15:29:28.979Z,True
120180468784:001:027,1020240055202,SEL-074,딥엑스,120180468784,1,02_raw_data/kipris_patent_full/120180468784_page_001.json,2026-09-30T15:29:28.979Z,True
120180533683:001:024,1020240055470,SEL-042,모라이,120180533683,1,02_raw_data/kipris_patent_full/120180533683_page_001.json,2026-09-30T15:24:55.317Z,True
120170493817:001:020,1020240055692,SEL-008,RFHIC,120170493817,1,02_raw_data/kipris_patent_full/120170493817_page_001.json,2026-09-30T15:22:03.697Z,True
119981108964:001:013,1020240055715,SEL-076,삼현,119981108964,1,02_raw_data/kipris_patent_full/119981108964_page_001.json,2026-09-30T15:14:46.351Z,True
120150512756:001:035,1020240056086,SEL-030,니어스랩,120150512756,1,02_raw_data/kipris_patent_full/120150512756_page_001.json,2026-09-30T15:24:05.144Z,True
120180533683:001:032,1020240056122,SEL-042,모라이,120180533683,1,02_raw_data/kipris_patent_full/120180533683_page_001.json,2026-09-30T15:24:55.317Z,True
120180533683:001:038,1020240056177,SEL-042,모라이,120180533683,1,02_raw_data/kipris_patent_full/120180533683_page_001.json,2026-09-30T15:24:55.317Z,True
120180468784:001:025,1020240056678,SEL-074,딥엑스,120180468784,1,02_raw_data/kipris_patent_full/120180468784_page_001.json,2026-09-30T15:29:28.979Z,True
120190868043:001:020,1020240056850,SEL-005,에스아이에이,120190868043,1,02_raw_data/kipris_patent_full/120190868043_page_001.json,2026-09-30T15:20:09.084Z,True
120170129445:001:004,1020240057678,SEL-065,나라스페이스 테크놀로지,120170129445,1,02_raw_data/kipris_patent_full/120170129445_page_001.json,2026-09-30T15:11:02.513Z,True
120180533683:001:033,1020240057765,SEL-042,모라이,120180533683,1,02_raw_data/kipris_patent_full/120180533683_page_001.json,2026-09-30T15:24:55.317Z,True
120170273402:001:018,1020240058558,SEL-007,웨이비스,120170273402,1,02_raw_data/kipris_patent_full/120170273402_page_001.json,2026-09-30T15:02:32.539Z,True
120170230641:001:064,1020240059283,SEL-059,버넥트,120170230641,1,02_raw_data/kipris_patent_full/120170230641_page_001.json,2026-09-30T15:27:25.051Z,True
120150512756:001:026,1020240059974,SEL-030,니어스랩,120150512756,1,02_raw_data/kipris_patent_full/120150512756_page_001.json,2026-09-30T15:24:05.144Z,True
120190790667:002:035,1020240060385,SEL-047,웨이브로드,120190790667,2,02_raw_data/kipris_patent_full/120190790667_page_002.json,2026-09-30T15:26:40.319Z,True
120190868043:001:001,1020240061657,SEL-005,에스아이에이,120190868043,1,02_raw_data/kipris_patent_full/120190868043_page_001.json,2026-09-30T15:20:09.084Z,True
120120621794:001:008,1020240062009,SEL-022,다비오,120120621794,1,02_raw_data/kipris_patent_full/120120621794_page_001.json,2026-09-30T15:23:16.798Z,True
120160256051:002:008,1020240062856,SEL-078,센서뷰,120160256051,2,02_raw_data/kipris_patent_full/120160256051_page_002.json,2026-09-30T15:29:45.308Z,True
120000218885:001:019,1020240063028,SEL-011,대한광통신,120000218885,1,02_raw_data/kipris_patent_full/120000218885_page_001.json,2026-09-30T15:22:28.790Z,True
120220232542:001:012,1020240063186,SEL-041,젠젠에이아이,120220232542,1,02_raw_data/kipris_patent_full/120220232542_page_001.json,2026-09-30T15:07:26.116Z,True
120190282982:001:005,1020240063745,SEL-048,에이유,120190282982,1,02_raw_data/kipris_patent_full/120190282982_page_001.json,2026-09-30T15:08:19.908Z,True
120120621794:001:025,1020240063997,SEL-022,다비오,120120621794,1,02_raw_data/kipris_patent_full/120120621794_page_001.json,2026-09-30T15:23:16.798Z,True
120120621794:001:013,1020240063998,SEL-022,다비오,120120621794,1,02_raw_data/kipris_patent_full/120120621794_page_001.json,2026-09-30T15:23:16.798Z,True
120170380334:001:008,1020240064371,SEL-029,두타기술,120170380334,1,02_raw_data/kipris_patent_full/120170380334_page_001.json,2026-09-30T15:06:16.754Z,True
120190282982:001:006,1020240064412,SEL-048,에이유,120190282982,1,02_raw_data/kipris_patent_full/120190282982_page_001.json,2026-09-30T15:08:19.908Z,True
120120621794:001:026,1020240064494,SEL-022,다비오,120120621794,1,02_raw_data/kipris_patent_full/120120621794_page_001.json,2026-09-30T15:23:16.798Z,True
120120621794:001:002,1020240064495,SEL-022,다비오,120120621794,1,02_raw_data/kipris_patent_full/120120621794_page_001.json,2026-09-30T15:23:16.798Z,True
120120621794:001:024,1020240064496,SEL-022,다비오,120120621794,1,02_raw_data/kipris_patent_full/120120621794_page_001.json,2026-09-30T15:23:16.798Z,True
120120621794:001:020,1020240064497,SEL-022,다비오,120120621794,1,02_raw_data/kipris_patent_full/120120621794_page_001.json,2026-09-30T15:23:16.798Z,True
120180468784:001:090,1020240065096,SEL-074,딥엑스,120180468784,1,02_raw_data/kipris_patent_full/120180468784_page_001.json,2026-09-30T15:29:28.979Z,True
120150784556:001:017,1020240065631,SEL-027,컨트로맥스,120150784556,1,02_raw_data/kipris_patent_full/120150784556_page_001.json,2026-09-30T15:06:00.606Z,True
120200328994:001:028,1020240065785,SEL-067,텔레픽스,120200328994,1,02_raw_data/kipris_patent_full/120200328994_page_001.json,2026-09-30T15:27:57.104Z,True
120200328994:001:029,1020240065786,SEL-067,텔레픽스,120200328994,1,02_raw_data/kipris_patent_full/120200328994_page_001.json,2026-09-30T15:27:57.104Z,True
120160256051:001:058,1020240065894,SEL-078,센서뷰,120160256051,1,02_raw_data/kipris_patent_full/120160256051_page_001.json,2026-09-30T15:29:41.938Z,True
120220232542:001:013,1020240066398,SEL-041,젠젠에이아이,120220232542,1,02_raw_data/kipris_patent_full/120220232542_page_001.json,2026-09-30T15:07:26.116Z,True
120190790667:001:038,1020240066908,SEL-047,웨이브로드,120190790667,1,02_raw_data/kipris_patent_full/120190790667_page_001.json,2026-09-30T15:26:35.321Z,True
120180468784:001:078,1020240067309,SEL-074,딥엑스,120180468784,1,02_raw_data/kipris_patent_full/120180468784_page_001.json,2026-09-30T15:29:28.979Z,True
119980992982:001:028,1020240067478,SEL-070,부전전자,119980992982,1,02_raw_data/kipris_patent_full/119980992982_page_001.json,2026-09-30T15:28:25.879Z,True
120170493817:001:040,1020240068861,SEL-008,RFHIC,120170493817,1,02_raw_data/kipris_patent_full/120170493817_page_001.json,2026-09-30T15:22:03.697Z,True
120200328994:001:013,1020240069010,SEL-067,텔레픽스,120200328994,1,02_raw_data/kipris_patent_full/120200328994_page_001.json,2026-09-30T15:27:57.104Z,True
120010133046:001:009,1020240069310,SEL-026,마이크로인피니티,120010133046,1,02_raw_data/kipris_patent_full/120010133046_page_001.json,2026-09-30T15:23:55.598Z,True
120190282982:001:002,1020240069906,SEL-048,에이유,120190282982,1,02_raw_data/kipris_patent_full/120190282982_page_001.json,2026-09-30T15:08:19.908Z,True
120190790667:001:070,1020240070978,SEL-047,웨이브로드,120190790667,1,02_raw_data/kipris_patent_full/120190790667_page_001.json,2026-09-30T15:26:35.321Z,True
120190868043:001:014,1020240071255,SEL-005,에스아이에이,120190868043,1,02_raw_data/kipris_patent_full/120190868043_page_001.json,2026-09-30T15:20:09.084Z,True
120190868043:001:002,1020240071256,SEL-005,에스아이에이,120190868043,1,02_raw_data/kipris_patent_full/120190868043_page_001.json,2026-09-30T15:20:09.084Z,True
120190790667:002:073,1020240071344,SEL-047,웨이브로드,120190790667,2,02_raw_data/kipris_patent_full/120190790667_page_002.json,2026-09-30T15:26:40.319Z,True
120000407777:001:030,1020240071388,SEL-082,이루온,120000407777,1,02_raw_data/kipris_patent_full/120000407777_page_001.json,2026-09-30T15:30:04.874Z,True
119980992982:001:021,1020240072805,SEL-070,부전전자,119980992982,1,02_raw_data/kipris_patent_full/119980992982_page_001.json,2026-09-30T15:28:25.879Z,True
120220778513:001:005,1020240073679,SEL-079,유큐브,120220778513,1,02_raw_data/kipris_patent_full/120220778513_page_001.json,2026-09-30T15:15:05.885Z,True
120190790667:002:036,1020240073904,SEL-047,웨이브로드,120190790667,2,02_raw_data/kipris_patent_full/120190790667_page_002.json,2026-09-30T15:26:40.319Z,True
120180468784:001:009,1020240074371,SEL-074,딥엑스,120180468784,1,02_raw_data/kipris_patent_full/120180468784_page_001.json,2026-09-30T15:29:28.979Z,True
120170012940:001:009,1020240074474,SEL-052,유뱃,120170012940,1,02_raw_data/kipris_patent_full/120170012940_page_001.json,2026-09-30T15:26:50.377Z,True
120170012940:001:001,1020240074484,SEL-052,유뱃,120170012940,1,02_raw_data/kipris_patent_full/120170012940_page_001.json,2026-09-30T15:26:50.377Z,True
120170012940:001:018,1020240074488,SEL-052,유뱃,120170012940,1,02_raw_data/kipris_patent_full/120170012940_page_001.json,2026-09-30T15:26:50.377Z,True
120170012940:001:017,1020240074495,SEL-052,유뱃,120170012940,1,02_raw_data/kipris_patent_full/120170012940_page_001.json,2026-09-30T15:26:50.377Z,True
120170012940:001:010,1020240074507,SEL-052,유뱃,120170012940,1,02_raw_data/kipris_patent_full/120170012940_page_001.json,2026-09-30T15:26:50.377Z,True
120170012940:001:019,1020240074512,SEL-052,유뱃,120170012940,1,02_raw_data/kipris_patent_full/120170012940_page_001.json,2026-09-30T15:26:50.377Z,True
120170012940:001:003,1020240074516,SEL-052,유뱃,120170012940,1,02_raw_data/kipris_patent_full/120170012940_page_001.json,2026-09-30T15:26:50.377Z,True
120180533683:001:012,1020240074535,SEL-042,모라이,120180533683,1,02_raw_data/kipris_patent_full/120180533683_page_001.json,2026-09-30T15:24:55.317Z,True
120180533683:001:047,1020240074564,SEL-042,모라이,120180533683,1,02_raw_data/kipris_patent_full/120180533683_page_001.json,2026-09-30T15:24:55.317Z,True
120170012940:001:025,1020240074882,SEL-052,유뱃,120170012940,1,02_raw_data/kipris_patent_full/120170012940_page_001.json,2026-09-30T15:26:50.377Z,True
120170012940:001:026,1020240074905,SEL-052,유뱃,120170012940,1,02_raw_data/kipris_patent_full/120170012940_page_001.json,2026-09-30T15:26:50.377Z,True
120190282982:001:003,1020240074973,SEL-048,에이유,120190282982,1,02_raw_data/kipris_patent_full/120190282982_page_001.json,2026-09-30T15:08:19.908Z,True
120160834252:001:043,1020240075186,SEL-009,에스오에스랩,120160834252,1,02_raw_data/kipris_patent_full/120160834252_page_001.json,2026-09-30T15:22:14.632Z,True
120150512756:001:041,1020240075608,SEL-030,니어스랩,120150512756,1,02_raw_data/kipris_patent_full/120150512756_page_001.json,2026-09-30T15:24:05.144Z,True
120200973794:001:006,1020240075642,SEL-080,비이아이랩,120200973794,1,02_raw_data/kipris_patent_full/120200973794_page_001.json,2026-09-30T15:15:41.477Z,True
120180533683:001:037,1020240076717,SEL-042,모라이,120180533683,1,02_raw_data/kipris_patent_full/120180533683_page_001.json,2026-09-30T15:24:55.317Z,True
120150512756:001:052,1020240078181,SEL-030,니어스랩,120150512756,1,02_raw_data/kipris_patent_full/120150512756_page_001.json,2026-09-30T15:24:05.144Z,True
120190790667:002:032,1020240078587,SEL-047,웨이브로드,120190790667,2,02_raw_data/kipris_patent_full/120190790667_page_002.json,2026-09-30T15:26:40.319Z,True
119980992982:001:008,1020240078652,SEL-070,부전전자,119980992982,1,02_raw_data/kipris_patent_full/119980992982_page_001.json,2026-09-30T15:28:25.879Z,True
120220558692:001:001,1020240079673,SEL-063,스텝랩,120220558692,1,02_raw_data/kipris_patent_full/120220558692_page_001.json,2026-09-30T15:10:42.800Z,True
120080142918:002:038,1020240081681,SEL-023,인피닉,120080142918,2,02_raw_data/kipris_patent_full/120080142918_page_002.json,2026-09-30T15:23:43.335Z,True
120200109241:001:011,1020240081701,SEL-054,패리티,120200109241,1,02_raw_data/kipris_patent_full/120200109241_page_001.json,2026-09-30T15:26:59.124Z,True
120200109241:001:012,1020240081715,SEL-054,패리티,120200109241,1,02_raw_data/kipris_patent_full/120200109241_page_001.json,2026-09-30T15:26:59.124Z,True
120200109241:001:014,1020240081719,SEL-054,패리티,120200109241,1,02_raw_data/kipris_patent_full/120200109241_page_001.json,2026-09-30T15:26:59.124Z,True
120200109241:001:013,1020240081729,SEL-054,패리티,120200109241,1,02_raw_data/kipris_patent_full/120200109241_page_001.json,2026-09-30T15:26:59.124Z,True
120170273402:001:020,1020240083811,SEL-007,웨이비스,120170273402,1,02_raw_data/kipris_patent_full/120170273402_page_001.json,2026-09-30T15:02:32.539Z,True
120060312737:001:009,1020240084675,SEL-040,펀진,120060312737,1,02_raw_data/kipris_patent_full/120060312737_page_001.json,2026-09-30T15:24:29.954Z,True
120010011066:001:001,1020240088805,SEL-060,이오시스템,120010011066,1,02_raw_data/kipris_patent_full/120010011066_page_001.json,2026-09-30T15:27:37.204Z,True
120150512756:001:002,1020240089046,SEL-030,니어스랩,120150512756,1,02_raw_data/kipris_patent_full/120150512756_page_001.json,2026-09-30T15:24:05.144Z,True
120170129445:001:006,1020240089403,SEL-065,나라스페이스 테크놀로지,120170129445,1,02_raw_data/kipris_patent_full/120170129445_page_001.json,2026-09-30T15:11:02.513Z,True
120060312737:001:034,1020240091483,SEL-040,펀진,120060312737,1,02_raw_data/kipris_patent_full/120060312737_page_001.json,2026-09-30T15:24:29.954Z,True
120190790667:002:033,1020240092971,SEL-047,웨이브로드,120190790667,2,02_raw_data/kipris_patent_full/120190790667_page_002.json,2026-09-30T15:26:40.319Z,True
120190790667:002:034,1020240093015,SEL-047,웨이브로드,120190790667,2,02_raw_data/kipris_patent_full/120190790667_page_002.json,2026-09-30T15:26:40.319Z,True
120170493817:001:028,1020240093516,SEL-008,RFHIC,120170493817,1,02_raw_data/kipris_patent_full/120170493817_page_001.json,2026-09-30T15:22:03.697Z,True
120180510935:001:016,1020240094422,SEL-031,파블로항공,120180510935,1,02_raw_data/kipris_patent_full/120180510935_page_001.json,2026-09-30T15:06:28.194Z,True
120200268736:001:014,1020240095341,SEL-069,데이터메이커,120200268736,1,02_raw_data/kipris_patent_full/120200268736_page_001.json,2026-09-30T15:11:21.311Z,True
120190790667:002:042,1020240096854,SEL-047,웨이브로드,120190790667,2,02_raw_data/kipris_patent_full/120190790667_page_002.json,2026-09-30T15:26:40.319Z,True
120000218885:001:006,1020240098489,SEL-011,대한광통신,120000218885,1,02_raw_data/kipris_patent_full/120000218885_page_001.json,2026-09-30T15:22:28.790Z,True
120160256051:001:019,1020240099298,SEL-078,센서뷰,120160256051,1,02_raw_data/kipris_patent_full/120160256051_page_001.json,2026-09-30T15:29:41.938Z,True
120220232542:001:011,1020240099473,SEL-041,젠젠에이아이,120220232542,1,02_raw_data/kipris_patent_full/120220232542_page_001.json,2026-09-30T15:07:26.116Z,True
120190790667:002:023,1020240099956,SEL-047,웨이브로드,120190790667,2,02_raw_data/kipris_patent_full/120190790667_page_002.json,2026-09-30T15:26:40.319Z,True
120220232542:001:010,1020240100265,SEL-041,젠젠에이아이,120220232542,1,02_raw_data/kipris_patent_full/120220232542_page_001.json,2026-09-30T15:07:26.116Z,True
120180468784:001:008,1020240100508,SEL-074,딥엑스,120180468784,1,02_raw_data/kipris_patent_full/120180468784_page_001.json,2026-09-30T15:29:28.979Z,True
120180468784:001:015,1020240100737,SEL-074,딥엑스,120180468784,1,02_raw_data/kipris_patent_full/120180468784_page_001.json,2026-09-30T15:29:28.979Z,True
120180533683:001:036,1020240101607,SEL-042,모라이,120180533683,1,02_raw_data/kipris_patent_full/120180533683_page_001.json,2026-09-30T15:24:55.317Z,True
120180533683:001:045,1020240101674,SEL-042,모라이,120180533683,1,02_raw_data/kipris_patent_full/120180533683_page_001.json,2026-09-30T15:24:55.317Z,True
119990263757:001:007,1020240101984,SEL-071,마크애니,119990263757,1,02_raw_data/kipris_patent_full/119990263757_page_001.json,2026-09-30T15:28:56.695Z,True
120220558692:001:004,1020240102260,SEL-063,스텝랩,120220558692,1,02_raw_data/kipris_patent_full/120220558692_page_001.json,2026-09-30T15:10:42.800Z,True
120060312737:001:018,1020240102681,SEL-040,펀진,120060312737,1,02_raw_data/kipris_patent_full/120060312737_page_001.json,2026-09-30T15:24:29.954Z,True
120220558692:001:009,1020240103333,SEL-063,스텝랩,120220558692,1,02_raw_data/kipris_patent_full/120220558692_page_001.json,2026-09-30T15:10:42.800Z,True
120180533683:001:031,1020240104342,SEL-042,모라이,120180533683,1,02_raw_data/kipris_patent_full/120180533683_page_001.json,2026-09-30T15:24:55.317Z,True
120180533683:001:013,1020240105244,SEL-042,모라이,120180533683,1,02_raw_data/kipris_patent_full/120180533683_page_001.json,2026-09-30T15:24:55.317Z,True
120170493817:001:021,1020240105875,SEL-008,RFHIC,120170493817,1,02_raw_data/kipris_patent_full/120170493817_page_001.json,2026-09-30T15:22:03.697Z,True
119990582540:001:017,1020240106963,SEL-021,코난테크놀로지,119990582540,1,02_raw_data/kipris_patent_full/119990582540_page_001.json,2026-09-30T15:23:09.237Z,True
119981108964:001:038,1020240107279,SEL-076,삼현,119981108964,1,02_raw_data/kipris_patent_full/119981108964_page_001.json,2026-09-30T15:14:46.351Z,True
120160684045:001:025,1020240107427,SEL-024,웨이브피아,120160684045,1,02_raw_data/kipris_patent_full/120160684045_page_001.json,2026-09-30T15:05:46.995Z,True
120170273402:001:019,1020240107517,SEL-007,웨이비스,120170273402,1,02_raw_data/kipris_patent_full/120170273402_page_001.json,2026-09-30T15:02:32.539Z,True
120220232542:001:004,1020240107802,SEL-041,젠젠에이아이,120220232542,1,02_raw_data/kipris_patent_full/120220232542_page_001.json,2026-09-30T15:07:26.116Z,True
120200328994:001:020,1020240109008,SEL-067,텔레픽스,120200328994,1,02_raw_data/kipris_patent_full/120200328994_page_001.json,2026-09-30T15:27:57.104Z,True
120190790667:001:077,1020240109559,SEL-047,웨이브로드,120190790667,1,02_raw_data/kipris_patent_full/120190790667_page_001.json,2026-09-30T15:26:35.321Z,True
120190790667:002:019,1020240109560,SEL-047,웨이브로드,120190790667,2,02_raw_data/kipris_patent_full/120190790667_page_002.json,2026-09-30T15:26:40.319Z,True
120190790667:002:077,1020240109561,SEL-047,웨이브로드,120190790667,2,02_raw_data/kipris_patent_full/120190790667_page_002.json,2026-09-30T15:26:40.319Z,True
120160684045:001:016,1020240110907,SEL-024,웨이브피아,120160684045,1,02_raw_data/kipris_patent_full/120160684045_page_001.json,2026-09-30T15:05:46.995Z,True
120160684045:001:008,1020240111921,SEL-024,웨이브피아,120160684045,1,02_raw_data/kipris_patent_full/120160684045_page_001.json,2026-09-30T15:05:46.995Z,True
120130036036:001:001,1020240113155,SEL-058,덕산넵코어스,120130036036,1,02_raw_data/kipris_patent_full/120130036036_page_001.json,2026-09-30T15:10:29.319Z,True
120160834252:002:038,1020240113164,SEL-009,에스오에스랩,120160834252,2,02_raw_data/kipris_patent_full/120160834252_page_002.json,2026-09-30T15:22:19.050Z,True
120010224632:001:024,1020240113633,SEL-037,두시텍,120010224632,1,02_raw_data/kipris_patent_full/120010224632_page_001.json,2026-09-30T15:07:01.235Z,True
120010224632:001:023,1020240113647,SEL-037,두시텍,120010224632,1,02_raw_data/kipris_patent_full/120010224632_page_001.json,2026-09-30T15:07:01.235Z,True
120070411804:001:033,1020240113920,SEL-036,솔탑,120070411804,1,02_raw_data/kipris_patent_full/120070411804_page_001.json,2026-09-30T15:24:20.530Z,True
120180468784:001:024,1020240114593,SEL-074,딥엑스,120180468784,1,02_raw_data/kipris_patent_full/120180468784_page_001.json,2026-09-30T15:29:28.979Z,True
120190790667:001:072,1020240114702,SEL-047,웨이브로드,120190790667,1,02_raw_data/kipris_patent_full/120190790667_page_001.json,2026-09-30T15:26:35.321Z,True
120130179229:001:008,1020240115144,SEL-053,아이티사이언스,120130179229,1,02_raw_data/kipris_patent_full/120130179229_page_001.json,2026-09-30T15:08:56.724Z,True
120180468784:001:064,1020240115722,SEL-074,딥엑스,120180468784,1,02_raw_data/kipris_patent_full/120180468784_page_001.json,2026-09-30T15:29:28.979Z,True
120080142918:002:039,1020240116214,SEL-023,인피닉,120080142918,2,02_raw_data/kipris_patent_full/120080142918_page_002.json,2026-09-30T15:23:43.335Z,True
120120621794:001:007,1020240117196,SEL-022,다비오,120120621794,1,02_raw_data/kipris_patent_full/120120621794_page_001.json,2026-09-30T15:23:16.798Z,True
120150512756:001:053,1020240119650,SEL-030,니어스랩,120150512756,1,02_raw_data/kipris_patent_full/120150512756_page_001.json,2026-09-30T15:24:05.144Z,True
120210982079:001:001,1020240123586,SEL-066,스페이스맵,120210982079,1,02_raw_data/kipris_patent_full/120210982079_page_001.json,2026-09-30T15:11:05.573Z,True
120170493817:001:014,1020240124433,SEL-008,RFHIC,120170493817,1,02_raw_data/kipris_patent_full/120170493817_page_001.json,2026-09-30T15:22:03.697Z,True
120180468784:001:055,1020240125108,SEL-074,딥엑스,120180468784,1,02_raw_data/kipris_patent_full/120180468784_page_001.json,2026-09-30T15:29:28.979Z,True
119990263757:002:021,1020240125188,SEL-071,마크애니,119990263757,2,02_raw_data/kipris_patent_full/119990263757_page_002.json,2026-09-30T15:29:01.322Z,True
120170273402:001:009,1020240127141,SEL-007,웨이비스,120170273402,1,02_raw_data/kipris_patent_full/120170273402_page_001.json,2026-09-30T15:02:32.539Z,True
120190790667:002:041,1020240127682,SEL-047,웨이브로드,120190790667,2,02_raw_data/kipris_patent_full/120190790667_page_002.json,2026-09-30T15:26:40.319Z,True
120180468784:001:041,1020240128002,SEL-074,딥엑스,120180468784,1,02_raw_data/kipris_patent_full/120180468784_page_001.json,2026-09-30T15:29:28.979Z,True
120080142918:002:041,1020240129310,SEL-023,인피닉,120080142918,2,02_raw_data/kipris_patent_full/120080142918_page_002.json,2026-09-30T15:23:43.335Z,True
120170493817:001:027,1020240130556,SEL-008,RFHIC,120170493817,1,02_raw_data/kipris_patent_full/120170493817_page_001.json,2026-09-30T15:22:03.697Z,True
120160834252:002:025,1020240131365,SEL-009,에스오에스랩,120160834252,2,02_raw_data/kipris_patent_full/120160834252_page_002.json,2026-09-30T15:22:19.050Z,True
120170012940:001:011,1020240131523,SEL-052,유뱃,120170012940,1,02_raw_data/kipris_patent_full/120170012940_page_001.json,2026-09-30T15:26:50.377Z,True
120170012940:001:020,1020240131524,SEL-052,유뱃,120170012940,1,02_raw_data/kipris_patent_full/120170012940_page_001.json,2026-09-30T15:26:50.377Z,True
120060312737:001:004,1020240133732,SEL-040,펀진,120060312737,1,02_raw_data/kipris_patent_full/120060312737_page_001.json,2026-09-30T15:24:29.954Z,True
120110075931:001:007,1020240135366,SEL-019,하나에이엠티,120110075931,1,02_raw_data/kipris_patent_full/120110075931_page_001.json,2026-09-30T15:04:59.392Z,True
120190790667:002:045,1020240135656,SEL-047,웨이브로드,120190790667,2,02_raw_data/kipris_patent_full/120190790667_page_002.json,2026-09-30T15:26:40.319Z,True
120060312737:001:002,1020240137756,SEL-040,펀진,120060312737,1,02_raw_data/kipris_patent_full/120060312737_page_001.json,2026-09-30T15:24:29.954Z,True
120220558692:001:003,1020240138278,SEL-063,스텝랩,120220558692,1,02_raw_data/kipris_patent_full/120220558692_page_001.json,2026-09-30T15:10:42.800Z,True
120070411804:001:001,1020240138717,SEL-036,솔탑,120070411804,1,02_raw_data/kipris_patent_full/120070411804_page_001.json,2026-09-30T15:24:20.530Z,True
120190790667:001:088,1020240138954,SEL-047,웨이브로드,120190790667,1,02_raw_data/kipris_patent_full/120190790667_page_001.json,2026-09-30T15:26:35.321Z,True
120190790667:001:087,1020240138955,SEL-047,웨이브로드,120190790667,1,02_raw_data/kipris_patent_full/120190790667_page_001.json,2026-09-30T15:26:35.321Z,True
120160684045:001:013,1020240140108,SEL-024,웨이브피아,120160684045,1,02_raw_data/kipris_patent_full/120160684045_page_001.json,2026-09-30T15:05:46.995Z,True
120220778513:001:001,1020240140580,SEL-079,유큐브,120220778513,1,02_raw_data/kipris_patent_full/120220778513_page_001.json,2026-09-30T15:15:05.885Z,True
120150512756:001:057,1020240140907,SEL-030,니어스랩,120150512756,1,02_raw_data/kipris_patent_full/120150512756_page_001.json,2026-09-30T15:24:05.144Z,True
120150512756:001:003,1020240141886,SEL-030,니어스랩,120150512756,1,02_raw_data/kipris_patent_full/120150512756_page_001.json,2026-09-30T15:24:05.144Z,True
120220232542:001:009,1020240142419,SEL-041,젠젠에이아이,120220232542,1,02_raw_data/kipris_patent_full/120220232542_page_001.json,2026-09-30T15:07:26.116Z,True
120020464156:001:006,1020240145774,SEL-077,케이알엠,120020464156,1,02_raw_data/kipris_patent_full/120020464156_page_001.json,2026-09-30T15:14:53.005Z,True
120020464156:001:007,1020240145779,SEL-077,케이알엠,120020464156,1,02_raw_data/kipris_patent_full/120020464156_page_001.json,2026-09-30T15:14:53.005Z,True
120150512756:001:043,1020240147289,SEL-030,니어스랩,120150512756,1,02_raw_data/kipris_patent_full/120150512756_page_001.json,2026-09-30T15:24:05.144Z,True
120150512756:001:056,1020240147297,SEL-030,니어스랩,120150512756,1,02_raw_data/kipris_patent_full/120150512756_page_001.json,2026-09-30T15:24:05.144Z,True
119981108964:001:014,1020240147407,SEL-076,삼현,119981108964,1,02_raw_data/kipris_patent_full/119981108964_page_001.json,2026-09-30T15:14:46.351Z,True
120180468784:001:060,1020240147623,SEL-074,딥엑스,120180468784,1,02_raw_data/kipris_patent_full/120180468784_page_001.json,2026-09-30T15:29:28.979Z,True
120220273720:001:005,1020240148501,SEL-055,위플로,120220273720,1,02_raw_data/kipris_patent_full/120220273720_page_001.json,2026-09-30T15:27:16.303Z,True
119980992982:001:003,1020240150054,SEL-070,부전전자,119980992982,1,02_raw_data/kipris_patent_full/119980992982_page_001.json,2026-09-30T15:28:25.879Z,True
119980992982:001:002,1020240150095,SEL-070,부전전자,119980992982,1,02_raw_data/kipris_patent_full/119980992982_page_001.json,2026-09-30T15:28:25.879Z,True
120200268736:001:013,1020240150182,SEL-069,데이터메이커,120200268736,1,02_raw_data/kipris_patent_full/120200268736_page_001.json,2026-09-30T15:11:21.311Z,True
120200328994:001:004,1020240151069,SEL-067,텔레픽스,120200328994,1,02_raw_data/kipris_patent_full/120200328994_page_001.json,2026-09-30T15:27:57.104Z,True
120180533683:001:044,1020240151164,SEL-042,모라이,120180533683,1,02_raw_data/kipris_patent_full/120180533683_page_001.json,2026-09-30T15:24:55.317Z,True
120010133046:001:007,1020240151244,SEL-026,마이크로인피니티,120010133046,1,02_raw_data/kipris_patent_full/120010133046_page_001.json,2026-09-30T15:23:55.598Z,True
120030032210:001:002,1020240151810,SEL-068,인텔리빅스,120030032210,1,02_raw_data/kipris_patent_full/120030032210_page_001.json,2026-09-30T15:28:06.481Z,True
120220558692:001:002,1020240152109,SEL-063,스텝랩,120220558692,1,02_raw_data/kipris_patent_full/120220558692_page_001.json,2026-09-30T15:10:42.800Z,True
120180533683:001:011,1020240152553,SEL-042,모라이,120180533683,1,02_raw_data/kipris_patent_full/120180533683_page_001.json,2026-09-30T15:24:55.317Z,True
120060312737:001:042,1020240154106,SEL-040,펀진,120060312737,1,02_raw_data/kipris_patent_full/120060312737_page_001.json,2026-09-30T15:24:29.954Z,True
120200268736:001:021,1020240154423,SEL-069,데이터메이커,120200268736,1,02_raw_data/kipris_patent_full/120200268736_page_001.json,2026-09-30T15:11:21.311Z,True
120010011066:001:013,1020240156945,SEL-060,이오시스템,120010011066,1,02_raw_data/kipris_patent_full/120010011066_page_001.json,2026-09-30T15:27:37.204Z,True
120180533683:001:023,1020240157080,SEL-042,모라이,120180533683,1,02_raw_data/kipris_patent_full/120180533683_page_001.json,2026-09-30T15:24:55.317Z,True
120180533683:001:001,1020240157081,SEL-042,모라이,120180533683,1,02_raw_data/kipris_patent_full/120180533683_page_001.json,2026-09-30T15:24:55.317Z,True
120170012940:001:007,1020240158215,SEL-052,유뱃,120170012940,1,02_raw_data/kipris_patent_full/120170012940_page_001.json,2026-09-30T15:26:50.377Z,True
120180533683:001:030,1020240158222,SEL-042,모라이,120180533683,1,02_raw_data/kipris_patent_full/120180533683_page_001.json,2026-09-30T15:24:55.317Z,True
120200268736:001:016,1020240158578,SEL-069,데이터메이커,120200268736,1,02_raw_data/kipris_patent_full/120200268736_page_001.json,2026-09-30T15:11:21.311Z,True
120200268736:001:012,1020240158580,SEL-069,데이터메이커,120200268736,1,02_raw_data/kipris_patent_full/120200268736_page_001.json,2026-09-30T15:11:21.311Z,True
120200268736:001:007,1020240158582,SEL-069,데이터메이커,120200268736,1,02_raw_data/kipris_patent_full/120200268736_page_001.json,2026-09-30T15:11:21.311Z,True
119990263757:002:023,1020240159252,SEL-071,마크애니,119990263757,2,02_raw_data/kipris_patent_full/119990263757_page_002.json,2026-09-30T15:29:01.322Z,True
119990263757:001:058,1020240159254,SEL-071,마크애니,119990263757,1,02_raw_data/kipris_patent_full/119990263757_page_001.json,2026-09-30T15:28:56.695Z,True
120000497105:001:020,1020240159312,SEL-015,아이블포토닉스,120000497105,1,02_raw_data/kipris_patent_full/120000497105_page_001.json,2026-09-30T15:22:44.285Z,True
120000497105:001:022,1020240159313,SEL-015,아이블포토닉스,120000497105,1,02_raw_data/kipris_patent_full/120000497105_page_001.json,2026-09-30T15:22:44.285Z,True
120000497105:001:021,1020240159314,SEL-015,아이블포토닉스,120000497105,1,02_raw_data/kipris_patent_full/120000497105_page_001.json,2026-09-30T15:22:44.285Z,True
120160684045:001:004,1020240159604,SEL-024,웨이브피아,120160684045,1,02_raw_data/kipris_patent_full/120160684045_page_001.json,2026-09-30T15:05:46.995Z,True
119990582540:001:030,1020240159826,SEL-021,코난테크놀로지,119990582540,1,02_raw_data/kipris_patent_full/119990582540_page_001.json,2026-09-30T15:23:09.237Z,True
120050038282:001:013,1020240160627,SEL-025,쿠오핀,120050038282,1,02_raw_data/kipris_patent_full/120050038282_page_001.json,2026-09-30T15:23:50.184Z,True
120050038282:001:002,1020240160640,SEL-025,쿠오핀,120050038282,1,02_raw_data/kipris_patent_full/120050038282_page_001.json,2026-09-30T15:23:50.184Z,True
119990263757:002:049,1020240160910,SEL-071,마크애니,119990263757,2,02_raw_data/kipris_patent_full/119990263757_page_002.json,2026-09-30T15:29:01.322Z,True
120040367533:001:021,1020240161188,SEL-051,소나테크,120040367533,1,02_raw_data/kipris_patent_full/120040367533_page_001.json,2026-09-30T15:08:47.197Z,True
120190282982:001:009,1020240161651,SEL-048,에이유,120190282982,1,02_raw_data/kipris_patent_full/120190282982_page_001.json,2026-09-30T15:08:19.908Z,True
120170012940:001:004,1020240161845,SEL-052,유뱃,120170012940,1,02_raw_data/kipris_patent_full/120170012940_page_001.json,2026-09-30T15:26:50.377Z,True
120170012940:001:006,1020240161846,SEL-052,유뱃,120170012940,1,02_raw_data/kipris_patent_full/120170012940_page_001.json,2026-09-30T15:26:50.377Z,True
120020328376:001:005,1020240162151,SEL-002,단암시스템즈,120020328376,1,02_raw_data/kipris_patent_full/120020328376_page_001.json,2026-09-30T15:02:00.539Z,True
120150512756:001:011,1020240163003,SEL-030,니어스랩,120150512756,1,02_raw_data/kipris_patent_full/120150512756_page_001.json,2026-09-30T15:24:05.144Z,True
120220778513:001:007,1020240163459,SEL-079,유큐브,120220778513,1,02_raw_data/kipris_patent_full/120220778513_page_001.json,2026-09-30T15:15:05.885Z,True
120170012940:001:012,1020240163893,SEL-052,유뱃,120170012940,1,02_raw_data/kipris_patent_full/120170012940_page_001.json,2026-09-30T15:26:50.377Z,True
120130036036:001:004,1020240164704,SEL-058,덕산넵코어스,120130036036,1,02_raw_data/kipris_patent_full/120130036036_page_001.json,2026-09-30T15:10:29.319Z,True
120010011066:001:054,1020240165511,SEL-060,이오시스템,120010011066,1,02_raw_data/kipris_patent_full/120010011066_page_001.json,2026-09-30T15:27:37.204Z,True
120010011066:001:005,1020240165520,SEL-060,이오시스템,120010011066,1,02_raw_data/kipris_patent_full/120010011066_page_001.json,2026-09-30T15:27:37.204Z,True
120190790667:001:015,1020240166624,SEL-047,웨이브로드,120190790667,1,02_raw_data/kipris_patent_full/120190790667_page_001.json,2026-09-30T15:26:35.321Z,True
120030032210:001:001,1020240166936,SEL-068,인텔리빅스,120030032210,1,02_raw_data/kipris_patent_full/120030032210_page_001.json,2026-09-30T15:28:06.481Z,True
120100520372:001:028,1020240167125,SEL-014,네스앤텍,120100520372,1,02_raw_data/kipris_patent_full/120100520372_page_001.json,2026-09-30T15:04:27.081Z,True
120100520372:001:005,1020240167447,SEL-014,네스앤텍,120100520372,1,02_raw_data/kipris_patent_full/120100520372_page_001.json,2026-09-30T15:04:27.081Z,True
120160684045:001:001,1020240167468,SEL-024,웨이브피아,120160684045,1,02_raw_data/kipris_patent_full/120160684045_page_001.json,2026-09-30T15:05:46.995Z,True
120200109241:001:017,1020240169763,SEL-054,패리티,120200109241,1,02_raw_data/kipris_patent_full/120200109241_page_001.json,2026-09-30T15:26:59.124Z,True
120180468784:001:032,1020240170131,SEL-074,딥엑스,120180468784,1,02_raw_data/kipris_patent_full/120180468784_page_001.json,2026-09-30T15:29:28.979Z,True
120160834252:002:017,1020240170430,SEL-009,에스오에스랩,120160834252,2,02_raw_data/kipris_patent_full/120160834252_page_002.json,2026-09-30T15:22:19.050Z,True
120150512756:001:001,1020240170562,SEL-030,니어스랩,120150512756,1,02_raw_data/kipris_patent_full/120150512756_page_001.json,2026-09-30T15:24:05.144Z,True
120150512756:001:010,1020240171856,SEL-030,니어스랩,120150512756,1,02_raw_data/kipris_patent_full/120150512756_page_001.json,2026-09-30T15:24:05.144Z,True
120160834252:001:026,1020240173050,SEL-009,에스오에스랩,120160834252,1,02_raw_data/kipris_patent_full/120160834252_page_001.json,2026-09-30T15:22:14.632Z,True
120160834252:001:030,1020240173063,SEL-009,에스오에스랩,120160834252,1,02_raw_data/kipris_patent_full/120160834252_page_001.json,2026-09-30T15:22:14.632Z,True
120180221908:001:035,1020240173694,SEL-044,마키나락스,120180221908,1,02_raw_data/kipris_patent_full/120180221908_page_001.json,2026-09-30T15:26:05.300Z,True
120200973794:001:002,1020240175022,SEL-080,비이아이랩,120200973794,1,02_raw_data/kipris_patent_full/120200973794_page_001.json,2026-09-30T15:15:41.477Z,True
120130332921:001:002,1020240175483,SEL-032,센서피아,120130332921,1,02_raw_data/kipris_patent_full/120130332921_page_001.json,2026-09-30T15:06:33.650Z,True
120160834252:001:002,1020240176056,SEL-009,에스오에스랩,120160834252,1,02_raw_data/kipris_patent_full/120160834252_page_001.json,2026-09-30T15:22:14.632Z,True
120160834252:001:021,1020240176057,SEL-009,에스오에스랩,120160834252,1,02_raw_data/kipris_patent_full/120160834252_page_001.json,2026-09-30T15:22:14.632Z,True
120160834252:002:047,1020240176058,SEL-009,에스오에스랩,120160834252,2,02_raw_data/kipris_patent_full/120160834252_page_002.json,2026-09-30T15:22:19.050Z,True
120190790667:001:089,1020240176519,SEL-047,웨이브로드,120190790667,1,02_raw_data/kipris_patent_full/120190790667_page_001.json,2026-09-30T15:26:35.321Z,True
120000572308:001:005,1020240177341,SEL-046,옵토웰,120000572308,1,02_raw_data/kipris_patent_full/120000572308_page_001.json,2026-09-30T15:26:16.022Z,True
120120621794:001:019,1020240177747,SEL-022,다비오,120120621794,1,02_raw_data/kipris_patent_full/120120621794_page_001.json,2026-09-30T15:23:16.798Z,True
120130332921:001:010,1020240179465,SEL-032,센서피아,120130332921,1,02_raw_data/kipris_patent_full/120130332921_page_001.json,2026-09-30T15:06:33.650Z,True
120020328376:001:014,1020240179772,SEL-002,단암시스템즈,120020328376,1,02_raw_data/kipris_patent_full/120020328376_page_001.json,2026-09-30T15:02:00.539Z,True
120020328376:001:015,1020240179773,SEL-002,단암시스템즈,120020328376,1,02_raw_data/kipris_patent_full/120020328376_page_001.json,2026-09-30T15:02:00.539Z,True
120160256051:001:021,1020240179936,SEL-078,센서뷰,120160256051,1,02_raw_data/kipris_patent_full/120160256051_page_001.json,2026-09-30T15:29:41.938Z,True
120160085076:001:004,1020240180780,SEL-072,써로마인드,120160085076,1,02_raw_data/kipris_patent_full/120160085076_page_001.json,2026-09-30T15:12:12.286Z,True
120190790667:001:016,1020240181977,SEL-047,웨이브로드,120190790667,1,02_raw_data/kipris_patent_full/120190790667_page_001.json,2026-09-30T15:26:35.321Z,True
120010224632:001:011,1020240182230,SEL-037,두시텍,120010224632,1,02_raw_data/kipris_patent_full/120010224632_page_001.json,2026-09-30T15:07:01.235Z,True
120020464156:001:003,1020240182720,SEL-077,케이알엠,120020464156,1,02_raw_data/kipris_patent_full/120020464156_page_001.json,2026-09-30T15:14:53.005Z,True
120170493817:001:047,1020240182905,SEL-008,RFHIC,120170493817,1,02_raw_data/kipris_patent_full/120170493817_page_001.json,2026-09-30T15:22:03.697Z,True
120180468784:001:042,1020240183303,SEL-074,딥엑스,120180468784,1,02_raw_data/kipris_patent_full/120180468784_page_001.json,2026-09-30T15:29:28.979Z,True
120170008840:001:011,1020240183561,SEL-061,휴라,120170008840,1,02_raw_data/kipris_patent_full/120170008840_page_001.json,2026-09-30T15:10:34.689Z,True
120010224632:001:006,1020240183736,SEL-037,두시텍,120010224632,1,02_raw_data/kipris_patent_full/120010224632_page_001.json,2026-09-30T15:07:01.235Z,True
120030032210:001:053,1020240184379,SEL-068,인텔리빅스,120030032210,1,02_raw_data/kipris_patent_full/120030032210_page_001.json,2026-09-30T15:28:06.481Z,True
120000444501:001:007,1020240189243,SEL-064,극동통신,120000444501,1,02_raw_data/kipris_patent_full/120000444501_page_001.json,2026-09-30T15:10:47.532Z,True
120160834252:002:011,1020240189582,SEL-009,에스오에스랩,120160834252,2,02_raw_data/kipris_patent_full/120160834252_page_002.json,2026-09-30T15:22:19.050Z,True
120200328994:001:019,1020240189899,SEL-067,텔레픽스,120200328994,1,02_raw_data/kipris_patent_full/120200328994_page_001.json,2026-09-30T15:27:57.104Z,True
120080142918:002:037,1020240190000,SEL-023,인피닉,120080142918,2,02_raw_data/kipris_patent_full/120080142918_page_002.json,2026-09-30T15:23:43.335Z,True
120160461924:001:007,1020240191007,SEL-050,유비파이,120160461924,1,02_raw_data/kipris_patent_full/120160461924_page_001.json,2026-09-30T15:08:43.064Z,True
120130036036:001:002,1020240191292,SEL-058,덕산넵코어스,120130036036,1,02_raw_data/kipris_patent_full/120130036036_page_001.json,2026-09-30T15:10:29.319Z,True
120030032210:001:051,1020240192152,SEL-068,인텔리빅스,120030032210,1,02_raw_data/kipris_patent_full/120030032210_page_001.json,2026-09-30T15:28:06.481Z,True
120180533683:001:034,1020240192499,SEL-042,모라이,120180533683,1,02_raw_data/kipris_patent_full/120180533683_page_001.json,2026-09-30T15:24:55.317Z,True
120180533683:001:041,1020240192501,SEL-042,모라이,120180533683,1,02_raw_data/kipris_patent_full/120180533683_page_001.json,2026-09-30T15:24:55.317Z,True
120180533683:001:021,1020240192502,SEL-042,모라이,120180533683,1,02_raw_data/kipris_patent_full/120180533683_page_001.json,2026-09-30T15:24:55.317Z,True
120170230641:001:035,1020240192728,SEL-059,버넥트,120170230641,1,02_raw_data/kipris_patent_full/120170230641_page_001.json,2026-09-30T15:27:25.051Z,True
120140451975:001:024,1020240192995,SEL-016,스탠다드시험연구소,120140451975,1,02_raw_data/kipris_patent_full/120140451975_page_001.json,2026-09-30T15:22:57.659Z,True
120170230641:001:036,1020240193165,SEL-059,버넥트,120170230641,1,02_raw_data/kipris_patent_full/120170230641_page_001.json,2026-09-30T15:27:25.051Z,True
120170230641:001:034,1020240193180,SEL-059,버넥트,120170230641,1,02_raw_data/kipris_patent_full/120170230641_page_001.json,2026-09-30T15:27:25.051Z,True
120160834252:001:011,1020240193480,SEL-009,에스오에스랩,120160834252,1,02_raw_data/kipris_patent_full/120160834252_page_001.json,2026-09-30T15:22:14.632Z,True
120170380334:001:005,1020240194070,SEL-029,두타기술,120170380334,1,02_raw_data/kipris_patent_full/120170380334_page_001.json,2026-09-30T15:06:16.754Z,True
120130036036:001:003,1020240194700,SEL-058,덕산넵코어스,120130036036,1,02_raw_data/kipris_patent_full/120130036036_page_001.json,2026-09-30T15:10:29.319Z,True
120130036036:001:008,1020240194701,SEL-058,덕산넵코어스,120130036036,1,02_raw_data/kipris_patent_full/120130036036_page_001.json,2026-09-30T15:10:29.319Z,True
120030032210:001:055,1020240194878,SEL-068,인텔리빅스,120030032210,1,02_raw_data/kipris_patent_full/120030032210_page_001.json,2026-09-30T15:28:06.481Z,True
120140451975:001:008,1020240195089,SEL-016,스탠다드시험연구소,120140451975,1,02_raw_data/kipris_patent_full/120140451975_page_001.json,2026-09-30T15:22:57.659Z,True
120200328994:001:001,1020240195249,SEL-067,텔레픽스,120200328994,1,02_raw_data/kipris_patent_full/120200328994_page_001.json,2026-09-30T15:27:57.104Z,True
120200328994:001:012,1020240195250,SEL-067,텔레픽스,120200328994,1,02_raw_data/kipris_patent_full/120200328994_page_001.json,2026-09-30T15:27:57.104Z,True
120200109241:001:008,1020240195780,SEL-054,패리티,120200109241,1,02_raw_data/kipris_patent_full/120200109241_page_001.json,2026-09-30T15:26:59.124Z,True
120160461924:001:003,1020240196309,SEL-050,유비파이,120160461924,1,02_raw_data/kipris_patent_full/120160461924_page_001.json,2026-09-30T15:08:43.064Z,True
120010011066:001:021,1020240196383,SEL-060,이오시스템,120010011066,1,02_raw_data/kipris_patent_full/120010011066_page_001.json,2026-09-30T15:27:37.204Z,True
120010011066:001:020,1020240196384,SEL-060,이오시스템,120010011066,1,02_raw_data/kipris_patent_full/120010011066_page_001.json,2026-09-30T15:27:37.204Z,True
120170230641:001:032,1020240196896,SEL-059,버넥트,120170230641,1,02_raw_data/kipris_patent_full/120170230641_page_001.json,2026-09-30T15:27:25.051Z,True
120100149207:001:015,1020240197303,SEL-004,솔빛시스템,120100149207,1,02_raw_data/kipris_patent_full/120100149207_page_001.json,2026-09-30T15:02:07.704Z,True
120170380334:001:001,1020240197522,SEL-029,두타기술,120170380334,1,02_raw_data/kipris_patent_full/120170380334_page_001.json,2026-09-30T15:06:16.754Z,True
120100149207:001:004,1020240197541,SEL-004,솔빛시스템,120100149207,1,02_raw_data/kipris_patent_full/120100149207_page_001.json,2026-09-30T15:02:07.704Z,True
119981108964:001:006,1020240197892,SEL-076,삼현,119981108964,1,02_raw_data/kipris_patent_full/119981108964_page_001.json,2026-09-30T15:14:46.351Z,True
119981108964:001:019,1020240197899,SEL-076,삼현,119981108964,1,02_raw_data/kipris_patent_full/119981108964_page_001.json,2026-09-30T15:14:46.351Z,True
120100149207:001:014,1020240198252,SEL-004,솔빛시스템,120100149207,1,02_raw_data/kipris_patent_full/120100149207_page_001.json,2026-09-30T15:02:07.704Z,True
120020464156:001:016,1020240198673,SEL-077,케이알엠,120020464156,1,02_raw_data/kipris_patent_full/120020464156_page_001.json,2026-09-30T15:14:53.005Z,True
120020464156:001:010,1020240198674,SEL-077,케이알엠,120020464156,1,02_raw_data/kipris_patent_full/120020464156_page_001.json,2026-09-30T15:14:53.005Z,True
120000572308:001:013,1020240200008,SEL-046,옵토웰,120000572308,1,02_raw_data/kipris_patent_full/120000572308_page_001.json,2026-09-30T15:26:16.022Z,True
120000572308:001:014,1020240200009,SEL-046,옵토웰,120000572308,1,02_raw_data/kipris_patent_full/120000572308_page_001.json,2026-09-30T15:26:16.022Z,True
119990263757:002:024,1020240200529,SEL-071,마크애니,119990263757,2,02_raw_data/kipris_patent_full/119990263757_page_002.json,2026-09-30T15:29:01.322Z,True
120170380334:001:003,1020240200692,SEL-029,두타기술,120170380334,1,02_raw_data/kipris_patent_full/120170380334_page_001.json,2026-09-30T15:06:16.754Z,True
119981108964:001:004,1020240200855,SEL-076,삼현,119981108964,1,02_raw_data/kipris_patent_full/119981108964_page_001.json,2026-09-30T15:14:46.351Z,True
120170380334:001:002,1020240201153,SEL-029,두타기술,120170380334,1,02_raw_data/kipris_patent_full/120170380334_page_001.json,2026-09-30T15:06:16.754Z,True
119981108964:001:003,1020240201648,SEL-076,삼현,119981108964,1,02_raw_data/kipris_patent_full/119981108964_page_001.json,2026-09-30T15:14:46.351Z,True
119981108964:001:017,1020240202162,SEL-076,삼현,119981108964,1,02_raw_data/kipris_patent_full/119981108964_page_001.json,2026-09-30T15:14:46.351Z,True
119981108964:001:018,1020240202163,SEL-076,삼현,119981108964,1,02_raw_data/kipris_patent_full/119981108964_page_001.json,2026-09-30T15:14:46.351Z,True
120180533683:001:003,1020240202253,SEL-042,모라이,120180533683,1,02_raw_data/kipris_patent_full/120180533683_page_001.json,2026-09-30T15:24:55.317Z,True
120160894020:001:005,1020240202334,SEL-034,아이디케이,120160894020,1,02_raw_data/kipris_patent_full/120160894020_page_001.json,2026-09-30T15:06:37.982Z,True
120180533683:001:018,1020240202656,SEL-042,모라이,120180533683,1,02_raw_data/kipris_patent_full/120180533683_page_001.json,2026-09-30T15:24:55.317Z,True
120180468784:002:018,1020247008700,SEL-074,딥엑스,120180468784,2,02_raw_data/kipris_patent_full/120180468784_page_002.json,2026-09-30T15:29:32.702Z,True
120180468784:001:068,1020247010033,SEL-074,딥엑스,120180468784,1,02_raw_data/kipris_patent_full/120180468784_page_001.json,2026-09-30T15:29:28.979Z,True
120180468784:001:074,1020247013493,SEL-074,딥엑스,120180468784,1,02_raw_data/kipris_patent_full/120180468784_page_001.json,2026-09-30T15:29:28.979Z,True
120180468784:001:012,1020247031904,SEL-074,딥엑스,120180468784,1,02_raw_data/kipris_patent_full/120180468784_page_001.json,2026-09-30T15:29:28.979Z,True
120150512756:001:055,1020250000088,SEL-030,니어스랩,120150512756,1,02_raw_data/kipris_patent_full/120150512756_page_001.json,2026-09-30T15:24:05.144Z,True
120000572308:001:012,1020250000235,SEL-046,옵토웰,120000572308,1,02_raw_data/kipris_patent_full/120000572308_page_001.json,2026-09-30T15:26:16.022Z,True
120180468784:001:030,1020250000313,SEL-074,딥엑스,120180468784,1,02_raw_data/kipris_patent_full/120180468784_page_001.json,2026-09-30T15:29:28.979Z,True
120010011066:001:004,1020250000738,SEL-060,이오시스템,120010011066,1,02_raw_data/kipris_patent_full/120010011066_page_001.json,2026-09-30T15:27:37.204Z,True
120130036036:001:006,1020250003007,SEL-058,덕산넵코어스,120130036036,1,02_raw_data/kipris_patent_full/120130036036_page_001.json,2026-09-30T15:10:29.319Z,True
120170230641:001:001,1020250003305,SEL-059,버넥트,120170230641,1,02_raw_data/kipris_patent_full/120170230641_page_001.json,2026-09-30T15:27:25.051Z,True
120150512756:001:033,1020250003765,SEL-030,니어스랩,120150512756,1,02_raw_data/kipris_patent_full/120150512756_page_001.json,2026-09-30T15:24:05.144Z,True
119981108964:001:008,1020250004389,SEL-076,삼현,119981108964,1,02_raw_data/kipris_patent_full/119981108964_page_001.json,2026-09-30T15:14:46.351Z,True
119981108964:001:002,1020250004392,SEL-076,삼현,119981108964,1,02_raw_data/kipris_patent_full/119981108964_page_001.json,2026-09-30T15:14:46.351Z,True
120200109241:001:009,1020250005798,SEL-054,패리티,120200109241,1,02_raw_data/kipris_patent_full/120200109241_page_001.json,2026-09-30T15:26:59.124Z,True
120160461924:001:005,1020250008004,SEL-050,유비파이,120160461924,1,02_raw_data/kipris_patent_full/120160461924_page_001.json,2026-09-30T15:08:43.064Z,True
120000407777:001:002,1020250008677,SEL-082,이루온,120000407777,1,02_raw_data/kipris_patent_full/120000407777_page_001.json,2026-09-30T15:30:04.874Z,True
119980992982:001:012,1020250008934,SEL-070,부전전자,119980992982,1,02_raw_data/kipris_patent_full/119980992982_page_001.json,2026-09-30T15:28:25.879Z,True
120190790667:002:024,1020250008957,SEL-047,웨이브로드,120190790667,2,02_raw_data/kipris_patent_full/120190790667_page_002.json,2026-09-30T15:26:40.319Z,True
120190790667:001:030,1020250008958,SEL-047,웨이브로드,120190790667,1,02_raw_data/kipris_patent_full/120190790667_page_001.json,2026-09-30T15:26:35.321Z,True
120160684045:001:012,1020250009638,SEL-024,웨이브피아,120160684045,1,02_raw_data/kipris_patent_full/120160684045_page_001.json,2026-09-30T15:05:46.995Z,True
120220273720:001:023,1020250010025,SEL-055,위플로,120220273720,1,02_raw_data/kipris_patent_full/120220273720_page_001.json,2026-09-30T15:27:16.303Z,True
120160834252:002:042,1020250010592,SEL-009,에스오에스랩,120160834252,2,02_raw_data/kipris_patent_full/120160834252_page_002.json,2026-09-30T15:22:19.050Z,True
120190790667:001:085,1020250013119,SEL-047,웨이브로드,120190790667,1,02_raw_data/kipris_patent_full/120190790667_page_001.json,2026-09-30T15:26:35.321Z,True
120190790667:002:015,1020250013144,SEL-047,웨이브로드,120190790667,2,02_raw_data/kipris_patent_full/120190790667_page_002.json,2026-09-30T15:26:40.319Z,True
120170230641:001:013,1020250013147,SEL-059,버넥트,120170230641,1,02_raw_data/kipris_patent_full/120170230641_page_001.json,2026-09-30T15:27:25.051Z,True
119990582540:001:001,1020250013636,SEL-021,코난테크놀로지,119990582540,1,02_raw_data/kipris_patent_full/119990582540_page_001.json,2026-09-30T15:23:09.237Z,True
120150512756:001:021,1020250013677,SEL-030,니어스랩,120150512756,1,02_raw_data/kipris_patent_full/120150512756_page_001.json,2026-09-30T15:24:05.144Z,True
120150512756:001:020,1020250013692,SEL-030,니어스랩,120150512756,1,02_raw_data/kipris_patent_full/120150512756_page_001.json,2026-09-30T15:24:05.144Z,True
120150512756:001:013,1020250013696,SEL-030,니어스랩,120150512756,1,02_raw_data/kipris_patent_full/120150512756_page_001.json,2026-09-30T15:24:05.144Z,True
120190790667:001:017,1020250014570,SEL-047,웨이브로드,120190790667,1,02_raw_data/kipris_patent_full/120190790667_page_001.json,2026-09-30T15:26:35.321Z,True
119990263757:001:031,1020250014858,SEL-071,마크애니,119990263757,1,02_raw_data/kipris_patent_full/119990263757_page_001.json,2026-09-30T15:28:56.695Z,True
119990263757:001:026,1020250014860,SEL-071,마크애니,119990263757,1,02_raw_data/kipris_patent_full/119990263757_page_001.json,2026-09-30T15:28:56.695Z,True
120200328994:001:006,1020250015172,SEL-067,텔레픽스,120200328994,1,02_raw_data/kipris_patent_full/120200328994_page_001.json,2026-09-30T15:27:57.104Z,True
120200328994:001:007,1020250015223,SEL-067,텔레픽스,120200328994,1,02_raw_data/kipris_patent_full/120200328994_page_001.json,2026-09-30T15:27:57.104Z,True
120220273720:001:015,1020250015560,SEL-055,위플로,120220273720,1,02_raw_data/kipris_patent_full/120220273720_page_001.json,2026-09-30T15:27:16.303Z,True
120150512756:001:034,1020250018890,SEL-030,니어스랩,120150512756,1,02_raw_data/kipris_patent_full/120150512756_page_001.json,2026-09-30T15:24:05.144Z,True
120180510935:001:002,1020250020158,SEL-031,파블로항공,120180510935,1,02_raw_data/kipris_patent_full/120180510935_page_001.json,2026-09-30T15:06:28.194Z,True
120190790667:001:059,1020250020431,SEL-047,웨이브로드,120190790667,1,02_raw_data/kipris_patent_full/120190790667_page_001.json,2026-09-30T15:26:35.321Z,True
120040032146:001:009,1020250020689,SEL-035,심네트,120040032146,1,02_raw_data/kipris_patent_full/120040032146_page_001.json,2026-09-30T15:06:52.334Z,True
120190790667:001:058,1020250021884,SEL-047,웨이브로드,120190790667,1,02_raw_data/kipris_patent_full/120190790667_page_001.json,2026-09-30T15:26:35.321Z,True
120170273402:001:017,1020250021895,SEL-007,웨이비스,120170273402,1,02_raw_data/kipris_patent_full/120170273402_page_001.json,2026-09-30T15:02:32.539Z,True
120150512756:001:014,1020250022916,SEL-030,니어스랩,120150512756,1,02_raw_data/kipris_patent_full/120150512756_page_001.json,2026-09-30T15:24:05.144Z,True
120080209284:001:008,1020250023028,SEL-081,모아컴코리아,120080209284,1,02_raw_data/kipris_patent_full/120080209284_page_001.json,2026-09-30T15:15:46.057Z,True
119990263757:002:013,1020250023086,SEL-071,마크애니,119990263757,2,02_raw_data/kipris_patent_full/119990263757_page_002.json,2026-09-30T15:29:01.322Z,True
120000497105:001:016,1020250023833,SEL-015,아이블포토닉스,120000497105,1,02_raw_data/kipris_patent_full/120000497105_page_001.json,2026-09-30T15:22:44.285Z,True
119990263757:002:012,1020250024954,SEL-071,마크애니,119990263757,2,02_raw_data/kipris_patent_full/119990263757_page_002.json,2026-09-30T15:29:01.322Z,True
119990263757:002:042,1020250024955,SEL-071,마크애니,119990263757,2,02_raw_data/kipris_patent_full/119990263757_page_002.json,2026-09-30T15:29:01.322Z,True
119981108964:001:007,1020250025771,SEL-076,삼현,119981108964,1,02_raw_data/kipris_patent_full/119981108964_page_001.json,2026-09-30T15:14:46.351Z,True
120190282982:001:007,1020250026667,SEL-048,에이유,120190282982,1,02_raw_data/kipris_patent_full/120190282982_page_001.json,2026-09-30T15:08:19.908Z,True
120180221908:001:012,1020250026698,SEL-044,마키나락스,120180221908,1,02_raw_data/kipris_patent_full/120180221908_page_001.json,2026-09-30T15:26:05.300Z,True
120180221908:001:003,1020250027327,SEL-044,마키나락스,120180221908,1,02_raw_data/kipris_patent_full/120180221908_page_001.json,2026-09-30T15:26:05.300Z,True
120180221908:001:050,1020250027345,SEL-044,마키나락스,120180221908,1,02_raw_data/kipris_patent_full/120180221908_page_001.json,2026-09-30T15:26:05.300Z,True
120190790667:002:031,1020250027423,SEL-047,웨이브로드,120190790667,2,02_raw_data/kipris_patent_full/120190790667_page_002.json,2026-09-30T15:26:40.319Z,True
120190790667:002:030,1020250027424,SEL-047,웨이브로드,120190790667,2,02_raw_data/kipris_patent_full/120190790667_page_002.json,2026-09-30T15:26:40.319Z,True
120190790667:001:019,1020250027426,SEL-047,웨이브로드,120190790667,1,02_raw_data/kipris_patent_full/120190790667_page_001.json,2026-09-30T15:26:35.321Z,True
120180221908:001:025,1020250028014,SEL-044,마키나락스,120180221908,1,02_raw_data/kipris_patent_full/120180221908_page_001.json,2026-09-30T15:26:05.300Z,True
120190790667:002:072,1020250028098,SEL-047,웨이브로드,120190790667,2,02_raw_data/kipris_patent_full/120190790667_page_002.json,2026-09-30T15:26:40.319Z,True
120190790667:002:029,1020250028099,SEL-047,웨이브로드,120190790667,2,02_raw_data/kipris_patent_full/120190790667_page_002.json,2026-09-30T15:26:40.319Z,True
120180468784:001:010,1020250028222,SEL-074,딥엑스,120180468784,1,02_raw_data/kipris_patent_full/120180468784_page_001.json,2026-09-30T15:29:28.979Z,True
120150512756:001:007,1020250029186,SEL-030,니어스랩,120150512756,1,02_raw_data/kipris_patent_full/120150512756_page_001.json,2026-09-30T15:24:05.144Z,True
120180221908:001:036,1020250029476,SEL-044,마키나락스,120180221908,1,02_raw_data/kipris_patent_full/120180221908_page_001.json,2026-09-30T15:26:05.300Z,True
120140451975:001:007,1020250029845,SEL-016,스탠다드시험연구소,120140451975,1,02_raw_data/kipris_patent_full/120140451975_page_001.json,2026-09-30T15:22:57.659Z,True
119990263757:001:004,1020250030565,SEL-071,마크애니,119990263757,1,02_raw_data/kipris_patent_full/119990263757_page_001.json,2026-09-30T15:28:56.695Z,True
119990263757:001:006,1020250030566,SEL-071,마크애니,119990263757,1,02_raw_data/kipris_patent_full/119990263757_page_001.json,2026-09-30T15:28:56.695Z,True
119980992982:001:019,1020250030636,SEL-070,부전전자,119980992982,1,02_raw_data/kipris_patent_full/119980992982_page_001.json,2026-09-30T15:28:25.879Z,True
120190790667:001:007,1020250031518,SEL-047,웨이브로드,120190790667,1,02_raw_data/kipris_patent_full/120190790667_page_001.json,2026-09-30T15:26:35.321Z,True
120170230641:001:002,1020250032969,SEL-059,버넥트,120170230641,1,02_raw_data/kipris_patent_full/120170230641_page_001.json,2026-09-30T15:27:25.051Z,True
120160256051:001:005,1020250033744,SEL-078,센서뷰,120160256051,1,02_raw_data/kipris_patent_full/120160256051_page_001.json,2026-09-30T15:29:41.938Z,True
120160256051:001:004,1020250033745,SEL-078,센서뷰,120160256051,1,02_raw_data/kipris_patent_full/120160256051_page_001.json,2026-09-30T15:29:41.938Z,True
120160256051:001:006,1020250033746,SEL-078,센서뷰,120160256051,1,02_raw_data/kipris_patent_full/120160256051_page_001.json,2026-09-30T15:29:41.938Z,True
119980992982:001:001,1020250034763,SEL-070,부전전자,119980992982,1,02_raw_data/kipris_patent_full/119980992982_page_001.json,2026-09-30T15:28:25.879Z,True
120160085076:001:001,1020250035173,SEL-072,써로마인드,120160085076,1,02_raw_data/kipris_patent_full/120160085076_page_001.json,2026-09-30T15:12:12.286Z,True
120100149207:001:016,1020250035507,SEL-004,솔빛시스템,120100149207,1,02_raw_data/kipris_patent_full/120100149207_page_001.json,2026-09-30T15:02:07.704Z,True
120160834252:002:041,1020250036412,SEL-009,에스오에스랩,120160834252,2,02_raw_data/kipris_patent_full/120160834252_page_002.json,2026-09-30T15:22:19.050Z,True
120180533683:001:020,1020250037213,SEL-042,모라이,120180533683,1,02_raw_data/kipris_patent_full/120180533683_page_001.json,2026-09-30T15:24:55.317Z,True
120130332921:001:003,1020250037758,SEL-032,센서피아,120130332921,1,02_raw_data/kipris_patent_full/120130332921_page_001.json,2026-09-30T15:06:33.650Z,True
120160834252:002:039,1020250037905,SEL-009,에스오에스랩,120160834252,2,02_raw_data/kipris_patent_full/120160834252_page_002.json,2026-09-30T15:22:19.050Z,True
120100520372:001:017,1020250040278,SEL-014,네스앤텍,120100520372,1,02_raw_data/kipris_patent_full/120100520372_page_001.json,2026-09-30T15:04:27.081Z,True
120100520372:001:025,1020250040463,SEL-014,네스앤텍,120100520372,1,02_raw_data/kipris_patent_full/120100520372_page_001.json,2026-09-30T15:04:27.081Z,True
120150512756:001:036,1020250042145,SEL-030,니어스랩,120150512756,1,02_raw_data/kipris_patent_full/120150512756_page_001.json,2026-09-30T15:24:05.144Z,True
120150512756:001:019,1020250044173,SEL-030,니어스랩,120150512756,1,02_raw_data/kipris_patent_full/120150512756_page_001.json,2026-09-30T15:24:05.144Z,True
120150512756:001:025,1020250044582,SEL-030,니어스랩,120150512756,1,02_raw_data/kipris_patent_full/120150512756_page_001.json,2026-09-30T15:24:05.144Z,True
120220273720:001:014,1020250045804,SEL-055,위플로,120220273720,1,02_raw_data/kipris_patent_full/120220273720_page_001.json,2026-09-30T15:27:16.303Z,True
120200973794:001:009,1020250048275,SEL-080,비이아이랩,120200973794,1,02_raw_data/kipris_patent_full/120200973794_page_001.json,2026-09-30T15:15:41.477Z,True
120200973794:001:022,1020250048276,SEL-080,비이아이랩,120200973794,1,02_raw_data/kipris_patent_full/120200973794_page_001.json,2026-09-30T15:15:41.477Z,True
120150512756:001:005,1020250050582,SEL-030,니어스랩,120150512756,1,02_raw_data/kipris_patent_full/120150512756_page_001.json,2026-09-30T15:24:05.144Z,True
120180468784:001:050,1020250052392,SEL-074,딥엑스,120180468784,1,02_raw_data/kipris_patent_full/120180468784_page_001.json,2026-09-30T15:29:28.979Z,True
120190790667:002:038,1020250052764,SEL-047,웨이브로드,120190790667,2,02_raw_data/kipris_patent_full/120190790667_page_002.json,2026-09-30T15:26:40.319Z,True
120190790667:002:037,1020250052765,SEL-047,웨이브로드,120190790667,2,02_raw_data/kipris_patent_full/120190790667_page_002.json,2026-09-30T15:26:40.319Z,True
120190790667:002:039,1020250052766,SEL-047,웨이브로드,120190790667,2,02_raw_data/kipris_patent_full/120190790667_page_002.json,2026-09-30T15:26:40.319Z,True
120200328994:001:010,1020250057082,SEL-067,텔레픽스,120200328994,1,02_raw_data/kipris_patent_full/120200328994_page_001.json,2026-09-30T15:27:57.104Z,True
120160834252:002:016,1020250057984,SEL-009,에스오에스랩,120160834252,2,02_raw_data/kipris_patent_full/120160834252_page_002.json,2026-09-30T15:22:19.050Z,True
120130179229:001:001,1020250060131,SEL-053,아이티사이언스,120130179229,1,02_raw_data/kipris_patent_full/120130179229_page_001.json,2026-09-30T15:08:56.724Z,True
120100520372:001:016,1020250063966,SEL-014,네스앤텍,120100520372,1,02_raw_data/kipris_patent_full/120100520372_page_001.json,2026-09-30T15:04:27.081Z,True
120170008840:001:008,1020250067282,SEL-061,휴라,120170008840,1,02_raw_data/kipris_patent_full/120170008840_page_001.json,2026-09-30T15:10:34.689Z,True
120060312737:001:001,1020250069687,SEL-040,펀진,120060312737,1,02_raw_data/kipris_patent_full/120060312737_page_001.json,2026-09-30T15:24:29.954Z,True
119990263757:002:027,1020250071261,SEL-071,마크애니,119990263757,2,02_raw_data/kipris_patent_full/119990263757_page_002.json,2026-09-30T15:29:01.322Z,True
119990263757:002:026,1020250071281,SEL-071,마크애니,119990263757,2,02_raw_data/kipris_patent_full/119990263757_page_002.json,2026-09-30T15:29:01.322Z,True
120170129445:001:009,1020250072923,SEL-065,나라스페이스 테크놀로지,120170129445,1,02_raw_data/kipris_patent_full/120170129445_page_001.json,2026-09-30T15:11:02.513Z,True
120170013191:001:004,1020250075853,SEL-028,링크플로우,120170013191,1,02_raw_data/kipris_patent_full/120170013191_page_001.json,2026-09-30T15:06:05.002Z,True
120170013191:001:003,1020250075854,SEL-028,링크플로우,120170013191,1,02_raw_data/kipris_patent_full/120170013191_page_001.json,2026-09-30T15:06:05.002Z,True
120170013191:001:005,1020250075855,SEL-028,링크플로우,120170013191,1,02_raw_data/kipris_patent_full/120170013191_page_001.json,2026-09-30T15:06:05.002Z,True
120160834252:002:036,1020250076767,SEL-009,에스오에스랩,120160834252,2,02_raw_data/kipris_patent_full/120160834252_page_002.json,2026-09-30T15:22:19.050Z,True
120200973794:001:008,1020250077085,SEL-080,비이아이랩,120200973794,1,02_raw_data/kipris_patent_full/120200973794_page_001.json,2026-09-30T15:15:41.477Z,True
120190282982:001:001,1020250077642,SEL-048,에이유,120190282982,1,02_raw_data/kipris_patent_full/120190282982_page_001.json,2026-09-30T15:08:19.908Z,True
120190282982:001:008,1020250079616,SEL-048,에이유,120190282982,1,02_raw_data/kipris_patent_full/120190282982_page_001.json,2026-09-30T15:08:19.908Z,True
120200973794:001:021,1020250080576,SEL-080,비이아이랩,120200973794,1,02_raw_data/kipris_patent_full/120200973794_page_001.json,2026-09-30T15:15:41.477Z,True
120200973794:001:017,1020250080577,SEL-080,비이아이랩,120200973794,1,02_raw_data/kipris_patent_full/120200973794_page_001.json,2026-09-30T15:15:41.477Z,True
120100149207:001:009,1020250084513,SEL-004,솔빛시스템,120100149207,1,02_raw_data/kipris_patent_full/120100149207_page_001.json,2026-09-30T15:02:07.704Z,True
120100149207:001:008,1020250084514,SEL-004,솔빛시스템,120100149207,1,02_raw_data/kipris_patent_full/120100149207_page_001.json,2026-09-30T15:02:07.704Z,True
120100149207:001:007,1020250084515,SEL-004,솔빛시스템,120100149207,1,02_raw_data/kipris_patent_full/120100149207_page_001.json,2026-09-30T15:02:07.704Z,True
120100149207:001:010,1020250084516,SEL-004,솔빛시스템,120100149207,1,02_raw_data/kipris_patent_full/120100149207_page_001.json,2026-09-30T15:02:07.704Z,True
120190790667:002:025,1020250084598,SEL-047,웨이브로드,120190790667,2,02_raw_data/kipris_patent_full/120190790667_page_002.json,2026-09-30T15:26:40.319Z,True
120180468784:001:047,1020250087378,SEL-074,딥엑스,120180468784,1,02_raw_data/kipris_patent_full/120180468784_page_001.json,2026-09-30T15:29:28.979Z,True
120180468784:001:013,1020250088185,SEL-074,딥엑스,120180468784,1,02_raw_data/kipris_patent_full/120180468784_page_001.json,2026-09-30T15:29:28.979Z,True
120200973794:001:003,1020250089530,SEL-080,비이아이랩,120200973794,1,02_raw_data/kipris_patent_full/120200973794_page_001.json,2026-09-30T15:15:41.477Z,True
120180468784:001:020,1020250091192,SEL-074,딥엑스,120180468784,1,02_raw_data/kipris_patent_full/120180468784_page_001.json,2026-09-30T15:29:28.979Z,True
120200328994:001:011,1020250093207,SEL-067,텔레픽스,120200328994,1,02_raw_data/kipris_patent_full/120200328994_page_001.json,2026-09-30T15:27:57.104Z,True
120170008840:001:005,1020250093476,SEL-061,휴라,120170008840,1,02_raw_data/kipris_patent_full/120170008840_page_001.json,2026-09-30T15:10:34.689Z,True
120200328994:001:014,1020250094638,SEL-067,텔레픽스,120200328994,1,02_raw_data/kipris_patent_full/120200328994_page_001.json,2026-09-30T15:27:57.104Z,True
120010023639:001:001,1020250095386,SEL-010,코모텍,120010023639,1,02_raw_data/kipris_patent_full/120010023639_page_001.json,2026-09-30T15:02:54.107Z,True
120220273720:001:002,1020250096497,SEL-055,위플로,120220273720,1,02_raw_data/kipris_patent_full/120220273720_page_001.json,2026-09-30T15:27:16.303Z,True
120190790667:001:067,1020250097136,SEL-047,웨이브로드,120190790667,1,02_raw_data/kipris_patent_full/120190790667_page_001.json,2026-09-30T15:26:35.321Z,True
120190790667:002:014,1020250100358,SEL-047,웨이브로드,120190790667,2,02_raw_data/kipris_patent_full/120190790667_page_002.json,2026-09-30T15:26:40.319Z,True
120190790667:002:016,1020250100359,SEL-047,웨이브로드,120190790667,2,02_raw_data/kipris_patent_full/120190790667_page_002.json,2026-09-30T15:26:40.319Z,True
120160085076:001:009,1020250100658,SEL-072,써로마인드,120160085076,1,02_raw_data/kipris_patent_full/120160085076_page_001.json,2026-09-30T15:12:12.286Z,True
120160834252:002:023,1020250102495,SEL-009,에스오에스랩,120160834252,2,02_raw_data/kipris_patent_full/120160834252_page_002.json,2026-09-30T15:22:19.050Z,True
120220232542:001:005,1020250102597,SEL-041,젠젠에이아이,120220232542,1,02_raw_data/kipris_patent_full/120220232542_page_001.json,2026-09-30T15:07:26.116Z,True
119990263757:001:088,1020250103359,SEL-071,마크애니,119990263757,1,02_raw_data/kipris_patent_full/119990263757_page_001.json,2026-09-30T15:28:56.695Z,True
120160834252:002:018,1020250104605,SEL-009,에스오에스랩,120160834252,2,02_raw_data/kipris_patent_full/120160834252_page_002.json,2026-09-30T15:22:19.050Z,True
120060503193:001:004,1020250105061,SEL-083,유저스,120060503193,1,02_raw_data/kipris_patent_full/120060503193_page_001.json,2026-09-30T15:15:58.429Z,True
120060503193:001:008,1020250105085,SEL-083,유저스,120060503193,1,02_raw_data/kipris_patent_full/120060503193_page_001.json,2026-09-30T15:15:58.429Z,True
119990263757:002:040,1020250112625,SEL-071,마크애니,119990263757,2,02_raw_data/kipris_patent_full/119990263757_page_002.json,2026-09-30T15:29:01.322Z,True
119990263757:002:020,1020250117478,SEL-071,마크애니,119990263757,2,02_raw_data/kipris_patent_full/119990263757_page_002.json,2026-09-30T15:29:01.322Z,True
120190790667:002:022,1020250118492,SEL-047,웨이브로드,120190790667,2,02_raw_data/kipris_patent_full/120190790667_page_002.json,2026-09-30T15:26:40.319Z,True
120220232542:001:003,1020250120716,SEL-041,젠젠에이아이,120220232542,1,02_raw_data/kipris_patent_full/120220232542_page_001.json,2026-09-30T15:07:26.116Z,True
120250581568:001:001,1020250122144,SEL-075,라이온로보틱스,120250581568,1,02_raw_data/kipris_patent_full/120250581568_page_001.json,2026-09-30T15:14:41.675Z,True
120190790667:001:068,1020250124032,SEL-047,웨이브로드,120190790667,1,02_raw_data/kipris_patent_full/120190790667_page_001.json,2026-09-30T15:26:35.321Z,True
120140451975:001:023,1020250124311,SEL-016,스탠다드시험연구소,120140451975,1,02_raw_data/kipris_patent_full/120140451975_page_001.json,2026-09-30T15:22:57.659Z,True
120190790667:002:013,1020250127862,SEL-047,웨이브로드,120190790667,2,02_raw_data/kipris_patent_full/120190790667_page_002.json,2026-09-30T15:26:40.319Z,True
120180221908:001:009,1020250129847,SEL-044,마키나락스,120180221908,1,02_raw_data/kipris_patent_full/120180221908_page_001.json,2026-09-30T15:26:05.300Z,True
120180221908:001:032,1020250129854,SEL-044,마키나락스,120180221908,1,02_raw_data/kipris_patent_full/120180221908_page_001.json,2026-09-30T15:26:05.300Z,True
120180221908:001:026,1020250129894,SEL-044,마키나락스,120180221908,1,02_raw_data/kipris_patent_full/120180221908_page_001.json,2026-09-30T15:26:05.300Z,True
120180221908:001:033,1020250130077,SEL-044,마키나락스,120180221908,1,02_raw_data/kipris_patent_full/120180221908_page_001.json,2026-09-30T15:26:05.300Z,True
119980992982:001:009,1020250132676,SEL-070,부전전자,119980992982,1,02_raw_data/kipris_patent_full/119980992982_page_001.json,2026-09-30T15:28:25.879Z,True
120170273402:001:004,1020250134617,SEL-007,웨이비스,120170273402,1,02_raw_data/kipris_patent_full/120170273402_page_001.json,2026-09-30T15:02:32.539Z,True
120170273402:001:008,1020250134644,SEL-007,웨이비스,120170273402,1,02_raw_data/kipris_patent_full/120170273402_page_001.json,2026-09-30T15:02:32.539Z,True
120160834252:002:035,1020250136051,SEL-009,에스오에스랩,120160834252,2,02_raw_data/kipris_patent_full/120160834252_page_002.json,2026-09-30T15:22:19.050Z,True
120060503193:001:005,1020250139230,SEL-083,유저스,120060503193,1,02_raw_data/kipris_patent_full/120060503193_page_001.json,2026-09-30T15:15:58.429Z,True
120060069154:001:001,1020250139411,SEL-012,영풍전자,120060069154,1,02_raw_data/kipris_patent_full/120060069154_page_001.json,2026-09-30T15:04:01.035Z,True
120040032146:001:001,1020250139814,SEL-035,심네트,120040032146,1,02_raw_data/kipris_patent_full/120040032146_page_001.json,2026-09-30T15:06:52.334Z,True
120080142918:001:055,1020250142422,SEL-023,인피닉,120080142918,1,02_raw_data/kipris_patent_full/120080142918_page_001.json,2026-09-30T15:23:39.053Z,True
120080142918:001:011,1020250142423,SEL-023,인피닉,120080142918,1,02_raw_data/kipris_patent_full/120080142918_page_001.json,2026-09-30T15:23:39.053Z,True
120080142918:001:056,1020250142425,SEL-023,인피닉,120080142918,1,02_raw_data/kipris_patent_full/120080142918_page_001.json,2026-09-30T15:23:39.053Z,True
120080142918:002:030,1020250142789,SEL-023,인피닉,120080142918,2,02_raw_data/kipris_patent_full/120080142918_page_002.json,2026-09-30T15:23:43.335Z,True
120160834252:001:001,1020250143187,SEL-009,에스오에스랩,120160834252,1,02_raw_data/kipris_patent_full/120160834252_page_001.json,2026-09-30T15:22:14.632Z,True
120080209284:001:002,1020250146832,SEL-081,모아컴코리아,120080209284,1,02_raw_data/kipris_patent_full/120080209284_page_001.json,2026-09-30T15:15:46.057Z,True
120160834252:002:033,1020250149727,SEL-009,에스오에스랩,120160834252,2,02_raw_data/kipris_patent_full/120160834252_page_002.json,2026-09-30T15:22:19.050Z,True
120190790667:001:047,1020250149765,SEL-047,웨이브로드,120190790667,1,02_raw_data/kipris_patent_full/120190790667_page_001.json,2026-09-30T15:26:35.321Z,True
120170273402:001:007,1020250151948,SEL-007,웨이비스,120170273402,1,02_raw_data/kipris_patent_full/120170273402_page_001.json,2026-09-30T15:02:32.539Z,True
120160834252:002:032,1020250155373,SEL-009,에스오에스랩,120160834252,2,02_raw_data/kipris_patent_full/120160834252_page_002.json,2026-09-30T15:22:19.050Z,True
120100149207:001:006,1020250158347,SEL-004,솔빛시스템,120100149207,1,02_raw_data/kipris_patent_full/120100149207_page_001.json,2026-09-30T15:02:07.704Z,True
120190790667:001:006,1020250163805,SEL-047,웨이브로드,120190790667,1,02_raw_data/kipris_patent_full/120190790667_page_001.json,2026-09-30T15:26:35.321Z,True
120190790667:001:009,1020250163813,SEL-047,웨이브로드,120190790667,1,02_raw_data/kipris_patent_full/120190790667_page_001.json,2026-09-30T15:26:35.321Z,True
120080142918:002:003,1020250164515,SEL-023,인피닉,120080142918,2,02_raw_data/kipris_patent_full/120080142918_page_002.json,2026-09-30T15:23:43.335Z,True
120190790667:001:008,1020250164537,SEL-047,웨이브로드,120190790667,1,02_raw_data/kipris_patent_full/120190790667_page_001.json,2026-09-30T15:26:35.321Z,True
120080142918:001:001,1020250166470,SEL-023,인피닉,120080142918,1,02_raw_data/kipris_patent_full/120080142918_page_001.json,2026-09-30T15:23:39.053Z,True
120080142918:001:005,1020250166473,SEL-023,인피닉,120080142918,1,02_raw_data/kipris_patent_full/120080142918_page_001.json,2026-09-30T15:23:39.053Z,True
120080142918:001:002,1020250166474,SEL-023,인피닉,120080142918,1,02_raw_data/kipris_patent_full/120080142918_page_001.json,2026-09-30T15:23:39.053Z,True
120080142918:001:003,1020250166475,SEL-023,인피닉,120080142918,1,02_raw_data/kipris_patent_full/120080142918_page_001.json,2026-09-30T15:23:39.053Z,True
120200973794:001:013,1020250166641,SEL-080,비이아이랩,120200973794,1,02_raw_data/kipris_patent_full/120200973794_page_001.json,2026-09-30T15:15:41.477Z,True
119990582540:001:026,1020250169588,SEL-021,코난테크놀로지,119990582540,1,02_raw_data/kipris_patent_full/119990582540_page_001.json,2026-09-30T15:23:09.237Z,True
120200328994:001:002,1020250173562,SEL-067,텔레픽스,120200328994,1,02_raw_data/kipris_patent_full/120200328994_page_001.json,2026-09-30T15:27:57.104Z,True
120200268736:001:001,1020250175050,SEL-069,데이터메이커,120200268736,1,02_raw_data/kipris_patent_full/120200268736_page_001.json,2026-09-30T15:11:21.311Z,True
120170273402:001:006,1020250179502,SEL-007,웨이비스,120170273402,1,02_raw_data/kipris_patent_full/120170273402_page_001.json,2026-09-30T15:02:32.539Z,True
120000218885:001:004,1020250180674,SEL-011,대한광통신,120000218885,1,02_raw_data/kipris_patent_full/120000218885_page_001.json,2026-09-30T15:22:28.790Z,True
120200973794:001:012,1020250187211,SEL-080,비이아이랩,120200973794,1,02_raw_data/kipris_patent_full/120200973794_page_001.json,2026-09-30T15:15:41.477Z,True
120190790667:001:018,1020250188012,SEL-047,웨이브로드,120190790667,1,02_raw_data/kipris_patent_full/120190790667_page_001.json,2026-09-30T15:26:35.321Z,True
120200268736:001:006,1020250189108,SEL-069,데이터메이커,120200268736,1,02_raw_data/kipris_patent_full/120200268736_page_001.json,2026-09-30T15:11:21.311Z,True
120160834252:002:028,1020250189430,SEL-009,에스오에스랩,120160834252,2,02_raw_data/kipris_patent_full/120160834252_page_002.json,2026-09-30T15:22:19.050Z,True
120150512756:001:008,1020250189785,SEL-030,니어스랩,120150512756,1,02_raw_data/kipris_patent_full/120150512756_page_001.json,2026-09-30T15:24:05.144Z,True
120150512756:001:004,1020250189789,SEL-030,니어스랩,120150512756,1,02_raw_data/kipris_patent_full/120150512756_page_001.json,2026-09-30T15:24:05.144Z,True
120010224632:001:007,1020250193664,SEL-037,두시텍,120010224632,1,02_raw_data/kipris_patent_full/120010224632_page_001.json,2026-09-30T15:07:01.235Z,True
120170493817:001:010,1020250197207,SEL-008,RFHIC,120170493817,1,02_raw_data/kipris_patent_full/120170493817_page_001.json,2026-09-30T15:22:03.697Z,True
120020464156:001:004,1020250201502,SEL-077,케이알엠,120020464156,1,02_raw_data/kipris_patent_full/120020464156_page_001.json,2026-09-30T15:14:53.005Z,True
120080142918:001:004,1020250203584,SEL-023,인피닉,120080142918,1,02_raw_data/kipris_patent_full/120080142918_page_001.json,2026-09-30T15:23:39.053Z,True
120190790667:001:014,1020250204554,SEL-047,웨이브로드,120190790667,1,02_raw_data/kipris_patent_full/120190790667_page_001.json,2026-09-30T15:26:35.321Z,True
120140451975:001:025,1020250209561,SEL-016,스탠다드시험연구소,120140451975,1,02_raw_data/kipris_patent_full/120140451975_page_001.json,2026-09-30T15:22:57.659Z,True
120020464156:001:002,1020250209627,SEL-077,케이알엠,120020464156,1,02_raw_data/kipris_patent_full/120020464156_page_001.json,2026-09-30T15:14:53.005Z,True
120160834252:002:026,1020257014402,SEL-009,에스오에스랩,120160834252,2,02_raw_data/kipris_patent_full/120160834252_page_002.json,2026-09-30T15:22:19.050Z,True
120180468784:002:001,1020257022915,SEL-074,딥엑스,120180468784,2,02_raw_data/kipris_patent_full/120180468784_page_002.json,2026-09-30T15:29:32.702Z,True
120180510935:001:008,1020260005898,SEL-031,파블로항공,120180510935,1,02_raw_data/kipris_patent_full/120180510935_page_001.json,2026-09-30T15:06:28.194Z,True
120080142918:001:008,1020260008175,SEL-023,인피닉,120080142918,1,02_raw_data/kipris_patent_full/120080142918_page_001.json,2026-09-30T15:23:39.053Z,True
120170008840:001:001,1020260010116,SEL-061,휴라,120170008840,1,02_raw_data/kipris_patent_full/120170008840_page_001.json,2026-09-30T15:10:34.689Z,True
120170273402:001:003,1020260017371,SEL-007,웨이비스,120170273402,1,02_raw_data/kipris_patent_full/120170273402_page_001.json,2026-09-30T15:02:32.539Z,True
120190790667:001:001,1020260020402,SEL-047,웨이브로드,120190790667,1,02_raw_data/kipris_patent_full/120190790667_page_001.json,2026-09-30T15:26:35.321Z,True
120190790667:001:055,1020260021564,SEL-047,웨이브로드,120190790667,1,02_raw_data/kipris_patent_full/120190790667_page_001.json,2026-09-30T15:26:35.321Z,True
120190790667:001:056,1020260021857,SEL-047,웨이브로드,120190790667,1,02_raw_data/kipris_patent_full/120190790667_page_001.json,2026-09-30T15:26:35.321Z,True
120120621794:001:001,1020260025532,SEL-022,다비오,120120621794,1,02_raw_data/kipris_patent_full/120120621794_page_001.json,2026-09-30T15:23:16.798Z,True
120160834252:001:010,1020260034120,SEL-009,에스오에스랩,120160834252,1,02_raw_data/kipris_patent_full/120160834252_page_001.json,2026-09-30T15:22:14.632Z,True
120010023639:001:002,1020260039738,SEL-010,코모텍,120010023639,1,02_raw_data/kipris_patent_full/120010023639_page_001.json,2026-09-30T15:02:54.107Z,True
120190790667:001:003,1020260045736,SEL-047,웨이브로드,120190790667,1,02_raw_data/kipris_patent_full/120190790667_page_001.json,2026-09-30T15:26:35.321Z,True
120130179229:001:004,1020260053624,SEL-053,아이티사이언스,120130179229,1,02_raw_data/kipris_patent_full/120130179229_page_001.json,2026-09-30T15:08:56.724Z,True
120150512756:001:040,1020260055011,SEL-030,니어스랩,120150512756,1,02_raw_data/kipris_patent_full/120150512756_page_001.json,2026-09-30T15:24:05.144Z,True
120000444501:001:002,1020260055231,SEL-064,극동통신,120000444501,1,02_raw_data/kipris_patent_full/120000444501_page_001.json,2026-09-30T15:10:47.532Z,True
120000444501:001:001,1020260055232,SEL-064,극동통신,120000444501,1,02_raw_data/kipris_patent_full/120000444501_page_001.json,2026-09-30T15:10:47.532Z,True
120000444501:001:003,1020260055233,SEL-064,극동통신,120000444501,1,02_raw_data/kipris_patent_full/120000444501_page_001.json,2026-09-30T15:10:47.532Z,True
120200973794:001:028,1020260066955,SEL-080,비이아이랩,120200973794,1,02_raw_data/kipris_patent_full/120200973794_page_001.json,2026-09-30T15:15:41.477Z,True
119990582540:001:002,1020260069567,SEL-021,코난테크놀로지,119990582540,1,02_raw_data/kipris_patent_full/119990582540_page_001.json,2026-09-30T15:23:09.237Z,True
120170273402:001:001,1020260077019,SEL-007,웨이비스,120170273402,1,02_raw_data/kipris_patent_full/120170273402_page_001.json,2026-09-30T15:02:32.539Z,True
120170273402:001:005,1020260082058,SEL-007,웨이비스,120170273402,1,02_raw_data/kipris_patent_full/120170273402_page_001.json,2026-09-30T15:02:32.539Z,True
120000444501:001:006,1020260087860,SEL-064,극동통신,120000444501,1,02_raw_data/kipris_patent_full/120000444501_page_001.json,2026-09-30T15:10:47.532Z,True
120180533683:001:010,1020260101476,SEL-042,모라이,120180533683,1,02_raw_data/kipris_patent_full/120180533683_page_001.json,2026-09-30T15:24:55.317Z,True
120170013191:001:002,1020260111962,SEL-028,링크플로우,120170013191,1,02_raw_data/kipris_patent_full/120170013191_page_001.json,2026-09-30T15:06:05.002Z,True
120080142918:001:006,1020260116203,SEL-023,인피닉,120080142918,1,02_raw_data/kipris_patent_full/120080142918_page_001.json,2026-09-30T15:23:39.053Z,True
120080142918:001:010,1020260116204,SEL-023,인피닉,120080142918,1,02_raw_data/kipris_patent_full/120080142918_page_001.json,2026-09-30T15:23:39.053Z,True
120080142918:001:007,1020260116205,SEL-023,인피닉,120080142918,1,02_raw_data/kipris_patent_full/120080142918_page_001.json,2026-09-30T15:23:39.053Z,True
120080142918:001:009,1020260118999,SEL-023,인피닉,120080142918,1,02_raw_data/kipris_patent_full/120080142918_page_001.json,2026-09-30T15:23:39.053Z,True
120160834252:001:020,1020260119597,SEL-009,에스오에스랩,120160834252,1,02_raw_data/kipris_patent_full/120160834252_page_001.json,2026-09-30T15:22:14.632Z,True
119990582540:001:005,1020260140597,SEL-021,코난테크놀로지,119990582540,1,02_raw_data/kipris_patent_full/119990582540_page_001.json,2026-09-30T15:23:09.237Z,True
120180468784:001:014,1020260155655,SEL-074,딥엑스,120180468784,1,02_raw_data/kipris_patent_full/120180468784_page_001.json,2026-09-30T15:29:28.979Z,True
120190790667:001:046,1020260157072,SEL-047,웨이브로드,120190790667,1,02_raw_data/kipris_patent_full/120190790667_page_001.json,2026-09-30T15:26:35.321Z,True
120100491643:001:002,1020260162501,SEL-049,포멀웍스,120100491643,1,02_raw_data/kipris_patent_full/120100491643_page_001.json,2026-09-30T15:08:23.879Z,True
120190790667:001:002,1020260167819,SEL-047,웨이브로드,120190790667,1,02_raw_data/kipris_patent_full/120190790667_page_001.json,2026-09-30T15:26:35.321Z,True
120200973794:001:001,1020260170768,SEL-080,비이아이랩,120200973794,1,02_raw_data/kipris_patent_full/120200973794_page_001.json,2026-09-30T15:15:41.477Z,True
120180468784:001:006,1020260172872,SEL-074,딥엑스,120180468784,1,02_raw_data/kipris_patent_full/120180468784_page_001.json,2026-09-30T15:29:28.979Z,True
120180468784:001:059,1020267011248,SEL-074,딥엑스,120180468784,1,02_raw_data/kipris_patent_full/120180468784_page_001.json,2026-09-30T15:29:28.979Z,True
120180184433:001:001,1020267011721,SEL-045,퓨리오사에이아이,120180184433,1,02_raw_data/kipris_patent_full/120180184433_page_001.json,2026-09-30T15:07:57.321Z,True
120000444501:001:012,2020000030174,SEL-064,극동통신,120000444501,1,02_raw_data/kipris_patent_full/120000444501_page_001.json,2026-09-30T15:10:47.532Z,True
120010011066:002:010,2020010011885,SEL-060,이오시스템,120010011066,2,02_raw_data/kipris_patent_full/120010011066_page_002.json,2026-09-30T15:27:40.539Z,True
120010011066:002:009,2020010011999,SEL-060,이오시스템,120010011066,2,02_raw_data/kipris_patent_full/120010011066_page_002.json,2026-09-30T15:27:40.539Z,True
119990263757:002:053,2020010017804,SEL-071,마크애니,119990263757,2,02_raw_data/kipris_patent_full/119990263757_page_002.json,2026-09-30T15:29:01.322Z,True
119980992982:002:026,2020010020485,SEL-070,부전전자,119980992982,2,02_raw_data/kipris_patent_full/119980992982_page_002.json,2026-09-30T15:28:30.243Z,True
119980992982:002:071,2020020002540,SEL-070,부전전자,119980992982,2,02_raw_data/kipris_patent_full/119980992982_page_002.json,2026-09-30T15:28:30.243Z,True
119980992982:002:070,2020020002541,SEL-070,부전전자,119980992982,2,02_raw_data/kipris_patent_full/119980992982_page_002.json,2026-09-30T15:28:30.243Z,True
119980992982:002:068,2020020006736,SEL-070,부전전자,119980992982,2,02_raw_data/kipris_patent_full/119980992982_page_002.json,2026-09-30T15:28:30.243Z,True
119980992982:002:023,2020020006737,SEL-070,부전전자,119980992982,2,02_raw_data/kipris_patent_full/119980992982_page_002.json,2026-09-30T15:28:30.243Z,True
119980992982:002:067,2020020014895,SEL-070,부전전자,119980992982,2,02_raw_data/kipris_patent_full/119980992982_page_002.json,2026-09-30T15:28:30.243Z,True
120000444501:001:034,2020020030557,SEL-064,극동통신,120000444501,1,02_raw_data/kipris_patent_full/120000444501_page_001.json,2026-09-30T15:10:47.532Z,True
119980992982:002:066,2020030017584,SEL-070,부전전자,119980992982,2,02_raw_data/kipris_patent_full/119980992982_page_002.json,2026-09-30T15:28:30.243Z,True
120020328376:001:030,2020030032551,SEL-002,단암시스템즈,120020328376,1,02_raw_data/kipris_patent_full/120020328376_page_001.json,2026-09-30T15:02:00.539Z,True
119980992982:002:065,2020030038382,SEL-070,부전전자,119980992982,2,02_raw_data/kipris_patent_full/119980992982_page_002.json,2026-09-30T15:28:30.243Z,True
119980992982:002:064,2020040000087,SEL-070,부전전자,119980992982,2,02_raw_data/kipris_patent_full/119980992982_page_002.json,2026-09-30T15:28:30.243Z,True
119980992982:002:063,2020040000088,SEL-070,부전전자,119980992982,2,02_raw_data/kipris_patent_full/119980992982_page_002.json,2026-09-30T15:28:30.243Z,True
119980992982:002:060,2020040019054,SEL-070,부전전자,119980992982,2,02_raw_data/kipris_patent_full/119980992982_page_002.json,2026-09-30T15:28:30.243Z,True
119980992982:002:028,2020040032940,SEL-070,부전전자,119980992982,2,02_raw_data/kipris_patent_full/119980992982_page_002.json,2026-09-30T15:28:30.243Z,True
120030032210:001:048,2020040033625,SEL-068,인텔리빅스,120030032210,1,02_raw_data/kipris_patent_full/120030032210_page_001.json,2026-09-30T15:28:06.481Z,True
120030032210:001:047,2020040033629,SEL-068,인텔리빅스,120030032210,1,02_raw_data/kipris_patent_full/120030032210_page_001.json,2026-09-30T15:28:06.481Z,True
119980992982:002:012,2020040034693,SEL-070,부전전자,119980992982,2,02_raw_data/kipris_patent_full/119980992982_page_002.json,2026-09-30T15:28:30.243Z,True
119980992982:002:057,2020040037045,SEL-070,부전전자,119980992982,2,02_raw_data/kipris_patent_full/119980992982_page_002.json,2026-09-30T15:28:30.243Z,True
119980992982:002:056,2020050005377,SEL-070,부전전자,119980992982,2,02_raw_data/kipris_patent_full/119980992982_page_002.json,2026-09-30T15:28:30.243Z,True
119980992982:002:011,2020050005897,SEL-070,부전전자,119980992982,2,02_raw_data/kipris_patent_full/119980992982_page_002.json,2026-09-30T15:28:30.243Z,True
119980992982:002:055,2020050006809,SEL-070,부전전자,119980992982,2,02_raw_data/kipris_patent_full/119980992982_page_002.json,2026-09-30T15:28:30.243Z,True
119980992982:001:034,2020050020647,SEL-070,부전전자,119980992982,1,02_raw_data/kipris_patent_full/119980992982_page_001.json,2026-09-30T15:28:25.879Z,True
120000407777:001:056,2020050025679,SEL-082,이루온,120000407777,1,02_raw_data/kipris_patent_full/120000407777_page_001.json,2026-09-30T15:30:04.874Z,True
120000444501:001:033,2020050029954,SEL-064,극동통신,120000444501,1,02_raw_data/kipris_patent_full/120000444501_page_001.json,2026-09-30T15:10:47.532Z,True
120000444501:001:032,2020050029955,SEL-064,극동통신,120000444501,1,02_raw_data/kipris_patent_full/120000444501_page_001.json,2026-09-30T15:10:47.532Z,True
120000444501:001:014,2020050029956,SEL-064,극동통신,120000444501,1,02_raw_data/kipris_patent_full/120000444501_page_001.json,2026-09-30T15:10:47.532Z,True
119980992982:002:017,2020050033231,SEL-070,부전전자,119980992982,2,02_raw_data/kipris_patent_full/119980992982_page_002.json,2026-09-30T15:28:30.243Z,True
119980992982:002:029,2020060005694,SEL-070,부전전자,119980992982,2,02_raw_data/kipris_patent_full/119980992982_page_002.json,2026-09-30T15:28:30.243Z,True
119980992982:002:020,2020060005695,SEL-070,부전전자,119980992982,2,02_raw_data/kipris_patent_full/119980992982_page_002.json,2026-09-30T15:28:30.243Z,True
119980992982:002:007,2020060009061,SEL-070,부전전자,119980992982,2,02_raw_data/kipris_patent_full/119980992982_page_002.json,2026-09-30T15:28:30.243Z,True
119980992982:002:018,2020060025175,SEL-070,부전전자,119980992982,2,02_raw_data/kipris_patent_full/119980992982_page_002.json,2026-09-30T15:28:30.243Z,True
119981108964:001:065,2020060031211,SEL-076,삼현,119981108964,1,02_raw_data/kipris_patent_full/119981108964_page_001.json,2026-09-30T15:14:46.351Z,True
120040367533:001:026,2020080009446,SEL-051,소나테크,120040367533,1,02_raw_data/kipris_patent_full/120040367533_page_001.json,2026-09-30T15:08:47.197Z,True
119980992982:002:044,2020090005856,SEL-070,부전전자,119980992982,2,02_raw_data/kipris_patent_full/119980992982_page_002.json,2026-09-30T15:28:30.243Z,True
119980992982:002:043,2020100001046,SEL-070,부전전자,119980992982,2,02_raw_data/kipris_patent_full/119980992982_page_002.json,2026-09-30T15:28:30.243Z,True
120040367533:001:022,2020100013531,SEL-051,소나테크,120040367533,1,02_raw_data/kipris_patent_full/120040367533_page_001.json,2026-09-30T15:08:47.197Z,True
120040367533:001:023,2020110004547,SEL-051,소나테크,120040367533,1,02_raw_data/kipris_patent_full/120040367533_page_001.json,2026-09-30T15:08:47.197Z,True
119980992982:002:041,2020110009767,SEL-070,부전전자,119980992982,2,02_raw_data/kipris_patent_full/119980992982_page_002.json,2026-09-30T15:28:30.243Z,True
120040367533:001:019,2020120000691,SEL-051,소나테크,120040367533,1,02_raw_data/kipris_patent_full/120040367533_page_001.json,2026-09-30T15:08:47.197Z,True
119980992982:002:038,2020120001120,SEL-070,부전전자,119980992982,2,02_raw_data/kipris_patent_full/119980992982_page_002.json,2026-09-30T15:28:30.243Z,True
119980992982:002:036,2020120006379,SEL-070,부전전자,119980992982,2,02_raw_data/kipris_patent_full/119980992982_page_002.json,2026-09-30T15:28:30.243Z,True
120060069154:001:014,2020130001038,SEL-012,영풍전자,120060069154,1,02_raw_data/kipris_patent_full/120060069154_page_001.json,2026-09-30T15:04:01.035Z,True
120030032210:001:059,2020130010571,SEL-068,인텔리빅스,120030032210,1,02_raw_data/kipris_patent_full/120030032210_page_001.json,2026-09-30T15:28:06.481Z,True
120040367533:001:017,2020140003140,SEL-051,소나테크,120040367533,1,02_raw_data/kipris_patent_full/120040367533_page_001.json,2026-09-30T15:08:47.197Z,True
120020464156:001:015,2020140004752,SEL-077,케이알엠,120020464156,1,02_raw_data/kipris_patent_full/120020464156_page_001.json,2026-09-30T15:14:53.005Z,True
120020464156:001:014,2020140004753,SEL-077,케이알엠,120020464156,1,02_raw_data/kipris_patent_full/120020464156_page_001.json,2026-09-30T15:14:53.005Z,True
120000218885:001:037,2020140006179,SEL-011,대한광통신,120000218885,1,02_raw_data/kipris_patent_full/120000218885_page_001.json,2026-09-30T15:22:28.790Z,True
119980992982:002:035,2020140006521,SEL-070,부전전자,119980992982,2,02_raw_data/kipris_patent_full/119980992982_page_002.json,2026-09-30T15:28:30.243Z,True
120000218885:001:043,2020180006088,SEL-011,대한광통신,120000218885,1,02_raw_data/kipris_patent_full/120000218885_page_001.json,2026-09-30T15:22:28.790Z,True
120000218885:001:039,2020190000211,SEL-011,대한광통신,120000218885,1,02_raw_data/kipris_patent_full/120000218885_page_001.json,2026-09-30T15:22:28.790Z,True
119980992982:001:039,2020190003937,SEL-070,부전전자,119980992982,1,02_raw_data/kipris_patent_full/119980992982_page_001.json,2026-09-30T15:28:25.879Z,True
119980992982:001:038,2020190005108,SEL-070,부전전자,119980992982,1,02_raw_data/kipris_patent_full/119980992982_page_001.json,2026-09-30T15:28:25.879Z,True
120170493817:001:046,2020200001520,SEL-008,RFHIC,120170493817,1,02_raw_data/kipris_patent_full/120170493817_page_001.json,2026-09-30T15:22:03.697Z,True
